2025-10-04 12:46:30,849 - __main__ - INFO - Fetching Spotify playlists...
2025-10-04 12:46:30,850 - backend.services.spotify_service - INFO - Fetching user playlists from Spotify...
2025-10-04 12:46:31,215 - backend.services.spotify_service - DEBUG - Received 0 playlists
2025-10-04 12:46:31,216 - __main__ - ERROR - No playlists found on Spotify.
2025-10-04 14:44:01,782 - __main__ - INFO - Fetching Spotify playlists...
2025-10-04 14:44:01,783 - backend.services.spotify_service - INFO - Fetching user playlists from Spotify...
2025-10-04 14:44:01,981 - backend.services.spotify_service - DEBUG - Received 1 playlists
2025-10-04 14:44:32,690 - __main__ - INFO - Selected Spotify playlist: My playlist#1
2025-10-04 14:44:32,691 - backend.services.spotify_service - INFO - Fetching tracks for playlist: 03IuEE9rddqtMIINiQs9Z1
2025-10-04 14:44:32,856 - backend.services.spotify_service - DEBUG - Fetched 1 tracks from playlist 03IuEE9rddqtMIINiQs9Z1
2025-10-04 14:44:32,856 - __main__ - INFO - Fetched 1 tracks from Spotify
2025-10-04 14:45:10,876 - __main__ - INFO - Fetching Spotify playlists...
2025-10-04 14:45:10,877 - backend.services.spotify_service - INFO - Fetching user playlists from Spotify...
2025-10-04 14:45:11,113 - backend.services.spotify_service - DEBUG - Received 1 playlists
2025-10-04 14:45:15,240 - __main__ - INFO - Selected Spotify playlist: My playlist#1
2025-10-04 14:45:15,241 - backend.services.spotify_service - INFO - Fetching tracks for playlist: 03IuEE9rddqtMIINiQs9Z1
2025-10-04 14:45:15,481 - backend.services.spotify_service - DEBUG - Fetched 1 tracks from playlist 03IuEE9rddqtMIINiQs9Z1
2025-10-04 14:45:15,482 - __main__ - INFO - Fetched 1 tracks from Spotify
2025-10-04 14:52:29,891 - __main__ - INFO - Fetching Spotify playlists...
2025-10-04 14:52:29,892 - backend.services.spotify_service - INFO - Fetching user playlists from Spotify...
2025-10-04 14:52:30,137 - backend.services.spotify_service - DEBUG - Received 1 playlists
2025-10-04 14:52:33,283 - __main__ - INFO - Selected Spotify playlist: My playlist#1
2025-10-04 14:52:33,284 - backend.services.spotify_service - INFO - Fetching tracks for playlist: 03IuEE9rddqtMIINiQs9Z1
2025-10-04 14:52:33,499 - backend.services.spotify_service - DEBUG - Fetched 1 tracks from playlist 03IuEE9rddqtMIINiQs9Z1
2025-10-04 14:52:33,500 - __main__ - INFO - Fetched 1 tracks from Spotify
2025-10-04 14:56:14,434 - __main__ - INFO - Fetching Spotify playlists...
2025-10-04 14:56:14,436 - backend.services.spotify_service - INFO - Fetching user playlists from Spotify...
2025-10-04 14:56:14,855 - backend.services.spotify_service - DEBUG - Received 1 playlists
2025-10-04 14:56:16,868 - __main__ - INFO - Selected Spotify playlist: My playlist#1
2025-10-04 14:56:16,869 - backend.services.spotify_service - INFO - Fetching tracks for playlist: 03IuEE9rddqtMIINiQs9Z1
2025-10-04 14:56:17,127 - backend.services.spotify_service - DEBUG - Fetched 1 tracks from playlist 03IuEE9rddqtMIINiQs9Z1
2025-10-04 14:56:17,128 - __main__ - INFO - Fetched 1 tracks from Spotify
2025-10-04 14:59:00,361 - __main__ - INFO - Fetching Spotify playlists...
2025-10-04 14:59:00,367 - backend.services.spotify_service - INFO - Fetching user playlists from Spotify...
2025-10-04 14:59:00,547 - backend.services.spotify_service - DEBUG - Received 1 playlists
2025-10-04 14:59:03,340 - __main__ - INFO - Selected Spotify playlist: My playlist#1
2025-10-04 14:59:03,341 - backend.services.spotify_service - INFO - Fetching tracks for playlist: 03IuEE9rddqtMIINiQs9Z1
2025-10-04 14:59:03,583 - backend.services.spotify_service - DEBUG - Fetched 1 tracks from playlist 03IuEE9rddqtMIINiQs9Z1
2025-10-04 14:59:03,584 - __main__ - INFO - Fetched 1 tracks from Spotify
2025-10-04 15:05:06,291 - __main__ - INFO - Fetching Spotify playlists...
2025-10-04 15:05:06,292 - backend.services.spotify_service - INFO - Fetching user playlists from Spotify...
2025-10-04 15:05:06,570 - backend.services.spotify_service - DEBUG - Received 1 playlists
2025-10-04 15:05:08,058 - __main__ - INFO - Selected Spotify playlist: My playlist#1
2025-10-04 15:05:08,059 - backend.services.spotify_service - INFO - Fetching tracks for playlist: 03IuEE9rddqtMIINiQs9Z1
2025-10-04 15:05:08,291 - backend.services.spotify_service - DEBUG - Fetched 1 tracks from playlist 03IuEE9rddqtMIINiQs9Z1
2025-10-04 15:05:08,292 - __main__ - INFO - Fetched 1 tracks from Spotify
2025-10-04 15:08:16,933 - __main__ - INFO - Fetching Spotify playlists...
2025-10-04 15:08:16,935 - backend.services.spotify_service - INFO - Fetching user playlists from Spotify...
2025-10-04 15:08:17,323 - backend.services.spotify_service - DEBUG - Received 1 playlists
2025-10-04 15:08:19,102 - __main__ - INFO - Selected Spotify playlist: My playlist#1
2025-10-04 15:08:19,102 - backend.services.spotify_service - INFO - Fetching tracks for playlist: 03IuEE9rddqtMIINiQs9Z1
2025-10-04 15:08:19,463 - backend.services.spotify_service - DEBUG - Fetched 1 tracks from playlist 03IuEE9rddqtMIINiQs9Z1
2025-10-04 15:08:19,464 - __main__ - INFO - Fetched 1 tracks from Spotify
2025-10-04 15:08:41,907 - __main__ - INFO - Fetching Spotify playlists...
2025-10-04 15:08:41,907 - backend.services.spotify_service - INFO - Fetching user playlists from Spotify...
2025-10-04 15:08:42,181 - backend.services.spotify_service - DEBUG - Received 1 playlists
2025-10-04 15:08:44,425 - __main__ - INFO - Selected Spotify playlist: My playlist#1
2025-10-04 15:08:44,425 - backend.services.spotify_service - INFO - Fetching tracks for playlist: 03IuEE9rddqtMIINiQs9Z1
2025-10-04 15:08:44,658 - backend.services.spotify_service - DEBUG - Fetched 1 tracks from playlist 03IuEE9rddqtMIINiQs9Z1
2025-10-04 15:08:44,659 - __main__ - INFO - Fetched 1 tracks from Spotify
2025-10-04 15:11:09,045 - __main__ - INFO - Fetching Spotify playlists...
2025-10-04 15:11:09,046 - backend.services.spotify_service - INFO - Fetching user playlists from Spotify...
2025-10-04 15:11:09,225 - backend.services.spotify_service - DEBUG - Received 1 playlists
2025-10-04 15:11:10,602 - __main__ - INFO - Selected Spotify playlist: My playlist#1
2025-10-04 15:11:10,603 - backend.services.spotify_service - INFO - Fetching tracks for playlist: 03IuEE9rddqtMIINiQs9Z1
2025-10-04 15:11:10,755 - backend.services.spotify_service - DEBUG - Fetched 1 tracks from playlist 03IuEE9rddqtMIINiQs9Z1
2025-10-04 15:11:10,756 - __main__ - INFO - Fetched 1 tracks from Spotify
2025-10-04 15:13:02,983 - __main__ - INFO - Fetching Spotify playlists...
2025-10-04 15:13:02,985 - backend.services.spotify_service - INFO - Fetching user playlists from Spotify...
2025-10-04 15:13:03,209 - backend.services.spotify_service - DEBUG - Received 1 playlists
2025-10-04 15:13:04,632 - __main__ - INFO - Selected Spotify playlist: My playlist#1
2025-10-04 15:13:04,633 - backend.services.spotify_service - INFO - Fetching tracks for playlist: 03IuEE9rddqtMIINiQs9Z1
2025-10-04 15:13:04,977 - backend.services.spotify_service - DEBUG - Fetched 1 tracks from playlist 03IuEE9rddqtMIINiQs9Z1
2025-10-04 15:13:04,978 - __main__ - INFO - Fetched 1 tracks from Spotify
2025-10-04 15:28:47,227 - __main__ - INFO - Fetching Spotify playlists...
2025-10-04 15:28:47,227 - backend.services.spotify_service - INFO - Fetching user playlists from Spotify...
2025-10-04 15:28:47,428 - backend.services.spotify_service - DEBUG - Received 1 playlists
2025-10-04 15:28:48,705 - __main__ - INFO - Selected Spotify playlist: My playlist#1
2025-10-04 15:28:48,705 - backend.services.spotify_service - INFO - Fetching tracks for playlist: 03IuEE9rddqtMIINiQs9Z1
2025-10-04 15:28:48,848 - backend.services.spotify_service - DEBUG - Fetched 1 tracks from playlist 03IuEE9rddqtMIINiQs9Z1
2025-10-04 15:28:48,848 - __main__ - INFO - Fetched 1 tracks from Spotify
2025-10-04 15:29:11,897 - backend.services.youtube_service - INFO - Creating new YouTube playlist: Converted - My playlist#1
2025-10-04 15:29:12,648 - backend.services.youtube_service - ERROR - Failed to create playlist: <HttpError 403 when requesting https://youtube.googleapis.com/youtube/v3/playlists?part=snippet%2Cstatus&alt=json returned "YouTube Data API v3 has not been used in project 275708648581 before or it is disabled. Enable it by visiting https://console.developers.google.com/apis/api/youtube.googleapis.com/overview?project=275708648581 then retry. If you enabled this API recently, wait a few minutes for the action to propagate to our systems and retry.". Details: "[{'message': 'YouTube Data API v3 has not been used in project 275708648581 before or it is disabled. Enable it by visiting https://console.developers.google.com/apis/api/youtube.googleapis.com/overview?project=275708648581 then retry. If you enabled this API recently, wait a few minutes for the action to propagate to our systems and retry.', 'domain': 'usageLimits', 'reason': 'accessNotConfigured', 'extendedHelp': 'https://console.developers.google.com'}]">
2025-10-04 15:29:12,649 - __main__ - ERROR - Could not create YouTube playlist.
2025-10-04 15:31:25,087 - __main__ - INFO - Fetching Spotify playlists...
2025-10-04 15:31:25,088 - backend.services.spotify_service - INFO - Fetching user playlists from Spotify...
2025-10-04 15:31:25,341 - backend.services.spotify_service - DEBUG - Received 1 playlists
2025-10-04 15:31:27,826 - __main__ - INFO - Selected Spotify playlist: My playlist#1
2025-10-04 15:31:27,826 - backend.services.spotify_service - INFO - Fetching tracks for playlist: 03IuEE9rddqtMIINiQs9Z1
2025-10-04 15:31:28,016 - backend.services.spotify_service - DEBUG - Fetched 1 tracks from playlist 03IuEE9rddqtMIINiQs9Z1
2025-10-04 15:31:28,017 - __main__ - INFO - Fetched 1 tracks from Spotify
2025-10-04 15:31:28,028 - backend.services.youtube_service - INFO - Creating new YouTube playlist: Converted - My playlist#1
2025-10-04 15:31:29,012 - backend.services.youtube_service - DEBUG - Created playlist ID: PLdydBfVeaGAaQxEqoug6Ipur51IXz76Lj
2025-10-04 15:31:29,012 - backend.services.youtube_service - INFO - Searching YouTube for: Happy - From "Despicable Me 2" Pharrell Williams
2025-10-04 15:31:29,461 - backend.services.youtube_service - DEBUG - Found video ID: C7dPqrmDWxs
2025-10-04 15:31:29,462 - backend.services.youtube_service - INFO - Adding video C7dPqrmDWxs to playlist PLdydBfVeaGAaQxEqoug6Ipur51IXz76Lj
2025-10-04 15:31:29,872 - backend.services.youtube_service - DEBUG - Added video: {'kind': 'youtube#playlistItem', 'etag': 'q-G4Trh2G_271_Eg7FQPaeqKO8E', 'id': 'UExkeWRCZlZlYUdBYVF4RXFvdWc2SXB1cjUxSVh6NzZMai41NkI0NEY2RDEwNTU3Q0M2', 'snippet': {'publishedAt': '2025-10-04T19:31:29Z', 'channelId': 'UC4y2DnxkoJWE7ZQ05MHd8Tw', 'title': 'Pharrell Williams - Happy (from Despicable Me 2) [Ballroom Version]', 'description': '“Happy” single available now: http://smarturl.it/happypharrell\n\nPharrell Williams  Dear  G  I  R  L  Tour Dates\n\nSeptember 9: Phones4U Arena, Manchester\nSeptember 12: Copenhagen Forum, Denmark\nSeptember 13: tockholm Globe, Sweden\nSeptember 14: Oslo Spectrum, Norway\nSeptember 16: Berlin Max Schmeling Halle, Germany\nSeptember 17: Prague O2, Czech Republic\nSeptember 18: Vienna Marx Halle, Austria\nSeptember 20: Milan Forum, Italy\nSeptember 21: Zurich Hallenstadion, Switzerland\nSeptember 23: Amsterdam Ziggo Dome, The Netherlands\nSeptember 24: Antwerp Sportpaleis, Belgium\nSeptember 26: Frankfurt Festhalle, Germany\nSeptember 27: Dusseldorf ISS Dome, Germany\nSeptember 28: Stuttgart Schleyerhalle, Germany\nOctober 1: Barcelona Palau St Jordi, Spain\nOctober 3: Lisbon Meo Arena, Portugal\nOctober 4: Madrid Palacio de Deportes Communidad, Spain\nOctober 6: Toulouse Zenith, France\nOctober 7: Nantes Zenith, France\nOctober 9: The O2, London\n\nMusic video by Pharrell Williams performing Happy (from Despicable Me 2). (C) 2013 Columbia Records, a Division of Sony Music Entertainment', 'thumbnails': {'default': {'url': 'https://i.ytimg.com/vi/C7dPqrmDWxs/default.jpg', 'width': 120, 'height': 90}, 'medium': {'url': 'https://i.ytimg.com/vi/C7dPqrmDWxs/mqdefault.jpg', 'width': 320, 'height': 180}, 'high': {'url': 'https://i.ytimg.com/vi/C7dPqrmDWxs/hqdefault.jpg', 'width': 480, 'height': 360}, 'standard': {'url': 'https://i.ytimg.com/vi/C7dPqrmDWxs/sddefault.jpg', 'width': 640, 'height': 480}, 'maxres': {'url': 'https://i.ytimg.com/vi/C7dPqrmDWxs/maxresdefault.jpg', 'width': 1280, 'height': 720}}, 'channelTitle': 'Louis Cao', 'playlistId': 'PLdydBfVeaGAaQxEqoug6Ipur51IXz76Lj', 'position': 0, 'resourceId': {'kind': 'youtube#video', 'videoId': 'C7dPqrmDWxs'}, 'videoOwnerChannelTitle': 'PharrellWilliamsVEVO', 'videoOwnerChannelId': 'UCtQMmwBJGvINGU0lZ_GrZKQ'}}
2025-10-04 15:31:29,873 - __main__ - INFO - Added Happy - From "Despicable Me 2" by Pharrell Williams
2025-10-04 15:31:29,874 - __main__ - INFO - ✅ Playlist transfer complete!
2025-10-06 16:35:16,566 - __main__ - INFO - Fetching Spotify playlists...
2025-10-06 16:35:16,567 - backend.services.spotify_service - INFO - Fetching user playlists from Spotify...
2025-10-06 16:35:16,959 - backend.services.spotify_service - DEBUG - Received 1 playlists
2026-05-11 16:11:58,111 - backend.services.spotify_service - INFO - Fetching user playlists from Spotify...
2026-05-11 16:11:58,388 - backend.services.spotify_service - DEBUG - Received 4 playlists
2026-05-11 16:12:39,781 - backend.services.spotify_service - INFO - Fetching user playlists from Spotify...
2026-05-11 16:12:40,060 - backend.services.spotify_service - DEBUG - Received 4 playlists
2026-05-11 16:24:54,866 - backend.services.spotify_service - INFO - Fetching user playlists from Spotify...
2026-05-11 16:24:55,573 - backend.services.spotify_service - DEBUG - Received 4 playlists
2026-05-11 16:25:09,027 - backend.services.spotify_service - INFO - Fetching user playlists from Spotify...
2026-05-11 16:25:09,343 - backend.services.spotify_service - DEBUG - Received 4 playlists
2026-05-11 16:27:01,536 - backend.services.spotify_service - INFO - Fetching user playlists from Spotify...
2026-05-11 16:27:01,841 - backend.services.spotify_service - DEBUG - Received 4 playlists
2026-05-11 16:30:53,979 - backend.services.spotify_service - INFO - Fetching user playlists from Spotify...
2026-05-11 16:30:54,200 - backend.services.spotify_service - DEBUG - Received 4 playlists
2026-05-11 16:30:59,389 - backend.services.youtube_service - INFO - Listing user's YouTube playlists...
2026-05-11 16:30:59,568 - backend.services.youtube_service - DEBUG - Listed 13 playlists
2026-05-11 16:33:48,213 - backend.services.spotify_service - INFO - Fetching user playlists from Spotify...
2026-05-11 16:33:48,559 - backend.services.spotify_service - DEBUG - Received 4 playlists
2026-05-11 16:33:48,575 - backend.services.youtube_service - INFO - Listing user's YouTube playlists...
2026-05-11 16:33:49,012 - backend.services.youtube_service - DEBUG - Listed 14 playlists (incl. system lists)
2026-05-11 16:33:50,823 - backend.services.youtube_service - INFO - Fetching YouTube playlist items: LL
2026-05-11 16:33:53,092 - backend.services.youtube_service - DEBUG - Fetched 421 items from YouTube playlist
2026-05-11 16:33:54,486 - backend.services.youtube_service - INFO - Fetching YouTube playlist items: LL
2026-05-11 16:33:56,549 - backend.services.youtube_service - DEBUG - Fetched 421 items from YouTube playlist
2026-05-11 16:33:58,789 - backend.services.youtube_service - INFO - Fetching YouTube playlist items: LL
2026-05-11 16:34:00,443 - backend.services.youtube_service - DEBUG - Fetched 421 items from YouTube playlist
2026-05-11 16:36:26,550 - backend.services.spotify_service - INFO - Fetching user playlists from Spotify...
2026-05-11 16:36:26,788 - backend.services.spotify_service - DEBUG - Received 4 playlists
2026-05-11 16:36:26,825 - backend.services.youtube_service - INFO - Listing user's YouTube playlists...
2026-05-11 16:36:27,228 - backend.services.youtube_service - DEBUG - Listed 14 playlists (incl. system lists)
2026-05-11 16:36:28,720 - backend.services.youtube_service - INFO - Fetching YouTube playlist items: LL
2026-05-11 16:36:31,153 - backend.services.youtube_service - DEBUG - Fetched 421 items from YouTube playlist
2026-05-11 16:36:31,163 - __main__ - ERROR - import-tracks failed
Traceback (most recent call last):
  File "/Users/louiscao/Desktop/PROJECT LIST/playlist_converter/backend/main.py", line 119, in import_tracks_to_spotify
    playlist_id = spotify.create_playlist(title=title, description=description)
                  ^^^^^^^^^^^^^^^^^^^^^^^^^^^^^^^^^^^^^^^^^^^^^^^^^^^^^^^^^^^^^
TypeError: SpotifyService.create_playlist() got an unexpected keyword argument 'title'
2026-05-11 16:37:49,684 - backend.services.spotify_service - INFO - Fetching user playlists from Spotify...
2026-05-11 16:37:49,920 - backend.services.spotify_service - DEBUG - Received 4 playlists
2026-05-11 16:37:49,941 - backend.services.youtube_service - INFO - Listing user's YouTube playlists...
2026-05-11 16:37:50,334 - backend.services.youtube_service - DEBUG - Listed 14 playlists (incl. system lists)
2026-05-11 16:37:52,207 - backend.services.youtube_service - INFO - Fetching YouTube playlist items: LL
2026-05-11 16:37:53,831 - backend.services.youtube_service - DEBUG - Fetched 421 items from YouTube playlist
2026-05-11 16:37:54,076 - backend.services.spotify_service - INFO - Creating Spotify playlist: Converted - Liked videos
2026-05-11 16:37:54,318 - backend.services.spotify_service - DEBUG - Created Spotify playlist id: 1wbcEIUHGOxyLdclYZoDrw
2026-05-11 16:39:38,898 - backend.services.youtube_service - INFO - Fetching YouTube playlist items: PLdydBfVeaGAa9tSJ7wgYjeHG4nH7R4IRr
2026-05-11 16:39:39,071 - backend.services.youtube_service - DEBUG - Fetched 3 items from YouTube playlist
2026-05-11 16:39:41,550 - backend.services.youtube_service - INFO - Fetching YouTube playlist items: LL
2026-05-11 16:39:43,890 - backend.services.youtube_service - DEBUG - Fetched 421 items from YouTube playlist
2026-05-11 16:39:45,097 - backend.services.youtube_service - INFO - Fetching YouTube playlist items: PLdydBfVeaGAa9tSJ7wgYjeHG4nH7R4IRr
2026-05-11 16:39:45,319 - backend.services.youtube_service - DEBUG - Fetched 3 items from YouTube playlist
2026-05-11 16:41:16,906 - backend.services.spotify_service - INFO - Fetching user playlists from Spotify...
2026-05-11 16:41:17,639 - backend.services.spotify_service - DEBUG - Received 5 playlists
2026-05-11 16:41:19,500 - backend.services.youtube_service - INFO - Listing user's YouTube playlists...
2026-05-11 16:41:19,954 - backend.services.youtube_service - DEBUG - Listed 14 playlists (incl. system lists)
2026-05-11 16:41:22,985 - backend.services.youtube_service - INFO - Fetching YouTube playlist items: PLdydBfVeaGAa9tSJ7wgYjeHG4nH7R4IRr
2026-05-11 16:41:23,204 - backend.services.youtube_service - DEBUG - Fetched 3 items from YouTube playlist
2026-05-11 16:41:23,506 - backend.services.spotify_service - INFO - Creating Spotify playlist: Converted - 春晚
2026-05-11 16:41:23,787 - backend.services.spotify_service - DEBUG - Created Spotify playlist id: 75WMMFst9eQo5RidbsJHo9
2026-05-11 16:41:23,788 - __main__ - INFO - Spotify import: searching for up to 3 tracks (playlist 75WMMFst9eQo5RidbsJHo9)…
2026-05-11 16:41:23,788 - __main__ - INFO - Spotify import progress: 1 / 3 searches (uris so far: 0)
2026-05-11 16:41:24,974 - __main__ - INFO - Spotify import progress: 3 / 3 searches (uris so far: 2)
2026-05-11 16:41:25,690 - __main__ - INFO - Spotify import: adding 3 unique tracks to playlist 75WMMFst9eQo5RidbsJHo9…
2026-05-11 16:41:26,180 - __main__ - INFO - Spotify import: finished (added count=3)
2026-05-11 16:42:23,118 - backend.services.youtube_service - INFO - Fetching YouTube playlist items: LL
2026-05-11 16:42:25,373 - backend.services.youtube_service - DEBUG - Fetched 421 items from YouTube playlist
2026-05-11 16:42:25,528 - backend.services.spotify_service - INFO - Creating Spotify playlist: Converted - Liked videos
2026-05-11 16:42:25,783 - backend.services.spotify_service - DEBUG - Created Spotify playlist id: 4ajXpiPt1LVrNLVCcnOoSy
2026-05-11 16:42:25,784 - __main__ - INFO - Spotify import: searching for up to 421 tracks (playlist 4ajXpiPt1LVrNLVCcnOoSy)…
2026-05-11 16:42:25,784 - __main__ - INFO - Spotify import progress: 1 / 421 searches (uris so far: 0)
2026-05-11 16:42:42,234 - __main__ - INFO - Spotify import progress: 25 / 421 searches (uris so far: 23)
2026-05-11 16:42:57,984 - __main__ - INFO - Spotify import progress: 50 / 421 searches (uris so far: 48)
2026-05-11 16:43:14,246 - __main__ - INFO - Spotify import progress: 75 / 421 searches (uris so far: 72)
2026-05-11 16:43:30,021 - __main__ - INFO - Spotify import progress: 100 / 421 searches (uris so far: 97)
2026-05-11 16:43:46,865 - __main__ - INFO - Spotify import progress: 125 / 421 searches (uris so far: 122)
2026-05-11 16:44:05,252 - __main__ - INFO - Spotify import progress: 150 / 421 searches (uris so far: 146)
2026-05-11 16:44:21,973 - __main__ - INFO - Spotify import progress: 175 / 421 searches (uris so far: 170)
2026-05-11 16:44:39,179 - __main__ - INFO - Spotify import progress: 200 / 421 searches (uris so far: 194)
2026-05-11 16:44:55,526 - __main__ - INFO - Spotify import progress: 225 / 421 searches (uris so far: 218)
2026-05-11 16:45:10,795 - __main__ - INFO - Spotify import progress: 250 / 421 searches (uris so far: 242)
2026-05-11 16:45:27,481 - __main__ - INFO - Spotify import progress: 275 / 421 searches (uris so far: 263)
2026-05-11 16:45:42,192 - __main__ - INFO - Spotify import progress: 300 / 421 searches (uris so far: 286)
2026-05-11 16:45:58,473 - __main__ - INFO - Spotify import progress: 325 / 421 searches (uris so far: 310)
2026-05-11 16:46:15,077 - __main__ - INFO - Spotify import progress: 350 / 421 searches (uris so far: 332)
2026-05-11 16:46:33,460 - __main__ - INFO - Spotify import progress: 375 / 421 searches (uris so far: 356)
2026-05-11 16:46:49,479 - __main__ - INFO - Spotify import progress: 400 / 421 searches (uris so far: 379)
2026-05-11 16:47:02,277 - __main__ - INFO - Spotify import progress: 421 / 421 searches (uris so far: 393)
2026-05-11 16:47:02,844 - __main__ - INFO - Spotify import: adding 350 unique tracks to playlist 4ajXpiPt1LVrNLVCcnOoSy…
2026-05-11 16:47:04,031 - __main__ - INFO - Spotify import: finished (added count=350)
2026-05-11 22:24:32,342 - backend.services.spotify_service - INFO - Fetching user playlists from Spotify...
2026-05-11 22:24:32,530 - backend.services.spotify_service - DEBUG - Received 3 playlists
2026-05-11 22:26:53,738 - backend.services.spotify_service - INFO - Fetching user playlists from Spotify...
2026-05-11 22:26:53,942 - backend.services.spotify_service - DEBUG - Received 3 playlists
2026-05-11 22:26:54,044 - __main__ - WARNING - Spotify callback failed: Spotify token exchange failed: Invalid authorization code. Check SPOTIFY_REDIRECT_URI matches the URL you use in the browser (e.g. http://localhost:3000/) and the Spotify app settings exactly.
2026-05-11 22:28:09,824 - backend.services.spotify_service - INFO - Fetching user playlists from Spotify...
2026-05-11 22:28:09,839 - __main__ - WARNING - Spotify callback failed: Spotify token exchange failed: Invalid authorization code. Check SPOTIFY_REDIRECT_URI matches the URL you use in the browser (e.g. http://localhost:3000/) and the Spotify app settings exactly.
2026-05-11 22:28:10,109 - backend.services.spotify_service - DEBUG - Received 3 playlists
2026-05-11 22:34:36,244 - backend.services.spotify_service - INFO - Fetching user playlists from Spotify...
2026-05-11 22:34:36,247 - __main__ - WARNING - Spotify callback failed: Spotify token exchange failed: Invalid authorization code. Check SPOTIFY_REDIRECT_URI matches the URL you use in the browser (e.g. http://localhost:3000/) and the Spotify app settings exactly.
2026-05-11 22:34:36,838 - backend.services.spotify_service - DEBUG - Received 3 playlists
2026-05-11 22:38:04,915 - backend.services.spotify_service - INFO - Fetching user playlists from Spotify...
2026-05-11 22:38:04,959 - __main__ - WARNING - Spotify callback failed: Spotify token exchange failed: Invalid authorization code. Check SPOTIFY_REDIRECT_URI matches the URL you use in the browser (e.g. http://localhost:3000/) and the Spotify app settings exactly.
2026-05-11 22:38:05,587 - backend.services.spotify_service - DEBUG - Received 3 playlists
2026-05-11 22:38:22,434 - backend.services.spotify_service - INFO - Fetching user playlists from Spotify...
2026-05-11 22:38:22,467 - __main__ - WARNING - Spotify callback failed: Spotify token exchange failed: Invalid authorization code. Check SPOTIFY_REDIRECT_URI matches the URL you use in the browser (e.g. http://localhost:3000/) and the Spotify app settings exactly.
2026-05-11 22:38:22,727 - backend.services.spotify_service - DEBUG - Received 3 playlists
2026-05-11 22:38:22,767 - backend.services.ytmusic_service - INFO - ytmusicapi using oauth file /Users/louiscao/Desktop/PROJECT LIST/playlist_converter/backend/oauth.json
2026-05-11 22:38:23,401 - backend.services.ytmusic_service - WARNING - Could not fetch Liked songs (LM) metadata: Server returned HTTP 400: Bad Request.
Request contains an invalid argument.
2026-05-11 22:38:23,456 - __main__ - ERROR - ytmusic playlists failed
Traceback (most recent call last):
  File "/Users/louiscao/Desktop/PROJECT LIST/playlist_converter/backend/main.py", line 127, in ytmusic_playlists
    playlists = svc.list_playlists()
                ^^^^^^^^^^^^^^^^^^^^
  File "/Users/louiscao/Desktop/PROJECT LIST/playlist_converter/backend/services/ytmusic_service.py", line 81, in list_playlists
    lib = ytm.get_library_playlists(limit=None)
          ^^^^^^^^^^^^^^^^^^^^^^^^^^^^^^^^^^^^^
  File "/Users/louiscao/.pyenv/versions/3.11.9/lib/python3.11/site-packages/ytmusicapi/mixins/library.py", line 39, in get_library_playlists
    response = self._send_request(endpoint, body)
               ^^^^^^^^^^^^^^^^^^^^^^^^^^^^^^^^^^
  File "/Users/louiscao/.pyenv/versions/3.11.9/lib/python3.11/site-packages/ytmusicapi/ytmusic.py", line 243, in _send_request
    raise YTMusicServerError(message + error)
ytmusicapi.exceptions.YTMusicServerError: Server returned HTTP 400: Bad Request.
Request contains an invalid argument.
2026-05-11 22:42:23,346 - __main__ - WARNING - Spotify callback failed: Spotify token exchange failed: Invalid authorization code. Check SPOTIFY_REDIRECT_URI matches the URL you use in the browser (e.g. http://localhost:3000/) and the Spotify app settings exactly.
2026-05-11 22:42:23,348 - backend.services.spotify_service - INFO - Fetching user playlists from Spotify...
2026-05-11 22:42:23,620 - backend.services.spotify_service - DEBUG - Received 3 playlists
2026-05-11 22:42:23,641 - backend.services.ytmusic_service - INFO - ytmusicapi using oauth file /Users/louiscao/Desktop/PROJECT LIST/playlist_converter/backend/oauth.json
2026-05-11 22:42:24,422 - backend.services.ytmusic_service - WARNING - get_library_playlists failed (Server returned HTTP 400: Bad Request.
Request contains an invalid argument.); retrying as ANDROID_MUSIC client
2026-05-11 22:42:24,503 - __main__ - WARNING - ytmusic playlists (API): Server returned HTTP 400: Bad Request.
Request contains an invalid argument.
2026-05-11 22:42:33,222 - backend.services.spotify_service - INFO - Fetching user playlists from Spotify...
2026-05-11 22:42:33,408 - backend.services.spotify_service - DEBUG - Received 3 playlists
2026-05-11 22:42:33,419 - backend.services.ytmusic_service - INFO - ytmusicapi using oauth file /Users/louiscao/Desktop/PROJECT LIST/playlist_converter/backend/oauth.json
2026-05-11 22:42:33,493 - __main__ - WARNING - Spotify callback failed: Spotify token exchange failed: Invalid authorization code. Check SPOTIFY_REDIRECT_URI matches the URL you use in the browser (e.g. http://localhost:3000/) and the Spotify app settings exactly.
2026-05-11 22:42:34,413 - backend.services.ytmusic_service - WARNING - get_library_playlists failed (Server returned HTTP 400: Bad Request.
Request contains an invalid argument.); retrying as ANDROID_MUSIC client
2026-05-11 22:42:34,481 - __main__ - WARNING - ytmusic playlists (API): Server returned HTTP 400: Bad Request.
Request contains an invalid argument.
2026-05-11 22:46:14,610 - backend.services.spotify_service - INFO - Fetching user playlists from Spotify...
2026-05-11 22:46:14,857 - backend.services.spotify_service - DEBUG - Received 3 playlists
2026-05-11 22:46:14,868 - backend.services.ytmusic_service - INFO - ytmusicapi using oauth file /Users/louiscao/Desktop/PROJECT LIST/playlist_converter/backend/oauth.json
2026-05-11 22:46:15,251 - __main__ - WARNING - Spotify callback failed: Spotify token exchange failed: Invalid authorization code. Check SPOTIFY_REDIRECT_URI matches the URL you use in the browser (e.g. http://localhost:3000/) and the Spotify app settings exactly.
2026-05-11 22:46:15,519 - backend.services.ytmusic_service - WARNING - get_library_playlists: mobile client failed (Server returned HTTP 400: Bad Request.
Request contains an invalid argument.); trying WEB_REMIX
2026-05-11 22:46:15,583 - backend.services.ytmusic_service - WARNING - get_library_playlists: web client also failed (Server returned HTTP 400: Bad Request.
Request contains an invalid argument.)
2026-05-11 22:46:15,583 - __main__ - WARNING - ytmusic playlists: Server returned HTTP 400: Bad Request.
Request contains an invalid argument.
2026-05-11 22:46:15,731 - backend.services.youtube_service - INFO - Listing user's YouTube playlists...
2026-05-11 22:46:16,141 - backend.services.youtube_service - DEBUG - Listed 14 playlists (incl. system lists)
2026-05-11 22:48:05,248 - backend.services.spotify_service - INFO - Fetching user playlists from Spotify...
2026-05-11 22:48:05,427 - backend.services.spotify_service - DEBUG - Received 3 playlists
2026-05-11 22:48:05,443 - backend.services.ytmusic_service - INFO - ytmusicapi using oauth file /Users/louiscao/Desktop/PROJECT LIST/playlist_converter/backend/oauth.json
2026-05-11 22:48:06,143 - backend.services.ytmusic_service - WARNING - get_library_playlists: mobile client failed (Server returned HTTP 400: Bad Request.
Request contains an invalid argument.); trying WEB_REMIX
2026-05-11 22:48:06,205 - backend.services.ytmusic_service - WARNING - get_library_playlists: web client also failed (Server returned HTTP 400: Bad Request.
Request contains an invalid argument.)
2026-05-11 22:48:06,205 - __main__ - WARNING - ytmusic playlists: Server returned HTTP 400: Bad Request.
Request contains an invalid argument.
2026-05-11 22:48:06,215 - backend.services.youtube_service - INFO - Listing user's YouTube playlists...
2026-05-11 22:48:06,670 - backend.services.youtube_service - DEBUG - Listed 14 playlists (incl. system lists)
2026-05-11 23:13:05,129 - backend.services.spotify_service - INFO - Fetching user playlists from Spotify...
2026-05-11 23:13:05,327 - backend.services.spotify_service - DEBUG - Received 3 playlists
2026-05-11 23:13:05,336 - backend.services.ytmusic_service - INFO - ytmusicapi using oauth file /Users/louiscao/Desktop/PROJECT LIST/playlist_converter/backend/oauth.json
2026-05-11 23:13:06,124 - backend.services.ytmusic_service - WARNING - get_library_playlists: mobile client failed (Server returned HTTP 400: Bad Request.
Request contains an invalid argument.); trying WEB_REMIX
2026-05-11 23:13:06,230 - backend.services.ytmusic_service - WARNING - get_library_playlists: web client also failed (Server returned HTTP 400: Bad Request.
Request contains an invalid argument.)
2026-05-11 23:13:06,230 - __main__ - WARNING - ytmusic playlists: Server returned HTTP 400: Bad Request.
Request contains an invalid argument.
2026-05-11 23:13:06,239 - backend.services.youtube_service - INFO - Listing user's YouTube playlists...
2026-05-11 23:13:07,071 - backend.services.youtube_service - DEBUG - Listed 14 playlists (incl. system lists)
2026-05-11 23:14:26,510 - backend.services.spotify_service - INFO - Fetching user playlists from Spotify...
2026-05-11 23:14:26,712 - backend.services.spotify_service - DEBUG - Received 3 playlists
2026-05-11 23:14:26,721 - backend.services.ytmusic_service - INFO - ytmusicapi using oauth file /Users/louiscao/Desktop/PROJECT LIST/playlist_converter/backend/oauth.json
2026-05-11 23:14:27,262 - backend.services.ytmusic_service - WARNING - get_library_playlists: mobile client failed (Server returned HTTP 400: Bad Request.
Request contains an invalid argument.); trying WEB_REMIX
2026-05-11 23:14:27,325 - backend.services.ytmusic_service - WARNING - get_library_playlists: web client also failed (Server returned HTTP 400: Bad Request.
Request contains an invalid argument.)
2026-05-11 23:14:27,325 - __main__ - WARNING - ytmusic playlists: Server returned HTTP 400: Bad Request.
Request contains an invalid argument.
2026-05-11 23:14:27,336 - backend.services.youtube_service - INFO - Listing user's YouTube playlists...
2026-05-11 23:14:27,876 - backend.services.youtube_service - DEBUG - Listed 14 playlists (incl. system lists)
2026-05-11 23:15:06,582 - backend.services.spotify_service - INFO - Fetching user playlists from Spotify...
2026-05-11 23:15:06,824 - backend.services.spotify_service - DEBUG - Received 3 playlists
2026-05-11 23:15:06,833 - backend.services.ytmusic_service - INFO - ytmusicapi using oauth file /Users/louiscao/Desktop/PROJECT LIST/playlist_converter/backend/oauth.json
2026-05-11 23:15:07,434 - backend.services.ytmusic_service - WARNING - get_library_playlists: mobile client failed (Server returned HTTP 400: Bad Request.
Request contains an invalid argument.); trying WEB_REMIX
2026-05-11 23:15:07,501 - backend.services.ytmusic_service - WARNING - get_library_playlists: web client also failed (Server returned HTTP 400: Bad Request.
Request contains an invalid argument.)
2026-05-11 23:15:07,502 - __main__ - WARNING - ytmusic playlists: Server returned HTTP 400: Bad Request.
Request contains an invalid argument.
2026-05-11 23:15:07,510 - backend.services.youtube_service - INFO - Listing user's YouTube playlists...
2026-05-11 23:15:07,956 - backend.services.youtube_service - DEBUG - Listed 14 playlists (incl. system lists)
2026-05-11 23:18:22,716 - backend.services.spotify_service - INFO - Fetching user playlists from Spotify...
2026-05-11 23:18:22,890 - backend.services.spotify_service - DEBUG - Received 3 playlists
2026-05-11 23:18:22,902 - backend.services.ytmusic_service - INFO - ytmusicapi using oauth file /Users/louiscao/Desktop/PROJECT LIST/playlist_converter/backend/oauth.json
2026-05-11 23:18:23,517 - backend.services.ytmusic_service - WARNING - get_library_playlists: mobile client failed (Server returned HTTP 400: Bad Request.
Request contains an invalid argument.); trying WEB_REMIX
2026-05-11 23:18:23,582 - backend.services.ytmusic_service - WARNING - get_library_playlists: web client also failed (Server returned HTTP 400: Bad Request.
Request contains an invalid argument.)
2026-05-11 23:18:23,582 - __main__ - WARNING - ytmusic playlists: Server returned HTTP 400: Bad Request.
Request contains an invalid argument.
2026-05-11 23:18:23,591 - backend.services.youtube_service - INFO - Listing user's YouTube playlists...
2026-05-11 23:18:24,023 - backend.services.youtube_service - DEBUG - Listed 14 playlists (incl. system lists)
2026-05-12 00:21:36,846 - backend.services.spotify_service - INFO - Fetching user playlists from Spotify...
2026-05-12 00:21:37,059 - backend.services.spotify_service - DEBUG - Received 3 playlists
2026-05-12 00:21:37,068 - backend.services.ytmusic_service - INFO - ytmusicapi using browser headers /Users/louiscao/Desktop/PROJECT LIST/playlist_converter/backend/browser_headers.json (OAuth skipped; TV client env not required)
2026-05-12 00:21:37,071 - __main__ - ERROR - ytmusic playlists failed
Traceback (most recent call last):
  File "/Users/louiscao/.pyenv/versions/3.11.9/lib/python3.11/site-packages/ytmusicapi/ytmusic.py", line 153, in __init__
    self.sapisid = sapisid_from_cookie(cookie)
                   ^^^^^^^^^^^^^^^^^^^^^^^^^^^
  File "/Users/louiscao/.pyenv/versions/3.11.9/lib/python3.11/site-packages/ytmusicapi/helpers.py", line 55, in sapisid_from_cookie
    return cookie["__Secure-3PAPISID"].value
           ~~~~~~^^^^^^^^^^^^^^^^^^^^^
KeyError: '__Secure-3PAPISID'

During handling of the above exception, another exception occurred:

Traceback (most recent call last):
  File "/Users/louiscao/Desktop/PROJECT LIST/playlist_converter/backend/main.py", line 132, in ytmusic_playlists
    svc = YTMusicService()
          ^^^^^^^^^^^^^^^^
  File "/Users/louiscao/Desktop/PROJECT LIST/playlist_converter/backend/services/ytmusic_service.py", line 90, in __init__
    self._client = YTMusic(
                   ^^^^^^^^
  File "/Users/louiscao/.pyenv/versions/3.11.9/lib/python3.11/site-packages/ytmusicapi/ytmusic.py", line 156, in __init__
    raise YTMusicUserError("Your cookie is missing the required value __Secure-3PAPISID")
ytmusicapi.exceptions.YTMusicUserError: Your cookie is missing the required value __Secure-3PAPISID
2026-05-12 00:21:37,286 - backend.services.youtube_service - INFO - Listing user's YouTube playlists...
2026-05-12 00:21:37,807 - backend.services.youtube_service - DEBUG - Listed 14 playlists (incl. system lists)
2026-05-12 00:23:41,866 - backend.services.spotify_service - INFO - Fetching user playlists from Spotify...
2026-05-12 00:23:42,094 - backend.services.spotify_service - DEBUG - Received 3 playlists
2026-05-12 00:23:42,103 - backend.services.ytmusic_service - INFO - ytmusicapi using browser headers /Users/louiscao/Desktop/PROJECT LIST/playlist_converter/backend/browser_headers.json (OAuth skipped; TV client env not required)
2026-05-12 00:23:42,106 - __main__ - ERROR - ytmusic playlists failed
Traceback (most recent call last):
  File "/Users/louiscao/.pyenv/versions/3.11.9/lib/python3.11/site-packages/ytmusicapi/ytmusic.py", line 153, in __init__
    self.sapisid = sapisid_from_cookie(cookie)
                   ^^^^^^^^^^^^^^^^^^^^^^^^^^^
  File "/Users/louiscao/.pyenv/versions/3.11.9/lib/python3.11/site-packages/ytmusicapi/helpers.py", line 55, in sapisid_from_cookie
    return cookie["__Secure-3PAPISID"].value
           ~~~~~~^^^^^^^^^^^^^^^^^^^^^
KeyError: '__Secure-3PAPISID'

During handling of the above exception, another exception occurred:

Traceback (most recent call last):
  File "/Users/louiscao/Desktop/PROJECT LIST/playlist_converter/backend/main.py", line 132, in ytmusic_playlists
    svc = YTMusicService()
          ^^^^^^^^^^^^^^^^
  File "/Users/louiscao/Desktop/PROJECT LIST/playlist_converter/backend/services/ytmusic_service.py", line 141, in __init__
    self._client = YTMusic(hdr, language=lang, location=loc)
                   ^^^^^^^^^^^^^^^^^^^^^^^^^^^^^^^^^^^^^^^^^
  File "/Users/louiscao/.pyenv/versions/3.11.9/lib/python3.11/site-packages/ytmusicapi/ytmusic.py", line 156, in __init__
    raise YTMusicUserError("Your cookie is missing the required value __Secure-3PAPISID")
ytmusicapi.exceptions.YTMusicUserError: Your cookie is missing the required value __Secure-3PAPISID
2026-05-12 00:23:42,122 - backend.services.youtube_service - INFO - Listing user's YouTube playlists...
2026-05-12 00:23:42,559 - backend.services.youtube_service - DEBUG - Listed 14 playlists (incl. system lists)
2026-05-12 00:45:32,870 - backend.services.spotify_service - INFO - Fetching user playlists from Spotify...
2026-05-12 00:45:33,075 - backend.services.spotify_service - DEBUG - Received 3 playlists
2026-05-12 00:45:33,084 - backend.services.ytmusic_service - INFO - ytmusicapi using browser headers /Users/louiscao/Desktop/PROJECT LIST/playlist_converter/backend/browser_headers.json (OAuth skipped; TV client env not required)
2026-05-12 00:45:33,248 - backend.services.ytmusic_service - WARNING - get_library_playlists: mobile client failed (Server returned HTTP 400: Bad Request.
Request contains an invalid argument.); trying WEB_REMIX
2026-05-12 00:45:33,823 - backend.services.ytmusic_service - WARNING - get_playlist(LM): mobile client failed (Server returned HTTP 400: Bad Request.
Request contains an invalid argument.); trying WEB_REMIX
2026-05-12 16:46:03,960 - backend.services.ytmusic_service - INFO - ytmusicapi using browser headers /Users/louiscao/Desktop/PROJECT LIST/playlist_converter/backend/browser_headers.json (OAuth skipped; TV client env not required)
2026-05-12 16:46:04,120 - backend.services.ytmusic_service - WARNING - get_playlist(LM): mobile client failed (Server returned HTTP 400: Bad Request.
Request contains an invalid argument.); trying WEB_REMIX
2026-05-12 16:46:06,061 - backend.services.spotify_service - ERROR - Failed to get Spotify user id: 401 Client Error: Unauthorized for url: https://api.spotify.com/v1/me
2026-05-12 16:46:18,843 - backend.services.spotify_service - INFO - Fetching user playlists from Spotify...
2026-05-12 16:46:19,055 - backend.services.spotify_service - DEBUG - Received 3 playlists
2026-05-12 16:46:19,066 - backend.services.ytmusic_service - INFO - ytmusicapi using browser headers /Users/louiscao/Desktop/PROJECT LIST/playlist_converter/backend/browser_headers.json (OAuth skipped; TV client env not required)
2026-05-12 16:46:19,206 - backend.services.ytmusic_service - WARNING - get_library_playlists: mobile client failed (Server returned HTTP 400: Bad Request.
Request contains an invalid argument.); trying WEB_REMIX
2026-05-12 16:46:19,780 - backend.services.ytmusic_service - WARNING - get_playlist(LM): mobile client failed (Server returned HTTP 400: Bad Request.
Request contains an invalid argument.); trying WEB_REMIX
2026-05-12 16:46:22,014 - backend.services.ytmusic_service - INFO - ytmusicapi using browser headers /Users/louiscao/Desktop/PROJECT LIST/playlist_converter/backend/browser_headers.json (OAuth skipped; TV client env not required)
2026-05-12 16:46:22,130 - backend.services.ytmusic_service - WARNING - get_playlist(LM): mobile client failed (Server returned HTTP 400: Bad Request.
Request contains an invalid argument.); trying WEB_REMIX
2026-05-12 16:46:24,053 - backend.services.spotify_service - INFO - Creating Spotify playlist: Converted - Liked Music
2026-05-12 16:46:24,387 - backend.services.spotify_service - DEBUG - Created Spotify playlist id: 1wunwyaYWD4hA8Zu0tTznQ
2026-05-12 16:46:24,388 - __main__ - INFO - Spotify import: searching for up to 371 tracks (playlist 1wunwyaYWD4hA8Zu0tTznQ)…
2026-05-12 16:46:24,388 - __main__ - INFO - Spotify import progress: 1 / 371 searches (uris so far: 0)
2026-05-12 16:46:38,395 - __main__ - INFO - Spotify import progress: 25 / 371 searches (uris so far: 24)
2026-05-12 16:46:54,218 - __main__ - INFO - Spotify import progress: 50 / 371 searches (uris so far: 49)
2026-05-12 16:47:11,168 - __main__ - INFO - Spotify import progress: 75 / 371 searches (uris so far: 73)
2026-05-12 16:47:28,667 - __main__ - INFO - Spotify import progress: 100 / 371 searches (uris so far: 98)
2026-05-12 16:47:44,025 - __main__ - INFO - Spotify import progress: 125 / 371 searches (uris so far: 123)
2026-05-12 16:48:01,415 - __main__ - INFO - Spotify import progress: 150 / 371 searches (uris so far: 146)
2026-05-12 16:48:17,322 - __main__ - INFO - Spotify import progress: 175 / 371 searches (uris so far: 171)
2026-05-12 16:48:33,002 - __main__ - INFO - Spotify import progress: 200 / 371 searches (uris so far: 196)
2026-05-12 16:48:48,978 - __main__ - INFO - Spotify import progress: 225 / 371 searches (uris so far: 221)
2026-05-12 16:49:05,966 - __main__ - INFO - Spotify import progress: 250 / 371 searches (uris so far: 246)
2026-05-12 16:49:22,922 - __main__ - INFO - Spotify import progress: 275 / 371 searches (uris so far: 270)
2026-05-12 16:49:25,656 - __main__ - ERROR - Spotify HTTP error during import-tracks
Traceback (most recent call last):
  File "/Users/louiscao/Desktop/PROJECT LIST/playlist_converter/backend/main.py", line 250, in import_tracks_to_spotify
    uri = spotify.search_track_uri(q)
          ^^^^^^^^^^^^^^^^^^^^^^^^^^^
  File "/Users/louiscao/Desktop/PROJECT LIST/playlist_converter/backend/services/spotify_service.py", line 140, in search_track_uri
    response = self._spotify_request("GET", url, params=params)
               ^^^^^^^^^^^^^^^^^^^^^^^^^^^^^^^^^^^^^^^^^^^^^^^^
  File "/Users/louiscao/Desktop/PROJECT LIST/playlist_converter/backend/services/spotify_service.py", line 56, in _spotify_request
    last.raise_for_status()
  File "/Users/louiscao/.pyenv/versions/3.11.9/lib/python3.11/site-packages/requests/models.py", line 1026, in raise_for_status
    raise HTTPError(http_error_msg, response=self)
requests.exceptions.HTTPError: 502 Server Error: Bad Gateway for url: https://api.spotify.com/v1/search?q=Mercury%27s+Odyssey+The+Olympians&type=track&limit=1
2026-05-12 17:13:21,467 - backend.services.ytmusic_service - INFO - ytmusicapi using browser headers /Users/louiscao/Desktop/PROJECT LIST/playlist_converter/backend/browser_headers.json (OAuth skipped; TV client env not required)
2026-05-12 17:13:22,111 - backend.services.ytmusic_service - WARNING - get_playlist(LM): mobile client failed (Server returned HTTP 400: Bad Request.
Request contains an invalid argument.); trying WEB_REMIX
2026-05-12 17:13:24,002 - backend.services.spotify_service - INFO - Creating Spotify playlist: Converted - Liked Music
2026-05-12 17:13:24,492 - backend.services.spotify_service - DEBUG - Created Spotify playlist id: 12wGlrGiYS88UwQKxCnXz0
2026-05-12 17:13:24,492 - __main__ - INFO - Spotify import: searching for up to 371 tracks (playlist 12wGlrGiYS88UwQKxCnXz0)…
2026-05-12 17:13:24,492 - __main__ - INFO - Spotify import progress: 1 / 371 searches (uris so far: 0)
2026-05-12 17:13:40,451 - __main__ - INFO - Spotify import progress: 25 / 371 searches (uris so far: 24)
2026-05-12 17:13:57,741 - __main__ - INFO - Spotify import progress: 50 / 371 searches (uris so far: 49)
2026-05-12 17:14:14,540 - __main__ - INFO - Spotify import progress: 75 / 371 searches (uris so far: 73)
2026-05-12 17:14:30,617 - __main__ - INFO - Spotify import progress: 100 / 371 searches (uris so far: 98)
2026-05-12 17:14:47,006 - __main__ - INFO - Spotify import progress: 125 / 371 searches (uris so far: 123)
2026-05-12 17:15:01,903 - __main__ - INFO - Spotify import progress: 150 / 371 searches (uris so far: 146)
2026-05-12 17:15:18,661 - __main__ - INFO - Spotify import progress: 175 / 371 searches (uris so far: 171)
2026-05-12 17:15:53,262 - __main__ - INFO - Spotify import progress: 200 / 371 searches (uris so far: 196)
2026-05-12 17:16:08,732 - __main__ - INFO - Spotify import progress: 225 / 371 searches (uris so far: 221)
2026-05-12 17:16:27,844 - __main__ - INFO - Spotify import progress: 250 / 371 searches (uris so far: 246)
2026-05-12 17:16:45,051 - __main__ - INFO - Spotify import progress: 275 / 371 searches (uris so far: 270)
2026-05-12 17:17:00,498 - __main__ - INFO - Spotify import progress: 300 / 371 searches (uris so far: 295)
2026-05-12 17:17:17,337 - __main__ - INFO - Spotify import progress: 325 / 371 searches (uris so far: 319)
2026-05-12 17:17:35,289 - __main__ - INFO - Spotify import progress: 350 / 371 searches (uris so far: 344)
2026-05-12 17:17:53,483 - __main__ - INFO - Spotify import progress: 371 / 371 searches (uris so far: 365)
2026-05-12 17:17:54,041 - __main__ - INFO - Spotify import: adding 359 unique tracks to playlist 12wGlrGiYS88UwQKxCnXz0…
2026-05-12 17:17:55,480 - __main__ - INFO - Spotify import: finished (added count=359)
2026-05-12 17:37:00,150 - backend.services.spotify_service - INFO - Fetching user playlists from Spotify...
2026-05-12 17:37:00,926 - backend.services.spotify_service - DEBUG - Received 3 playlists
2026-05-12 17:37:00,939 - backend.services.ytmusic_service - INFO - ytmusicapi using browser headers /Users/louiscao/Desktop/PROJECT LIST/playlist_converter/backend/browser_headers.json (OAuth skipped; TV client env not required)
2026-05-12 17:37:01,072 - backend.services.ytmusic_service - WARNING - get_library_playlists: mobile client failed (Server returned HTTP 400: Bad Request.
Request contains an invalid argument.); trying WEB_REMIX
2026-05-12 17:37:01,687 - backend.services.ytmusic_service - WARNING - get_playlist(LM): mobile client failed (Server returned HTTP 400: Bad Request.
Request contains an invalid argument.); trying WEB_REMIX
2026-05-12 17:37:04,093 - backend.services.ytmusic_service - INFO - ytmusicapi using browser headers /Users/louiscao/Desktop/PROJECT LIST/playlist_converter/backend/browser_headers.json (OAuth skipped; TV client env not required)
2026-05-12 17:37:04,206 - backend.services.ytmusic_service - WARNING - get_playlist(LM): mobile client failed (Server returned HTTP 400: Bad Request.
Request contains an invalid argument.); trying WEB_REMIX
2026-05-12 17:37:06,479 - backend.services.spotify_service - INFO - Creating Spotify playlist: Converted - Liked Music
2026-05-12 17:37:06,797 - backend.services.spotify_service - DEBUG - Created Spotify playlist id: 4dOgRQjMKHvNOwXKW9BDhs
2026-05-12 17:37:06,798 - __main__ - INFO - Spotify import: searching for up to 371 tracks (playlist 4dOgRQjMKHvNOwXKW9BDhs)…
2026-05-12 17:37:06,798 - __main__ - INFO - Spotify import progress: 1 / 371 searches (uris so far: 0)
2026-05-12 17:37:20,249 - __main__ - INFO - Spotify import progress: 25 / 371 searches (uris so far: 24)
2026-05-12 17:37:33,467 - __main__ - INFO - Spotify import progress: 50 / 371 searches (uris so far: 49)
2026-05-12 17:38:07,127 - backend.services.ytmusic_service - INFO - ytmusicapi using browser headers /Users/louiscao/Desktop/PROJECT LIST/playlist_converter/backend/browser_headers.json (OAuth skipped; TV client env not required)
2026-05-12 17:38:07,350 - backend.services.ytmusic_service - WARNING - get_library_playlists: mobile client failed (Server returned HTTP 400: Bad Request.
Request contains an invalid argument.); trying WEB_REMIX
2026-05-12 17:38:07,927 - backend.services.ytmusic_service - WARNING - get_playlist(LM): mobile client failed (Server returned HTTP 400: Bad Request.
Request contains an invalid argument.); trying WEB_REMIX
2026-05-12 17:56:19,436 - backend.services.spotify_service - INFO - Fetching user playlists from Spotify...
2026-05-12 17:56:19,658 - backend.services.spotify_service - DEBUG - Received 3 playlists
2026-05-12 17:56:29,508 - backend.services.spotify_service - INFO - Fetching tracks for playlist: 5Xs713HhWEl9D8M3w7SQYZ
2026-05-12 17:56:29,892 - backend.services.spotify_service - DEBUG - Fetched 3 tracks from playlist 5Xs713HhWEl9D8M3w7SQYZ
2026-05-12 17:56:30,431 - backend.services.youtube_service - INFO - Creating new YouTube playlist: Converted - Wedding
2026-05-12 17:56:30,867 - backend.services.youtube_service - DEBUG - Created playlist ID: PLdydBfVeaGAbV9_-AZqK1qbFl_vgXLQFY
2026-05-12 17:56:30,894 - backend.services.youtube_service - INFO - Searching YouTube for: Love Theory Kirk Franklin
2026-05-12 17:56:31,560 - backend.services.youtube_service - DEBUG - Found video ID: 3aD8OK07iIY
2026-05-12 17:56:31,560 - backend.services.youtube_service - INFO - Adding video 3aD8OK07iIY to playlist PLdydBfVeaGAbV9_-AZqK1qbFl_vgXLQFY
2026-05-12 17:56:31,876 - backend.services.youtube_service - DEBUG - Added video: {'kind': 'youtube#playlistItem', 'etag': '2DJnR-zhgQnDWnEC_CQezvA1O0g', 'id': 'UExkeWRCZlZlYUdBYlY5Xy1BWnFLMXFiRmxfdmdYTFFGWS41NkI0NEY2RDEwNTU3Q0M2', 'snippet': {'publishedAt': '2026-05-12T21:56:31Z', 'channelId': 'UC4y2DnxkoJWE7ZQ05MHd8Tw', 'title': 'Kirk Franklin - Love Theory (Official Video)', 'description': 'Listen to “Love Theory” here: https://KirkFranklin.lnk.to/LoveTheoryID\n\nConnect with me!\nInstagram: https://www.instagram.com/kirkfranklin/?hl=en\nFacebook: https://www.facebook.com/KirkFranklin/\nTwitter: https://twitter.com/kirkfranklin?ref_src=twsrc%5Egoogle%7Ctwcamp%5Eserp%7Ctwgr%5Eauthor\nWebsite: http://www.kirkfranklin.com\n\nDownload/Stream LONG LIVE LOVE here: https://KirkFranklin.lnk.to/KFLongLiveLoveID', 'thumbnails': {'default': {'url': 'https://i.ytimg.com/vi/3aD8OK07iIY/default.jpg', 'width': 120, 'height': 90}, 'medium': {'url': 'https://i.ytimg.com/vi/3aD8OK07iIY/mqdefault.jpg', 'width': 320, 'height': 180}, 'high': {'url': 'https://i.ytimg.com/vi/3aD8OK07iIY/hqdefault.jpg', 'width': 480, 'height': 360}, 'standard': {'url': 'https://i.ytimg.com/vi/3aD8OK07iIY/sddefault.jpg', 'width': 640, 'height': 480}, 'maxres': {'url': 'https://i.ytimg.com/vi/3aD8OK07iIY/maxresdefault.jpg', 'width': 1280, 'height': 720}}, 'channelTitle': 'Louis Cao', 'playlistId': 'PLdydBfVeaGAbV9_-AZqK1qbFl_vgXLQFY', 'position': 0, 'resourceId': {'kind': 'youtube#video', 'videoId': '3aD8OK07iIY'}, 'videoOwnerChannelTitle': 'KirkFranklinVEVO', 'videoOwnerChannelId': 'UCHVY6rm7BNbpdcxI5Qbe-1Q'}}
2026-05-12 17:56:31,878 - backend.services.youtube_service - INFO - Searching YouTube for: Sugar Maroon 5
2026-05-12 17:56:32,275 - backend.services.youtube_service - DEBUG - Found video ID: 09R8_2nJtjg
2026-05-12 17:56:32,276 - backend.services.youtube_service - INFO - Adding video 09R8_2nJtjg to playlist PLdydBfVeaGAbV9_-AZqK1qbFl_vgXLQFY
2026-05-12 17:56:32,673 - backend.services.youtube_service - DEBUG - Added video: {'kind': 'youtube#playlistItem', 'etag': 'KyGrDR6oVsy1-7lxcHgtNYsNNuM', 'id': 'UExkeWRCZlZlYUdBYlY5Xy1BWnFLMXFiRmxfdmdYTFFGWS4yODlGNEE0NkRGMEEzMEQy', 'snippet': {'publishedAt': '2026-05-12T21:56:32Z', 'channelId': 'UC4y2DnxkoJWE7ZQ05MHd8Tw', 'title': 'Maroon 5 - Sugar (Official Music Video)', 'description': 'Buy Sugar on iTunes: http://smarturl.it/M5V\n\nSign up for updates: http://smarturl.it/Maroon5.News\n\nCatch Maroon 5 on tour all year long  at www.maroon5.com\n\nMusic video by Maroon 5 performing Sugar. (C) 2015 Interscope Records', 'thumbnails': {'default': {'url': 'https://i.ytimg.com/vi/09R8_2nJtjg/default.jpg', 'width': 120, 'height': 90}, 'medium': {'url': 'https://i.ytimg.com/vi/09R8_2nJtjg/mqdefault.jpg', 'width': 320, 'height': 180}, 'high': {'url': 'https://i.ytimg.com/vi/09R8_2nJtjg/hqdefault.jpg', 'width': 480, 'height': 360}, 'standard': {'url': 'https://i.ytimg.com/vi/09R8_2nJtjg/sddefault.jpg', 'width': 640, 'height': 480}, 'maxres': {'url': 'https://i.ytimg.com/vi/09R8_2nJtjg/maxresdefault.jpg', 'width': 1280, 'height': 720}}, 'channelTitle': 'Louis Cao', 'playlistId': 'PLdydBfVeaGAbV9_-AZqK1qbFl_vgXLQFY', 'position': 1, 'resourceId': {'kind': 'youtube#video', 'videoId': '09R8_2nJtjg'}, 'videoOwnerChannelTitle': 'Maroon5VEVO', 'videoOwnerChannelId': 'UCN1hnUccO4FD5WfM7ithXaw'}}
2026-05-12 17:56:32,674 - backend.services.youtube_service - INFO - Searching YouTube for: Jump Up, Super Star! The Living Tombstone
2026-05-12 17:56:33,056 - backend.services.youtube_service - DEBUG - Found video ID: 1bZtCt_Siro
2026-05-12 17:56:33,056 - backend.services.youtube_service - INFO - Adding video 1bZtCt_Siro to playlist PLdydBfVeaGAbV9_-AZqK1qbFl_vgXLQFY
2026-05-12 17:56:33,741 - backend.services.youtube_service - DEBUG - Added video: {'kind': 'youtube#playlistItem', 'etag': 'xe35UfLgXh2Fy6huGlTCgPvGUbM', 'id': 'UExkeWRCZlZlYUdBYlY5Xy1BWnFLMXFiRmxfdmdYTFFGWS4wMTcyMDhGQUE4NTIzM0Y5', 'snippet': {'publishedAt': '2026-05-12T21:56:33Z', 'channelId': 'UC4y2DnxkoJWE7ZQ05MHd8Tw', 'title': 'Jump Up, Super Star! Remix- Super Mario Odyssey- The Living Tombstone', 'description': "Accidental parody remix of Jump Up, Super Star! Super Mario Odyssey Musical (Mario 1up girl). Super Mario Odyssey is available on Nintendo Switch on October 27, 2017! \nSuper Mario Odyssey Trailer: https://www.youtube.com/watch?v=wGQHQc_3ycE\n\nBuy this Song:\n➢ iTunes: https://itunes.apple.com/us/album/jump-up-super-star-single/id1308032043?uo=4&app=itunes&at=1001lry3&ct=dashboard\n➢ AmazonMP3: http://www.amazon.com/gp/product/B0776HCQL6/?tag=distrokid06-20\n➢ Apple Music: https://itunes.apple.com/us/album/jump-up-super-star-single/id1308032043?uo=4&app=itunes&at=1001lry3&ct=dashboard&app=music&at=1001lry3&ct=dashboard\n➢ Deezer: https://www.deezer.com/album/51124422\n➢ Google Play: https://play.google.com/store/music/album/The_Living_Tombstone_Jump_Up_Super_Star?id=Bolkg6uqjq7tlzqgl4f5gdmxyai\n➢ iHeartRadio: https://www.iheart.com/artist/id-747760/albums/id-59034589\n➢ Spotify: https://open.spotify.com/album/0QOE6AkuJavqxHl1wVt7RS\n➢ Bandcamp: https://thelivingtombstone.bandcamp.com/track/jump-up-super-star-remix\n➢ Newgrounds (Free Download): https://www.newgrounds.com/audio/listen/815436\n\n\nCredits:\n➢ Music Production -  Custom Phase https://twitter.com/CustomPhase\n➢ Lead Singer - Hayley Nelson https://www.youtube.com/user/haylizbethofficial\n➢ Vocal Editing and Vocal arrangement - Fruutella https://twitter.com/freddy_hoof\n➢ Backing Vocals - Fruutella. Hayley Nelson and Sam Haft https://twitter.com/SamHaft\n➢ Mario and Mayor Paulina Animation - Reagan Gustin (GinjaNinjaOwO) https://www.youtube.com/user/GinjaNinjaOwO\n➢ Video Production - Andrew Duemig https://twitter.com/andrewduemig\n\nFollow The Living Tombstone:\n➢ YouTube: http://bit.ly/TLTSubscribe\n➢ SoundCloud: http://bit.ly/TLTSoundcloud\n➢ Facebook: http://bit.ly/TLTFaceBook\n➢ Twitter: http://bit.ly/TLTTwitter\n➢ Newgrounds: http://bit.ly/TLTNewgrounds\n\nLyrics:\nHere we go, off the rails\nDon't you know it's time to raise our sails?\nIt's freedom like you never knew\n\nDon't need bags, or a pass,\nSay the word, I'll be there in a flash\nYou could say my hat is off to you\n\nOh, we can zoom all the way to the moon,\nFrom this great wide wacky world,\nJump with me, grab coins with me, oh yeah!\n\nIt's time to jump up in the air, (Jump up in the air),\nJump up, don't be scared, (Jump up, don't be scared),\nJust jump up and your cares will soar away, (oohoohooh),\nAnd if the dark clouds start to swirl, (Dark clouds start to swirl),\nDon't fear, don't shed a tear, 'cause\nI'll be your 1-Up Girl\n\nSo let's all jump up super high, (Jump up super high),\nHigh up in the sky, (High up in the sky),\nThere's no power-up like dancing,\nYou know that you're my Super Star, (You're my Super Star)\nNo one else can take me this far\nI'm flipping the switch,\nGet ready for this, oh\nLet's do the Odyssey!\n\nOdyssey, ya see (x7),\nOdyssey, Odyssey!\n\nSpin the wheel, take a chance\nEvery journey starts a new romance\nA new world's calling out to you\n\nTake a turn, off the path\nFind a new addition to the cast,\nYou know that any captain needs a crew\n\nTake it in stride as you move, side to side,\nThey're just different points of view\nJump with me, grab coins with me, Oh yeah!\n\nCome on and jump up in the air, (Jump up in the air),\nJump without a care, (Jump without a care),\nJump up 'cause you know that I'll be there\nAnd if you find you're short on joy, (Find you're short on joy),\nDon't fret, just don't forget that\nYou're still our 1-Up Boy\n\nSo go on, straighten up your cap, (Straighten up your cap),\nLet your toes begin to tap, (Toes begin to tap),\nThis rhythm is a power 'shroom (oohoohooh)\nDon't forget you're the Super Star (You're the Super Star)\nNo one else can make it this far\nPut a comb through that stache,\nNow you've got panache, oh\nLet's do the Odyssey!\n\n#supermarioodyssey #1upgirl #jumpupsuperstar #mariomusical", 'thumbnails': {'default': {'url': 'https://i.ytimg.com/vi/1bZtCt_Siro/default.jpg', 'width': 120, 'height': 90}, 'medium': {'url': 'https://i.ytimg.com/vi/1bZtCt_Siro/mqdefault.jpg', 'width': 320, 'height': 180}, 'high': {'url': 'https://i.ytimg.com/vi/1bZtCt_Siro/hqdefault.jpg', 'width': 480, 'height': 360}, 'standard': {'url': 'https://i.ytimg.com/vi/1bZtCt_Siro/sddefault.jpg', 'width': 640, 'height': 480}, 'maxres': {'url': 'https://i.ytimg.com/vi/1bZtCt_Siro/maxresdefault.jpg', 'width': 1280, 'height': 720}}, 'channelTitle': 'Louis Cao', 'playlistId': 'PLdydBfVeaGAbV9_-AZqK1qbFl_vgXLQFY', 'position': 2, 'resourceId': {'kind': 'youtube#video', 'videoId': '1bZtCt_Siro'}, 'videoOwnerChannelTitle': 'The Living Tombstone', 'videoOwnerChannelId': 'UCFYMDSW-BzeYZKFSxROw3Rg'}}
2026-05-12 20:39:32,211 - backend.services.spotify_service - INFO - Fetching user playlists from Spotify...
2026-05-12 20:39:32,465 - backend.services.spotify_service - DEBUG - Received 3 playlists
2026-05-12 20:39:32,977 - backend.services.youtube_service - INFO - Listing user's YouTube playlists...
2026-05-12 20:39:33,433 - backend.services.youtube_service - DEBUG - Listed 14 playlists (incl. system lists)
2026-05-12 20:39:39,897 - backend.services.spotify_service - INFO - Fetching tracks for playlist: 5Xs713HhWEl9D8M3w7SQYZ
2026-05-12 20:39:40,104 - backend.services.spotify_service - DEBUG - Fetched 3 tracks from playlist 5Xs713HhWEl9D8M3w7SQYZ
2026-05-12 20:39:40,138 - backend.services.youtube_service - INFO - Searching YouTube for: Love Theory Kirk Franklin
2026-05-12 20:39:40,626 - backend.services.youtube_service - DEBUG - Found video ID: 3aD8OK07iIY
2026-05-12 20:39:40,626 - backend.services.youtube_service - INFO - Adding video 3aD8OK07iIY to playlist PLdydBfVeaGAa9tSJ7wgYjeHG4nH7R4IRr
2026-05-12 20:39:40,933 - backend.services.youtube_service - DEBUG - Added video: {'kind': 'youtube#playlistItem', 'etag': 'qLPENo15kFgGDf1Y0ZiJpq4-Ma0', 'id': 'UExkeWRCZlZlYUdBYTl0U0o3d2dZamVIRzRuSDdSNElSci41MjE1MkI0OTQ2QzJGNzNG', 'snippet': {'publishedAt': '2026-05-13T00:39:40Z', 'channelId': 'UC4y2DnxkoJWE7ZQ05MHd8Tw', 'title': 'Kirk Franklin - Love Theory (Official Video)', 'description': 'Listen to “Love Theory” here: https://KirkFranklin.lnk.to/LoveTheoryID\n\nConnect with me!\nInstagram: https://www.instagram.com/kirkfranklin/?hl=en\nFacebook: https://www.facebook.com/KirkFranklin/\nTwitter: https://twitter.com/kirkfranklin?ref_src=twsrc%5Egoogle%7Ctwcamp%5Eserp%7Ctwgr%5Eauthor\nWebsite: http://www.kirkfranklin.com\n\nDownload/Stream LONG LIVE LOVE here: https://KirkFranklin.lnk.to/KFLongLiveLoveID', 'thumbnails': {'default': {'url': 'https://i.ytimg.com/vi/3aD8OK07iIY/default.jpg', 'width': 120, 'height': 90}, 'medium': {'url': 'https://i.ytimg.com/vi/3aD8OK07iIY/mqdefault.jpg', 'width': 320, 'height': 180}, 'high': {'url': 'https://i.ytimg.com/vi/3aD8OK07iIY/hqdefault.jpg', 'width': 480, 'height': 360}, 'standard': {'url': 'https://i.ytimg.com/vi/3aD8OK07iIY/sddefault.jpg', 'width': 640, 'height': 480}, 'maxres': {'url': 'https://i.ytimg.com/vi/3aD8OK07iIY/maxresdefault.jpg', 'width': 1280, 'height': 720}}, 'channelTitle': 'Louis Cao', 'playlistId': 'PLdydBfVeaGAa9tSJ7wgYjeHG4nH7R4IRr', 'position': 3, 'resourceId': {'kind': 'youtube#video', 'videoId': '3aD8OK07iIY'}, 'videoOwnerChannelTitle': 'KirkFranklinVEVO', 'videoOwnerChannelId': 'UCHVY6rm7BNbpdcxI5Qbe-1Q'}}
2026-05-12 20:39:40,934 - backend.services.youtube_service - INFO - Searching YouTube for: Sugar Maroon 5
2026-05-12 20:39:41,446 - backend.services.youtube_service - DEBUG - Found video ID: 09R8_2nJtjg
2026-05-12 20:39:41,446 - backend.services.youtube_service - INFO - Adding video 09R8_2nJtjg to playlist PLdydBfVeaGAa9tSJ7wgYjeHG4nH7R4IRr
2026-05-12 20:39:42,272 - backend.services.youtube_service - DEBUG - Added video: {'kind': 'youtube#playlistItem', 'etag': 'NFhWMf-zgbGu7yeXguqM6l5U5rM', 'id': 'UExkeWRCZlZlYUdBYTl0U0o3d2dZamVIRzRuSDdSNElSci4wOTA3OTZBNzVEMTUzOTMy', 'snippet': {'publishedAt': '2026-05-13T00:39:41Z', 'channelId': 'UC4y2DnxkoJWE7ZQ05MHd8Tw', 'title': 'Maroon 5 - Sugar (Official Music Video)', 'description': 'Buy Sugar on iTunes: http://smarturl.it/M5V\n\nSign up for updates: http://smarturl.it/Maroon5.News\n\nCatch Maroon 5 on tour all year long  at www.maroon5.com\n\nMusic video by Maroon 5 performing Sugar. (C) 2015 Interscope Records', 'thumbnails': {'default': {'url': 'https://i.ytimg.com/vi/09R8_2nJtjg/default.jpg', 'width': 120, 'height': 90}, 'medium': {'url': 'https://i.ytimg.com/vi/09R8_2nJtjg/mqdefault.jpg', 'width': 320, 'height': 180}, 'high': {'url': 'https://i.ytimg.com/vi/09R8_2nJtjg/hqdefault.jpg', 'width': 480, 'height': 360}, 'standard': {'url': 'https://i.ytimg.com/vi/09R8_2nJtjg/sddefault.jpg', 'width': 640, 'height': 480}, 'maxres': {'url': 'https://i.ytimg.com/vi/09R8_2nJtjg/maxresdefault.jpg', 'width': 1280, 'height': 720}}, 'channelTitle': 'Louis Cao', 'playlistId': 'PLdydBfVeaGAa9tSJ7wgYjeHG4nH7R4IRr', 'position': 4, 'resourceId': {'kind': 'youtube#video', 'videoId': '09R8_2nJtjg'}, 'videoOwnerChannelTitle': 'Maroon5VEVO', 'videoOwnerChannelId': 'UCN1hnUccO4FD5WfM7ithXaw'}}
2026-05-12 20:39:42,273 - backend.services.youtube_service - INFO - Searching YouTube for: Jump Up, Super Star! The Living Tombstone
2026-05-12 20:39:42,775 - backend.services.youtube_service - DEBUG - Found video ID: 1bZtCt_Siro
2026-05-12 20:39:42,775 - backend.services.youtube_service - INFO - Adding video 1bZtCt_Siro to playlist PLdydBfVeaGAa9tSJ7wgYjeHG4nH7R4IRr
2026-05-12 20:39:42,995 - backend.services.youtube_service - DEBUG - Added video: {'kind': 'youtube#playlistItem', 'etag': 'jjIdwXHl1NtEo78xKBAiQdzDTg8', 'id': 'UExkeWRCZlZlYUdBYTl0U0o3d2dZamVIRzRuSDdSNElSci4xMkVGQjNCMUM1N0RFNEUx', 'snippet': {'publishedAt': '2026-05-13T00:39:42Z', 'channelId': 'UC4y2DnxkoJWE7ZQ05MHd8Tw', 'title': 'Jump Up, Super Star! Remix- Super Mario Odyssey- The Living Tombstone', 'description': "Accidental parody remix of Jump Up, Super Star! Super Mario Odyssey Musical (Mario 1up girl). Super Mario Odyssey is available on Nintendo Switch on October 27, 2017! \nSuper Mario Odyssey Trailer: https://www.youtube.com/watch?v=wGQHQc_3ycE\n\nBuy this Song:\n➢ iTunes: https://itunes.apple.com/us/album/jump-up-super-star-single/id1308032043?uo=4&app=itunes&at=1001lry3&ct=dashboard\n➢ AmazonMP3: http://www.amazon.com/gp/product/B0776HCQL6/?tag=distrokid06-20\n➢ Apple Music: https://itunes.apple.com/us/album/jump-up-super-star-single/id1308032043?uo=4&app=itunes&at=1001lry3&ct=dashboard&app=music&at=1001lry3&ct=dashboard\n➢ Deezer: https://www.deezer.com/album/51124422\n➢ Google Play: https://play.google.com/store/music/album/The_Living_Tombstone_Jump_Up_Super_Star?id=Bolkg6uqjq7tlzqgl4f5gdmxyai\n➢ iHeartRadio: https://www.iheart.com/artist/id-747760/albums/id-59034589\n➢ Spotify: https://open.spotify.com/album/0QOE6AkuJavqxHl1wVt7RS\n➢ Bandcamp: https://thelivingtombstone.bandcamp.com/track/jump-up-super-star-remix\n➢ Newgrounds (Free Download): https://www.newgrounds.com/audio/listen/815436\n\n\nCredits:\n➢ Music Production -  Custom Phase https://twitter.com/CustomPhase\n➢ Lead Singer - Hayley Nelson https://www.youtube.com/user/haylizbethofficial\n➢ Vocal Editing and Vocal arrangement - Fruutella https://twitter.com/freddy_hoof\n➢ Backing Vocals - Fruutella. Hayley Nelson and Sam Haft https://twitter.com/SamHaft\n➢ Mario and Mayor Paulina Animation - Reagan Gustin (GinjaNinjaOwO) https://www.youtube.com/user/GinjaNinjaOwO\n➢ Video Production - Andrew Duemig https://twitter.com/andrewduemig\n\nFollow The Living Tombstone:\n➢ YouTube: http://bit.ly/TLTSubscribe\n➢ SoundCloud: http://bit.ly/TLTSoundcloud\n➢ Facebook: http://bit.ly/TLTFaceBook\n➢ Twitter: http://bit.ly/TLTTwitter\n➢ Newgrounds: http://bit.ly/TLTNewgrounds\n\nLyrics:\nHere we go, off the rails\nDon't you know it's time to raise our sails?\nIt's freedom like you never knew\n\nDon't need bags, or a pass,\nSay the word, I'll be there in a flash\nYou could say my hat is off to you\n\nOh, we can zoom all the way to the moon,\nFrom this great wide wacky world,\nJump with me, grab coins with me, oh yeah!\n\nIt's time to jump up in the air, (Jump up in the air),\nJump up, don't be scared, (Jump up, don't be scared),\nJust jump up and your cares will soar away, (oohoohooh),\nAnd if the dark clouds start to swirl, (Dark clouds start to swirl),\nDon't fear, don't shed a tear, 'cause\nI'll be your 1-Up Girl\n\nSo let's all jump up super high, (Jump up super high),\nHigh up in the sky, (High up in the sky),\nThere's no power-up like dancing,\nYou know that you're my Super Star, (You're my Super Star)\nNo one else can take me this far\nI'm flipping the switch,\nGet ready for this, oh\nLet's do the Odyssey!\n\nOdyssey, ya see (x7),\nOdyssey, Odyssey!\n\nSpin the wheel, take a chance\nEvery journey starts a new romance\nA new world's calling out to you\n\nTake a turn, off the path\nFind a new addition to the cast,\nYou know that any captain needs a crew\n\nTake it in stride as you move, side to side,\nThey're just different points of view\nJump with me, grab coins with me, Oh yeah!\n\nCome on and jump up in the air, (Jump up in the air),\nJump without a care, (Jump without a care),\nJump up 'cause you know that I'll be there\nAnd if you find you're short on joy, (Find you're short on joy),\nDon't fret, just don't forget that\nYou're still our 1-Up Boy\n\nSo go on, straighten up your cap, (Straighten up your cap),\nLet your toes begin to tap, (Toes begin to tap),\nThis rhythm is a power 'shroom (oohoohooh)\nDon't forget you're the Super Star (You're the Super Star)\nNo one else can make it this far\nPut a comb through that stache,\nNow you've got panache, oh\nLet's do the Odyssey!\n\n#supermarioodyssey #1upgirl #jumpupsuperstar #mariomusical", 'thumbnails': {'default': {'url': 'https://i.ytimg.com/vi/1bZtCt_Siro/default.jpg', 'width': 120, 'height': 90}, 'medium': {'url': 'https://i.ytimg.com/vi/1bZtCt_Siro/mqdefault.jpg', 'width': 320, 'height': 180}, 'high': {'url': 'https://i.ytimg.com/vi/1bZtCt_Siro/hqdefault.jpg', 'width': 480, 'height': 360}, 'standard': {'url': 'https://i.ytimg.com/vi/1bZtCt_Siro/sddefault.jpg', 'width': 640, 'height': 480}, 'maxres': {'url': 'https://i.ytimg.com/vi/1bZtCt_Siro/maxresdefault.jpg', 'width': 1280, 'height': 720}}, 'channelTitle': 'Louis Cao', 'playlistId': 'PLdydBfVeaGAa9tSJ7wgYjeHG4nH7R4IRr', 'position': 5, 'resourceId': {'kind': 'youtube#video', 'videoId': '1bZtCt_Siro'}, 'videoOwnerChannelTitle': 'The Living Tombstone', 'videoOwnerChannelId': 'UCFYMDSW-BzeYZKFSxROw3Rg'}}
2026-05-12 20:41:08,148 - backend.services.ytmusic_service - INFO - ytmusicapi using browser headers /Users/louiscao/Desktop/PROJECT LIST/playlist_converter/backend/browser_headers.json (OAuth skipped; TV client env not required)
2026-05-12 20:41:08,279 - backend.services.ytmusic_service - WARNING - get_library_playlists: mobile client failed (Server returned HTTP 401: Unauthorized.
Request is missing required authentication credential. Expected OAuth 2 access token, login cookie or other valid authentication credential. See https://developers.google.com/identity/sign-in/web/devconsole-project.); trying WEB_REMIX
2026-05-12 20:41:08,576 - backend.services.ytmusic_service - WARNING - get_playlist(LM): mobile client failed (Server returned HTTP 404: Not Found.
Requested entity was not found.); trying WEB_REMIX
2026-05-12 20:41:08,617 - __main__ - ERROR - ytmusic playlists failed
Traceback (most recent call last):
  File "/Users/louiscao/Desktop/PROJECT LIST/playlist_converter/backend/services/ytmusic_service.py", line 169, in _mobile_then_web
    return fn_mobile()
           ^^^^^^^^^^^
  File "/Users/louiscao/Desktop/PROJECT LIST/playlist_converter/backend/services/ytmusic_service.py", line 214, in lm_mobile
    return ytm.get_playlist("LM", limit=1)
           ^^^^^^^^^^^^^^^^^^^^^^^^^^^^^^^
  File "/Users/louiscao/.pyenv/versions/3.11.9/lib/python3.11/site-packages/ytmusicapi/mixins/playlists.py", line 149, in get_playlist
    response = request_func("")
               ^^^^^^^^^^^^^^^^
  File "/Users/louiscao/.pyenv/versions/3.11.9/lib/python3.11/site-packages/ytmusicapi/mixins/playlists.py", line 146, in <lambda>
    request_func: RequestFuncType = lambda additionalParams: self._send_request(
                                                             ^^^^^^^^^^^^^^^^^^^
  File "/Users/louiscao/.pyenv/versions/3.11.9/lib/python3.11/site-packages/ytmusicapi/ytmusic.py", line 243, in _send_request
    raise YTMusicServerError(message + error)
ytmusicapi.exceptions.YTMusicServerError: Server returned HTTP 404: Not Found.
Requested entity was not found.

During handling of the above exception, another exception occurred:

Traceback (most recent call last):
  File "/Users/louiscao/.pyenv/versions/3.11.9/lib/python3.11/site-packages/ytmusicapi/navigation.py", line 138, in nav
    root = root[k]
           ~~~~^^^
KeyError: 'twoColumnBrowseResultsRenderer'

During handling of the above exception, another exception occurred:

Traceback (most recent call last):
  File "/Users/louiscao/Desktop/PROJECT LIST/playlist_converter/backend/main.py", line 332, in ytmusic_playlists
    playlists = svc.list_playlists()
                ^^^^^^^^^^^^^^^^^^^^
  File "/Users/louiscao/Desktop/PROJECT LIST/playlist_converter/backend/services/ytmusic_service.py", line 219, in list_playlists
    lm = self._mobile_then_web("get_playlist(LM)", lm_mobile, lm_web)
         ^^^^^^^^^^^^^^^^^^^^^^^^^^^^^^^^^^^^^^^^^^^^^^^^^^^^^^^^^^^^
  File "/Users/louiscao/Desktop/PROJECT LIST/playlist_converter/backend/services/ytmusic_service.py", line 173, in _mobile_then_web
    return fn_web()
           ^^^^^^^^
  File "/Users/louiscao/Desktop/PROJECT LIST/playlist_converter/backend/services/ytmusic_service.py", line 217, in lm_web
    return ytm.get_playlist("LM", limit=1)
           ^^^^^^^^^^^^^^^^^^^^^^^^^^^^^^^
  File "/Users/louiscao/.pyenv/versions/3.11.9/lib/python3.11/site-packages/ytmusicapi/mixins/playlists.py", line 157, in get_playlist
    header_data = nav(response, [*TWO_COLUMN_RENDERER, *TAB_CONTENT, *SECTION_LIST_ITEM])
                  ^^^^^^^^^^^^^^^^^^^^^^^^^^^^^^^^^^^^^^^^^^^^^^^^^^^^^^^^^^^^^^^^^^^^^^^
  File "/Users/louiscao/.pyenv/versions/3.11.9/lib/python3.11/site-packages/ytmusicapi/navigation.py", line 142, in nav
    raise type(e)(f"Unable to find '{k}' using path {items!r} on {root!r}, exception: {e}")
KeyError: "Unable to find 'twoColumnBrowseResultsRenderer' using path ['contents', 'twoColumnBrowseResultsRenderer', 'tabs', 0, 'tabRenderer', 'content', 'sectionListRenderer', 'contents', 0] on {'singleColumnBrowseResultsRenderer': {'tabs': [{'tabRenderer': {'selected': True, 'content': {'sectionListRenderer': {'contents': [{'itemSectionRenderer': {'contents': [{'messageRenderer': {'text': {'runs': [{'text': 'Looking for what you’ve liked?'}]}, 'icon': {'iconType': 'LIKE'}, 'trackingParams': 'CAQQljsYACITCLSzx-KDtZQDFQh4EgEdf_ArAw==', 'button': {'buttonRenderer': {'style': 'STYLE_DEFAULT', 'isDisabled': False, 'text': {'runs': [{'text': 'Sign in'}]}, 'navigationEndpoint': {'clickTrackingParams': 'CAUQ8FsiEwi0s8fig7WUAxUIeBIBHX_wKwPKAQRJEsIP', 'signInEndpoint': {'hack': True}}, 'trackingParams': 'CAUQ8FsiEwi0s8fig7WUAxUIeBIBHX_wKwM='}}, 'subtext': {'messageSubtextRenderer': {'text': {'runs': [{'text': 'Sign in to listen to your liked tracks'}]}}}, 'style': {'value': 'RENDER_STYLE_VERTICAL_CENTERED'}}}], 'trackingParams': 'CAMQuy8YACITCLSzx-KDtZQDFQh4EgEdf_ArAw=='}}], 'trackingParams': 'CAIQui8iEwi0s8fig7WUAxUIeBIBHX_wKwM='}}, 'trackingParams': 'CAEQ8JMBGAAiEwi0s8fig7WUAxUIeBIBHX_wKwM='}}]}}, exception: 'twoColumnBrowseResultsRenderer'"
2026-05-12 20:41:08,633 - backend.services.youtube_service - INFO - Listing user's YouTube playlists...
2026-05-12 20:41:09,063 - backend.services.youtube_service - DEBUG - Listed 14 playlists (incl. system lists)
2026-05-12 20:41:34,908 - backend.services.spotify_service - INFO - Fetching user playlists from Spotify...
2026-05-12 20:41:35,168 - backend.services.spotify_service - DEBUG - Received 3 playlists
2026-05-12 20:41:35,177 - backend.services.ytmusic_service - INFO - ytmusicapi using browser headers /Users/louiscao/Desktop/PROJECT LIST/playlist_converter/backend/browser_headers.json (OAuth skipped; TV client env not required)
2026-05-12 20:41:35,360 - backend.services.ytmusic_service - WARNING - get_library_playlists: mobile client failed (Server returned HTTP 401: Unauthorized.
Request is missing required authentication credential. Expected OAuth 2 access token, login cookie or other valid authentication credential. See https://developers.google.com/identity/sign-in/web/devconsole-project.); trying WEB_REMIX
2026-05-12 20:41:35,622 - backend.services.ytmusic_service - WARNING - get_playlist(LM): mobile client failed (Server returned HTTP 404: Not Found.
Requested entity was not found.); trying WEB_REMIX
2026-05-12 20:41:35,671 - __main__ - ERROR - ytmusic playlists failed
Traceback (most recent call last):
  File "/Users/louiscao/Desktop/PROJECT LIST/playlist_converter/backend/services/ytmusic_service.py", line 169, in _mobile_then_web
    return fn_mobile()
           ^^^^^^^^^^^
  File "/Users/louiscao/Desktop/PROJECT LIST/playlist_converter/backend/services/ytmusic_service.py", line 214, in lm_mobile
    return ytm.get_playlist("LM", limit=1)
           ^^^^^^^^^^^^^^^^^^^^^^^^^^^^^^^
  File "/Users/louiscao/.pyenv/versions/3.11.9/lib/python3.11/site-packages/ytmusicapi/mixins/playlists.py", line 149, in get_playlist
    response = request_func("")
               ^^^^^^^^^^^^^^^^
  File "/Users/louiscao/.pyenv/versions/3.11.9/lib/python3.11/site-packages/ytmusicapi/mixins/playlists.py", line 146, in <lambda>
    request_func: RequestFuncType = lambda additionalParams: self._send_request(
                                                             ^^^^^^^^^^^^^^^^^^^
  File "/Users/louiscao/.pyenv/versions/3.11.9/lib/python3.11/site-packages/ytmusicapi/ytmusic.py", line 243, in _send_request
    raise YTMusicServerError(message + error)
ytmusicapi.exceptions.YTMusicServerError: Server returned HTTP 404: Not Found.
Requested entity was not found.

During handling of the above exception, another exception occurred:

Traceback (most recent call last):
  File "/Users/louiscao/.pyenv/versions/3.11.9/lib/python3.11/site-packages/ytmusicapi/navigation.py", line 138, in nav
    root = root[k]
           ~~~~^^^
KeyError: 'twoColumnBrowseResultsRenderer'

During handling of the above exception, another exception occurred:

Traceback (most recent call last):
  File "/Users/louiscao/Desktop/PROJECT LIST/playlist_converter/backend/main.py", line 332, in ytmusic_playlists
    playlists = svc.list_playlists()
                ^^^^^^^^^^^^^^^^^^^^
  File "/Users/louiscao/Desktop/PROJECT LIST/playlist_converter/backend/services/ytmusic_service.py", line 219, in list_playlists
    lm = self._mobile_then_web("get_playlist(LM)", lm_mobile, lm_web)
         ^^^^^^^^^^^^^^^^^^^^^^^^^^^^^^^^^^^^^^^^^^^^^^^^^^^^^^^^^^^^
  File "/Users/louiscao/Desktop/PROJECT LIST/playlist_converter/backend/services/ytmusic_service.py", line 173, in _mobile_then_web
    return fn_web()
           ^^^^^^^^
  File "/Users/louiscao/Desktop/PROJECT LIST/playlist_converter/backend/services/ytmusic_service.py", line 217, in lm_web
    return ytm.get_playlist("LM", limit=1)
           ^^^^^^^^^^^^^^^^^^^^^^^^^^^^^^^
  File "/Users/louiscao/.pyenv/versions/3.11.9/lib/python3.11/site-packages/ytmusicapi/mixins/playlists.py", line 157, in get_playlist
    header_data = nav(response, [*TWO_COLUMN_RENDERER, *TAB_CONTENT, *SECTION_LIST_ITEM])
                  ^^^^^^^^^^^^^^^^^^^^^^^^^^^^^^^^^^^^^^^^^^^^^^^^^^^^^^^^^^^^^^^^^^^^^^^
  File "/Users/louiscao/.pyenv/versions/3.11.9/lib/python3.11/site-packages/ytmusicapi/navigation.py", line 142, in nav
    raise type(e)(f"Unable to find '{k}' using path {items!r} on {root!r}, exception: {e}")
KeyError: "Unable to find 'twoColumnBrowseResultsRenderer' using path ['contents', 'twoColumnBrowseResultsRenderer', 'tabs', 0, 'tabRenderer', 'content', 'sectionListRenderer', 'contents', 0] on {'singleColumnBrowseResultsRenderer': {'tabs': [{'tabRenderer': {'selected': True, 'content': {'sectionListRenderer': {'contents': [{'itemSectionRenderer': {'contents': [{'messageRenderer': {'text': {'runs': [{'text': 'Looking for what you’ve liked?'}]}, 'icon': {'iconType': 'LIKE'}, 'trackingParams': 'CAQQljsYACITCKu9uu-DtZQDFUB0EgEda2Q4tg==', 'button': {'buttonRenderer': {'style': 'STYLE_DEFAULT', 'isDisabled': False, 'text': {'runs': [{'text': 'Sign in'}]}, 'navigationEndpoint': {'clickTrackingParams': 'CAUQ8FsiEwirvbrvg7WUAxVAdBIBHWtkOLbKAQRJEsIP', 'signInEndpoint': {'hack': True}}, 'trackingParams': 'CAUQ8FsiEwirvbrvg7WUAxVAdBIBHWtkOLY='}}, 'subtext': {'messageSubtextRenderer': {'text': {'runs': [{'text': 'Sign in to listen to your liked tracks'}]}}}, 'style': {'value': 'RENDER_STYLE_VERTICAL_CENTERED'}}}], 'trackingParams': 'CAMQuy8YACITCKu9uu-DtZQDFUB0EgEda2Q4tg=='}}], 'trackingParams': 'CAIQui8iEwirvbrvg7WUAxVAdBIBHWtkOLY='}}, 'trackingParams': 'CAEQ8JMBGAAiEwirvbrvg7WUAxVAdBIBHWtkOLY='}}]}}, exception: 'twoColumnBrowseResultsRenderer'"
2026-05-12 20:41:35,681 - backend.services.youtube_service - INFO - Listing user's YouTube playlists...
2026-05-12 20:41:36,353 - backend.services.youtube_service - DEBUG - Listed 14 playlists (incl. system lists)
2026-05-12 20:44:58,311 - backend.services.spotify_service - INFO - Fetching user playlists from Spotify...
2026-05-12 20:44:58,860 - backend.services.spotify_service - DEBUG - Received 3 playlists
2026-05-12 20:44:58,871 - backend.services.ytmusic_service - INFO - ytmusicapi using browser headers /Users/louiscao/Desktop/PROJECT LIST/playlist_converter/backend/browser_headers.json (OAuth skipped; TV client env not required)
2026-05-12 20:44:58,972 - backend.services.ytmusic_service - WARNING - get_library_playlists: mobile client failed (Server returned HTTP 401: Unauthorized.
Request is missing required authentication credential. Expected OAuth 2 access token, login cookie or other valid authentication credential. See https://developers.google.com/identity/sign-in/web/devconsole-project.); trying WEB_REMIX
2026-05-12 20:44:59,185 - backend.services.ytmusic_service - WARNING - get_playlist(LM): mobile client failed (Server returned HTTP 404: Not Found.
Requested entity was not found.); trying WEB_REMIX
2026-05-12 20:44:59,231 - backend.services.ytmusic_service - WARNING - Skipping YouTube Music Liked songs (LM): "Unable to find 'twoColumnBrowseResultsRenderer' using path ['contents', 'twoColumnBrowseResultsRenderer', 'tabs', 0, 'tabRenderer', 'content', 'sectionListRenderer', 'contents', 0] on {'singleColumnBrowseResultsRenderer': {'tabs': [{'tabRenderer': {'selected': True, 'content': {'sectionListRenderer': {'contents': [{'itemSectionRenderer': {'contents': [{'messageRenderer': {'text': {'runs': [{'text': 'Looking for what you’ve liked?'}]}, 'icon': {'iconType': 'LIKE'}, 'trackingParams': 'CAQQljsYACITCJXzwtCEtZQDFWOUwgEdBIUgfw==', 'button': {'buttonRenderer': {'style': 'STYLE_DEFAULT', 'isDisabled': False, 'text': {'runs': [{'text': 'Sign in'}]}, 'navigationEndpoint': {'clickTrackingParams': 'CAUQ8FsiEwiV88LQhLWUAxVjlMIBHQSFIH_KAQRJEsIP', 'signInEndpoint': {'hack': True}}, 'trackingParams': 'CAUQ8FsiEwiV88LQhLWUAxVjlMIBHQSFIH8='}}, 'subtext': {'messageSubtextRenderer': {'text': {'runs': [{'text': 'Sign in to listen to your liked tracks'}]}}}, 'style': {'value': 'RENDER_STYLE_VERTICAL_CENTERED'}}}], 'trackingParams': 'CAMQuy8YACITCJXzwtCEtZQDFWOUwgEdBIUgfw=='}}], 'trackingParams': 'CAIQui8iEwiV88LQhLWUAxVjlMIBHQSFIH8='}}, 'trackingParams': 'CAEQ8JMBGAAiEwiV88LQhLWUAxVjlMIBHQSFIH8='}}]}}, exception: 'twoColumnBrowseResultsRenderer'". Session may not expose the library (re-auth, or use browser headers).
2026-05-12 20:46:52,788 - backend.services.spotify_service - INFO - Fetching user playlists from Spotify...
2026-05-12 20:46:53,093 - backend.services.spotify_service - DEBUG - Received 3 playlists
2026-05-12 20:46:53,104 - backend.services.ytmusic_service - INFO - ytmusicapi using browser headers /Users/louiscao/Desktop/PROJECT LIST/playlist_converter/backend/browser_headers.json (OAuth skipped; TV client env not required)
2026-05-12 20:46:53,215 - backend.services.ytmusic_service - WARNING - get_library_playlists: mobile client failed (Server returned HTTP 401: Unauthorized.
Request is missing required authentication credential. Expected OAuth 2 access token, login cookie or other valid authentication credential. See https://developers.google.com/identity/sign-in/web/devconsole-project.); trying WEB_REMIX
2026-05-12 20:46:53,538 - backend.services.ytmusic_service - WARNING - get_playlist(LM): mobile client failed (Server returned HTTP 404: Not Found.
Requested entity was not found.); trying WEB_REMIX
2026-05-12 20:46:53,588 - backend.services.ytmusic_service - WARNING - Skipping YouTube Music Liked songs (LM): "Unable to find 'twoColumnBrowseResultsRenderer' using path ['contents', 'twoColumnBrowseResultsRenderer', 'tabs', 0, 'tabRenderer', 'content', 'sectionListRenderer', 'contents', 0] on {'singleColumnBrowseResultsRenderer': {'tabs': [{'tabRenderer': {'selected': True, 'content': {'sectionListRenderer': {'contents': [{'itemSectionRenderer': {'contents': [{'messageRenderer': {'text': {'runs': [{'text': 'Looking for what you’ve liked?'}]}, 'icon': {'iconType': 'LIKE'}, 'trackingParams': 'CAQQljsYACITCIuIhoeFtZQDFZ0CFQUdJ1guJg==', 'button': {'buttonRenderer': {'style': 'STYLE_DEFAULT', 'isDisabled': False, 'text': {'runs': [{'text': 'Sign in'}]}, 'navigationEndpoint': {'clickTrackingParams': 'CAUQ8FsiEwiLiIaHhbWUAxWdAhUFHSdYLibKAQRJEsIP', 'signInEndpoint': {'hack': True}}, 'trackingParams': 'CAUQ8FsiEwiLiIaHhbWUAxWdAhUFHSdYLiY='}}, 'subtext': {'messageSubtextRenderer': {'text': {'runs': [{'text': 'Sign in to listen to your liked tracks'}]}}}, 'style': {'value': 'RENDER_STYLE_VERTICAL_CENTERED'}}}], 'trackingParams': 'CAMQuy8YACITCIuIhoeFtZQDFZ0CFQUdJ1guJg=='}}], 'trackingParams': 'CAIQui8iEwiLiIaHhbWUAxWdAhUFHSdYLiY='}}, 'trackingParams': 'CAEQ8JMBGAAiEwiLiIaHhbWUAxWdAhUFHSdYLiY='}}]}}, exception: 'twoColumnBrowseResultsRenderer'". Session may not expose the library (re-auth, or use browser headers).
2026-05-12 20:46:53,589 - __main__ - WARNING - ytmusicapi returned 0 playlists (library browse often empty with TV OAuth); trying YouTube Data API fallback
2026-05-12 20:46:53,596 - backend.services.youtube_service - INFO - Listing user's YouTube playlists...
2026-05-12 20:46:54,349 - backend.services.youtube_service - DEBUG - Listed 14 playlists (incl. system lists)
2026-05-12 20:49:57,621 - backend.services.spotify_service - INFO - Fetching user playlists from Spotify...
2026-05-12 20:49:57,924 - backend.services.spotify_service - DEBUG - Received 3 playlists
2026-05-12 20:49:57,933 - backend.services.ytmusic_service - INFO - ytmusicapi using browser headers /Users/louiscao/Desktop/PROJECT LIST/playlist_converter/backend/browser_headers.json (OAuth skipped; TV client env not required)
2026-05-12 20:49:58,330 - backend.services.ytmusic_service - WARNING - get_library_playlists: mobile client failed (Server returned HTTP 401: Unauthorized.
Request is missing required authentication credential. Expected OAuth 2 access token, login cookie or other valid authentication credential. See https://developers.google.com/identity/sign-in/web/devconsole-project.); trying WEB_REMIX
2026-05-12 20:49:58,710 - backend.services.ytmusic_service - WARNING - get_playlist(LM): mobile client failed (Server returned HTTP 404: Not Found.
Requested entity was not found.); trying WEB_REMIX
2026-05-12 20:49:58,751 - backend.services.ytmusic_service - WARNING - Skipping YouTube Music Liked songs (LM): "Unable to find 'twoColumnBrowseResultsRenderer' using path ['contents', 'twoColumnBrowseResultsRenderer', 'tabs', 0, 'tabRenderer', 'content', 'sectionListRenderer', 'contents', 0] on {'singleColumnBrowseResultsRenderer': {'tabs': [{'tabRenderer': {'selected': True, 'content': {'sectionListRenderer': {'contents': [{'itemSectionRenderer': {'contents': [{'messageRenderer': {'text': {'runs': [{'text': 'Looking for what you’ve liked?'}]}, 'icon': {'iconType': 'LIKE'}, 'trackingParams': 'CAQQljsYACITCM3xq9-FtZQDFYVuEgEd2eMFkg==', 'button': {'buttonRenderer': {'style': 'STYLE_DEFAULT', 'isDisabled': False, 'text': {'runs': [{'text': 'Sign in'}]}, 'navigationEndpoint': {'clickTrackingParams': 'CAUQ8FsiEwjN8avfhbWUAxWFbhIBHdnjBZLKAQRJEsIP', 'signInEndpoint': {'hack': True}}, 'trackingParams': 'CAUQ8FsiEwjN8avfhbWUAxWFbhIBHdnjBZI='}}, 'subtext': {'messageSubtextRenderer': {'text': {'runs': [{'text': 'Sign in to listen to your liked tracks'}]}}}, 'style': {'value': 'RENDER_STYLE_VERTICAL_CENTERED'}}}], 'trackingParams': 'CAMQuy8YACITCM3xq9-FtZQDFYVuEgEd2eMFkg=='}}], 'trackingParams': 'CAIQui8iEwjN8avfhbWUAxWFbhIBHdnjBZI='}}, 'trackingParams': 'CAEQ8JMBGAAiEwjN8avfhbWUAxWFbhIBHdnjBZI='}}]}}, exception: 'twoColumnBrowseResultsRenderer'". Session may not expose the library (re-auth, or use browser headers).
2026-05-12 20:49:58,752 - __main__ - WARNING - ytmusicapi returned 0 playlists (library browse often empty with TV OAuth); trying YouTube Data API fallback
2026-05-12 20:49:58,759 - backend.services.youtube_service - INFO - Listing user's YouTube playlists...
2026-05-12 20:49:59,415 - backend.services.youtube_service - DEBUG - Listed 14 playlists (incl. system lists)
2026-05-12 21:02:27,377 - backend.services.spotify_service - INFO - Fetching user playlists from Spotify...
2026-05-12 21:02:27,910 - backend.services.spotify_service - DEBUG - Received 3 playlists
2026-05-12 21:02:27,929 - backend.services.ytmusic_service - INFO - ytmusicapi using browser headers /Users/louiscao/Desktop/PROJECT LIST/playlist_converter/backend/browser_headers.json (OAuth skipped; TV client env not required)
2026-05-12 21:02:28,067 - backend.services.ytmusic_service - WARNING - get_library_playlists: mobile client failed (Server returned HTTP 401: Unauthorized.
Request is missing required authentication credential. Expected OAuth 2 access token, login cookie or other valid authentication credential. See https://developers.google.com/identity/sign-in/web/devconsole-project.); trying WEB_REMIX
2026-05-12 21:02:28,346 - backend.services.ytmusic_service - WARNING - get_playlist(LM): mobile client failed (Server returned HTTP 404: Not Found.
Requested entity was not found.); trying WEB_REMIX
2026-05-12 21:02:28,473 - backend.services.ytmusic_service - WARNING - Skipping YouTube Music Liked songs (LM): "Unable to find 'twoColumnBrowseResultsRenderer' using path ['contents', 'twoColumnBrowseResultsRenderer', 'tabs', 0, 'tabRenderer', 'content', 'sectionListRenderer', 'contents', 0] on {'singleColumnBrowseResultsRenderer': {'tabs': [{'tabRenderer': {'selected': True, 'content': {'sectionListRenderer': {'contents': [{'itemSectionRenderer': {'contents': [{'messageRenderer': {'text': {'runs': [{'text': 'Looking for what you’ve liked?'}]}, 'icon': {'iconType': 'LIKE'}, 'trackingParams': 'CAQQljsYACITCLKM6MSItZQDFVCJ_wQdmOkMPA==', 'button': {'buttonRenderer': {'style': 'STYLE_DEFAULT', 'isDisabled': False, 'text': {'runs': [{'text': 'Sign in'}]}, 'navigationEndpoint': {'clickTrackingParams': 'CAUQ8FsiEwiyjOjEiLWUAxVQif8EHZjpDDzKAQRJEsIP', 'signInEndpoint': {'hack': True}}, 'trackingParams': 'CAUQ8FsiEwiyjOjEiLWUAxVQif8EHZjpDDw='}}, 'subtext': {'messageSubtextRenderer': {'text': {'runs': [{'text': 'Sign in to listen to your liked tracks'}]}}}, 'style': {'value': 'RENDER_STYLE_VERTICAL_CENTERED'}}}], 'trackingParams': 'CAMQuy8YACITCLKM6MSItZQDFVCJ_wQdmOkMPA=='}}], 'trackingParams': 'CAIQui8iEwiyjOjEiLWUAxVQif8EHZjpDDw='}}, 'trackingParams': 'CAEQ8JMBGAAiEwiyjOjEiLWUAxVQif8EHZjpDDw='}}]}}, exception: 'twoColumnBrowseResultsRenderer'". Session may not expose the library (re-auth, or use browser headers).
2026-05-12 21:02:28,474 - __main__ - WARNING - ytmusicapi returned 0 playlists (library browse often empty with TV OAuth); trying YouTube Data API fallback
2026-05-12 21:02:28,483 - backend.services.youtube_service - INFO - Listing user's YouTube playlists...
2026-05-12 21:02:28,904 - backend.services.youtube_service - DEBUG - Listed 14 playlists (incl. system lists)
2026-05-12 21:03:49,110 - backend.services.spotify_service - INFO - Fetching user playlists from Spotify...
2026-05-12 21:03:49,400 - backend.services.spotify_service - DEBUG - Received 3 playlists
2026-05-12 21:03:49,417 - backend.services.ytmusic_service - INFO - ytmusicapi using browser headers /Users/louiscao/Desktop/PROJECT LIST/playlist_converter/backend/browser_headers.json (OAuth skipped; TV client env not required)
2026-05-12 21:03:49,530 - backend.services.ytmusic_service - WARNING - get_library_playlists: mobile client failed (Server returned HTTP 401: Unauthorized.
Request is missing required authentication credential. Expected OAuth 2 access token, login cookie or other valid authentication credential. See https://developers.google.com/identity/sign-in/web/devconsole-project.); trying WEB_REMIX
2026-05-12 21:03:49,832 - backend.services.ytmusic_service - WARNING - get_playlist(LM): mobile client failed (Server returned HTTP 404: Not Found.
Requested entity was not found.); trying WEB_REMIX
2026-05-12 21:03:49,876 - backend.services.ytmusic_service - WARNING - Skipping YouTube Music Liked songs (LM): "Unable to find 'twoColumnBrowseResultsRenderer' using path ['contents', 'twoColumnBrowseResultsRenderer', 'tabs', 0, 'tabRenderer', 'content', 'sectionListRenderer', 'contents', 0] on {'singleColumnBrowseResultsRenderer': {'tabs': [{'tabRenderer': {'selected': True, 'content': {'sectionListRenderer': {'contents': [{'itemSectionRenderer': {'contents': [{'messageRenderer': {'text': {'runs': [{'text': 'Looking for what you’ve liked?'}]}, 'icon': {'iconType': 'LIKE'}, 'trackingParams': 'CAQQljsYACITCNHE1euItZQDFfQVhgAdLEEsaw==', 'button': {'buttonRenderer': {'style': 'STYLE_DEFAULT', 'isDisabled': False, 'text': {'runs': [{'text': 'Sign in'}]}, 'navigationEndpoint': {'clickTrackingParams': 'CAUQ8FsiEwjRxNXriLWUAxX0FYYAHSxBLGvKAQRJEsIP', 'signInEndpoint': {'hack': True}}, 'trackingParams': 'CAUQ8FsiEwjRxNXriLWUAxX0FYYAHSxBLGs='}}, 'subtext': {'messageSubtextRenderer': {'text': {'runs': [{'text': 'Sign in to listen to your liked tracks'}]}}}, 'style': {'value': 'RENDER_STYLE_VERTICAL_CENTERED'}}}], 'trackingParams': 'CAMQuy8YACITCNHE1euItZQDFfQVhgAdLEEsaw=='}}], 'trackingParams': 'CAIQui8iEwjRxNXriLWUAxX0FYYAHSxBLGs='}}, 'trackingParams': 'CAEQ8JMBGAAiEwjRxNXriLWUAxX0FYYAHSxBLGs='}}]}}, exception: 'twoColumnBrowseResultsRenderer'". Session may not expose the library (re-auth, or use browser headers).
2026-05-12 21:03:49,877 - __main__ - WARNING - ytmusicapi returned 0 playlists (library browse often empty with TV OAuth); trying YouTube Data API fallback
2026-05-12 21:03:49,888 - backend.services.youtube_service - INFO - Listing user's YouTube playlists...
2026-05-12 21:03:50,329 - backend.services.youtube_service - DEBUG - Listed 14 playlists (incl. system lists)
2026-05-12 21:04:07,130 - backend.services.spotify_service - INFO - Fetching user playlists from Spotify...
2026-05-12 21:04:07,317 - backend.services.spotify_service - DEBUG - Received 3 playlists
2026-05-12 21:04:07,328 - backend.services.ytmusic_service - INFO - ytmusicapi using browser headers /Users/louiscao/Desktop/PROJECT LIST/playlist_converter/backend/browser_headers.json (OAuth skipped; TV client env not required)
2026-05-12 21:04:07,753 - backend.services.ytmusic_service - WARNING - get_library_playlists: mobile client failed (Server returned HTTP 401: Unauthorized.
Request is missing required authentication credential. Expected OAuth 2 access token, login cookie or other valid authentication credential. See https://developers.google.com/identity/sign-in/web/devconsole-project.); trying WEB_REMIX
2026-05-12 21:04:07,999 - backend.services.ytmusic_service - WARNING - get_playlist(LM): mobile client failed (Server returned HTTP 404: Not Found.
Requested entity was not found.); trying WEB_REMIX
2026-05-12 21:04:08,047 - backend.services.ytmusic_service - WARNING - Skipping YouTube Music Liked songs (LM): "Unable to find 'twoColumnBrowseResultsRenderer' using path ['contents', 'twoColumnBrowseResultsRenderer', 'tabs', 0, 'tabRenderer', 'content', 'sectionListRenderer', 'contents', 0] on {'singleColumnBrowseResultsRenderer': {'tabs': [{'tabRenderer': {'selected': True, 'content': {'sectionListRenderer': {'contents': [{'itemSectionRenderer': {'contents': [{'messageRenderer': {'text': {'runs': [{'text': 'Looking for what you’ve liked?'}]}, 'icon': {'iconType': 'LIKE'}, 'trackingParams': 'CAQQljsYACITCLjGqvSItZQDFX6__wQd2d0xyw==', 'button': {'buttonRenderer': {'style': 'STYLE_DEFAULT', 'isDisabled': False, 'text': {'runs': [{'text': 'Sign in'}]}, 'navigationEndpoint': {'clickTrackingParams': 'CAUQ8FsiEwi4xqr0iLWUAxV-v_8EHdndMcvKAQRJEsIP', 'signInEndpoint': {'hack': True}}, 'trackingParams': 'CAUQ8FsiEwi4xqr0iLWUAxV-v_8EHdndMcs='}}, 'subtext': {'messageSubtextRenderer': {'text': {'runs': [{'text': 'Sign in to listen to your liked tracks'}]}}}, 'style': {'value': 'RENDER_STYLE_VERTICAL_CENTERED'}}}], 'trackingParams': 'CAMQuy8YACITCLjGqvSItZQDFX6__wQd2d0xyw=='}}], 'trackingParams': 'CAIQui8iEwi4xqr0iLWUAxV-v_8EHdndMcs='}}, 'trackingParams': 'CAEQ8JMBGAAiEwi4xqr0iLWUAxV-v_8EHdndMcs='}}]}}, exception: 'twoColumnBrowseResultsRenderer'". Session may not expose the library (re-auth, or use browser headers).
2026-05-12 21:04:08,048 - __main__ - WARNING - ytmusicapi returned 0 playlists (library browse often empty with TV OAuth); trying YouTube Data API fallback
2026-05-12 21:04:08,056 - backend.services.youtube_service - INFO - Listing user's YouTube playlists...
2026-05-12 21:04:08,478 - backend.services.youtube_service - DEBUG - Listed 14 playlists (incl. system lists)
2026-05-12 21:05:34,177 - backend.services.ytmusic_service - INFO - ytmusicapi using browser headers /Users/louiscao/Desktop/PROJECT LIST/playlist_converter/backend/browser_headers.json (OAuth skipped; TV client env not required)
2026-05-12 21:05:34,631 - backend.services.ytmusic_service - WARNING - get_library_playlists: mobile client failed (Server returned HTTP 401: Unauthorized.
Request is missing required authentication credential. Expected OAuth 2 access token, login cookie or other valid authentication credential. See https://developers.google.com/identity/sign-in/web/devconsole-project.); trying WEB_REMIX
2026-05-12 21:05:34,863 - backend.services.ytmusic_service - WARNING - get_playlist(LM): mobile client failed (Server returned HTTP 404: Not Found.
Requested entity was not found.); trying WEB_REMIX
2026-05-12 21:05:34,904 - backend.services.ytmusic_service - WARNING - Skipping YouTube Music Liked songs (LM): "Unable to find 'twoColumnBrowseResultsRenderer' using path ['contents', 'twoColumnBrowseResultsRenderer', 'tabs', 0, 'tabRenderer', 'content', 'sectionListRenderer', 'contents', 0] on {'singleColumnBrowseResultsRenderer': {'tabs': [{'tabRenderer': {'selected': True, 'content': {'sectionListRenderer': {'contents': [{'itemSectionRenderer': {'contents': [{'messageRenderer': {'text': {'runs': [{'text': 'Looking for what you’ve liked?'}]}, 'icon': {'iconType': 'LIKE'}, 'trackingParams': 'CAQQljsYACITCKeM4J2JtZQDFT10EgEdCd04aA==', 'button': {'buttonRenderer': {'style': 'STYLE_DEFAULT', 'isDisabled': False, 'text': {'runs': [{'text': 'Sign in'}]}, 'navigationEndpoint': {'clickTrackingParams': 'CAUQ8FsiEwinjOCdibWUAxU9dBIBHQndOGjKAQRJEsIP', 'signInEndpoint': {'hack': True}}, 'trackingParams': 'CAUQ8FsiEwinjOCdibWUAxU9dBIBHQndOGg='}}, 'subtext': {'messageSubtextRenderer': {'text': {'runs': [{'text': 'Sign in to listen to your liked tracks'}]}}}, 'style': {'value': 'RENDER_STYLE_VERTICAL_CENTERED'}}}], 'trackingParams': 'CAMQuy8YACITCKeM4J2JtZQDFT10EgEdCd04aA=='}}], 'trackingParams': 'CAIQui8iEwinjOCdibWUAxU9dBIBHQndOGg='}}, 'trackingParams': 'CAEQ8JMBGAAiEwinjOCdibWUAxU9dBIBHQndOGg='}}]}}, exception: 'twoColumnBrowseResultsRenderer'". Session may not expose the library (re-auth, or use browser headers).
2026-05-12 21:05:34,904 - __main__ - WARNING - ytmusicapi returned 0 playlists (library browse often empty with TV OAuth); trying YouTube Data API fallback
2026-05-12 21:05:34,916 - backend.services.youtube_service - INFO - Listing user's YouTube playlists...
2026-05-12 21:05:35,311 - backend.services.youtube_service - DEBUG - Listed 14 playlists (incl. system lists)
2026-05-12 21:05:35,313 - backend.services.ytmusic_service - INFO - ytmusicapi using browser headers /Users/louiscao/Desktop/PROJECT LIST/playlist_converter/backend/browser_headers.json (OAuth skipped; TV client env not required)
2026-05-12 21:05:35,407 - backend.services.ytmusic_service - WARNING - get_library_playlists: mobile client failed (Server returned HTTP 401: Unauthorized.
Request is missing required authentication credential. Expected OAuth 2 access token, login cookie or other valid authentication credential. See https://developers.google.com/identity/sign-in/web/devconsole-project.); trying WEB_REMIX
2026-05-12 21:05:35,616 - backend.services.ytmusic_service - WARNING - get_playlist(LM): mobile client failed (Server returned HTTP 404: Not Found.
Requested entity was not found.); trying WEB_REMIX
2026-05-12 21:05:35,667 - backend.services.ytmusic_service - WARNING - Skipping YouTube Music Liked songs (LM): "Unable to find 'twoColumnBrowseResultsRenderer' using path ['contents', 'twoColumnBrowseResultsRenderer', 'tabs', 0, 'tabRenderer', 'content', 'sectionListRenderer', 'contents', 0] on {'singleColumnBrowseResultsRenderer': {'tabs': [{'tabRenderer': {'selected': True, 'content': {'sectionListRenderer': {'contents': [{'itemSectionRenderer': {'contents': [{'messageRenderer': {'text': {'runs': [{'text': 'Looking for what you’ve liked?'}]}, 'icon': {'iconType': 'LIKE'}, 'trackingParams': 'CAQQljsYACITCJ7Ejp6JtZQDFZmawgEdPzsDhQ==', 'button': {'buttonRenderer': {'style': 'STYLE_DEFAULT', 'isDisabled': False, 'text': {'runs': [{'text': 'Sign in'}]}, 'navigationEndpoint': {'clickTrackingParams': 'CAUQ8FsiEwiexI6eibWUAxWZmsIBHT87A4XKAQRJEsIP', 'signInEndpoint': {'hack': True}}, 'trackingParams': 'CAUQ8FsiEwiexI6eibWUAxWZmsIBHT87A4U='}}, 'subtext': {'messageSubtextRenderer': {'text': {'runs': [{'text': 'Sign in to listen to your liked tracks'}]}}}, 'style': {'value': 'RENDER_STYLE_VERTICAL_CENTERED'}}}], 'trackingParams': 'CAMQuy8YACITCJ7Ejp6JtZQDFZmawgEdPzsDhQ=='}}], 'trackingParams': 'CAIQui8iEwiexI6eibWUAxWZmsIBHT87A4U='}}, 'trackingParams': 'CAEQ8JMBGAAiEwiexI6eibWUAxWZmsIBHT87A4U='}}]}}, exception: 'twoColumnBrowseResultsRenderer'". Session may not expose the library (re-auth, or use browser headers).
2026-05-12 21:05:35,667 - __main__ - WARNING - ytmusicapi returned 0 playlists (library browse often empty with TV OAuth); trying YouTube Data API fallback
2026-05-12 21:05:35,672 - backend.services.youtube_service - INFO - Listing user's YouTube playlists...
2026-05-12 21:05:36,041 - backend.services.youtube_service - DEBUG - Listed 14 playlists (incl. system lists)
2026-05-12 21:12:33,683 - backend.services.spotify_service - INFO - Fetching user playlists from Spotify...
2026-05-12 21:12:33,937 - backend.services.spotify_service - DEBUG - Received 3 playlists
2026-05-12 21:12:33,949 - backend.services.ytmusic_service - INFO - ytmusicapi using browser headers /Users/louiscao/Desktop/PROJECT LIST/playlist_converter/backend/browser_headers.json (OAuth skipped; TV client env not required)
2026-05-12 21:12:34,074 - backend.services.ytmusic_service - WARNING - get_library_playlists: mobile client failed (Server returned HTTP 400: Bad Request.
Request contains an invalid argument.); trying WEB_REMIX
2026-05-12 21:12:34,862 - backend.services.ytmusic_service - WARNING - get_playlist(LM): mobile client failed (Server returned HTTP 400: Bad Request.
Request contains an invalid argument.); trying WEB_REMIX
2026-05-12 21:32:13,804 - backend.services.spotify_service - INFO - Fetching user playlists from Spotify...
2026-05-12 21:32:14,024 - backend.services.spotify_service - DEBUG - Received 3 playlists
2026-05-12 21:32:14,034 - backend.services.ytmusic_service - INFO - ytmusicapi using browser headers /Users/louiscao/Desktop/PROJECT LIST/playlist_converter/backend/browser_headers.json (OAuth skipped; TV client env not required)
2026-05-12 21:32:14,291 - backend.services.ytmusic_service - WARNING - get_library_playlists: mobile client failed (Server returned HTTP 401: Unauthorized.
Request is missing required authentication credential. Expected OAuth 2 access token, login cookie or other valid authentication credential. See https://developers.google.com/identity/sign-in/web/devconsole-project.); trying WEB_REMIX
2026-05-12 21:32:14,523 - backend.services.ytmusic_service - WARNING - get_playlist(LM): mobile client failed (Server returned HTTP 404: Not Found.
Requested entity was not found.); trying WEB_REMIX
2026-05-12 21:32:14,566 - backend.services.ytmusic_service - WARNING - Skipping YouTube Music Liked songs (LM): "Unable to find 'twoColumnBrowseResultsRenderer' using path ['contents', 'twoColumnBrowseResultsRenderer', 'tabs', 0, 'tabRenderer', 'content', 'sectionListRenderer', 'contents', 0] on {'singleColumnBrowseResultsRenderer': {'tabs': [{'tabRenderer': {'selected': True, 'content': {'sectionListRenderer': {'contents': [{'itemSectionRenderer': {'contents': [{'messageRenderer': {'text': {'runs': [{'text': 'Looking for what you’ve liked?'}]}, 'icon': {'iconType': 'LIKE'}, 'trackingParams': 'CAQQljsYACITCP_BwpiPtZQDFZ8NFQUdBpIIAg==', 'button': {'buttonRenderer': {'style': 'STYLE_DEFAULT', 'isDisabled': False, 'text': {'runs': [{'text': 'Sign in'}]}, 'navigationEndpoint': {'clickTrackingParams': 'CAUQ8FsiEwj_wcKYj7WUAxWfDRUFHQaSCALKAQRJEsIP', 'signInEndpoint': {'hack': True}}, 'trackingParams': 'CAUQ8FsiEwj_wcKYj7WUAxWfDRUFHQaSCAI='}}, 'subtext': {'messageSubtextRenderer': {'text': {'runs': [{'text': 'Sign in to listen to your liked tracks'}]}}}, 'style': {'value': 'RENDER_STYLE_VERTICAL_CENTERED'}}}], 'trackingParams': 'CAMQuy8YACITCP_BwpiPtZQDFZ8NFQUdBpIIAg=='}}], 'trackingParams': 'CAIQui8iEwj_wcKYj7WUAxWfDRUFHQaSCAI='}}, 'trackingParams': 'CAEQ8JMBGAAiEwj_wcKYj7WUAxWfDRUFHQaSCAI='}}]}}, exception: 'twoColumnBrowseResultsRenderer'". Session may not expose the library (re-auth, or use browser headers).
2026-05-12 21:32:14,566 - __main__ - WARNING - ytmusicapi returned 0 playlists (library browse often empty with TV OAuth); trying YouTube Data API fallback
2026-05-12 21:32:14,576 - backend.services.youtube_service - INFO - Listing user's YouTube playlists...
2026-05-12 21:32:15,221 - backend.services.youtube_service - DEBUG - Listed 14 playlists (incl. system lists)
2026-05-12 21:33:07,849 - backend.services.spotify_service - INFO - Fetching user playlists from Spotify...
2026-05-12 21:33:08,140 - backend.services.spotify_service - DEBUG - Received 3 playlists
2026-05-12 21:33:08,156 - backend.services.youtube_service - INFO - Listing user's YouTube playlists...
2026-05-12 21:33:08,548 - backend.services.youtube_service - DEBUG - Listed 14 playlists (incl. system lists)
2026-05-12 21:33:10,547 - backend.services.ytmusic_service - INFO - ytmusicapi using browser headers /Users/louiscao/Desktop/PROJECT LIST/playlist_converter/backend/browser_headers.json (OAuth skipped; TV client env not required)
2026-05-12 21:33:10,982 - backend.services.ytmusic_service - WARNING - get_library_playlists: mobile client failed (Server returned HTTP 401: Unauthorized.
Request is missing required authentication credential. Expected OAuth 2 access token, login cookie or other valid authentication credential. See https://developers.google.com/identity/sign-in/web/devconsole-project.); trying WEB_REMIX
2026-05-12 21:33:11,214 - backend.services.ytmusic_service - WARNING - get_playlist(LM): mobile client failed (Server returned HTTP 404: Not Found.
Requested entity was not found.); trying WEB_REMIX
2026-05-12 21:33:11,279 - backend.services.ytmusic_service - WARNING - Skipping YouTube Music Liked songs (LM): "Unable to find 'twoColumnBrowseResultsRenderer' using path ['contents', 'twoColumnBrowseResultsRenderer', 'tabs', 0, 'tabRenderer', 'content', 'sectionListRenderer', 'contents', 0] on {'singleColumnBrowseResultsRenderer': {'tabs': [{'tabRenderer': {'selected': True, 'content': {'sectionListRenderer': {'contents': [{'itemSectionRenderer': {'contents': [{'messageRenderer': {'text': {'runs': [{'text': 'Looking for what you’ve liked?'}]}, 'icon': {'iconType': 'LIKE'}, 'trackingParams': 'CAQQljsYACITCN3mxrOPtZQDFe26KwYdpg0dTg==', 'button': {'buttonRenderer': {'style': 'STYLE_DEFAULT', 'isDisabled': False, 'text': {'runs': [{'text': 'Sign in'}]}, 'navigationEndpoint': {'clickTrackingParams': 'CAUQ8FsiEwjd5sazj7WUAxXtuisGHaYNHU7KAQRJEsIP', 'signInEndpoint': {'hack': True}}, 'trackingParams': 'CAUQ8FsiEwjd5sazj7WUAxXtuisGHaYNHU4='}}, 'subtext': {'messageSubtextRenderer': {'text': {'runs': [{'text': 'Sign in to listen to your liked tracks'}]}}}, 'style': {'value': 'RENDER_STYLE_VERTICAL_CENTERED'}}}], 'trackingParams': 'CAMQuy8YACITCN3mxrOPtZQDFe26KwYdpg0dTg=='}}], 'trackingParams': 'CAIQui8iEwjd5sazj7WUAxXtuisGHaYNHU4='}}, 'trackingParams': 'CAEQ8JMBGAAiEwjd5sazj7WUAxXtuisGHaYNHU4='}}]}}, exception: 'twoColumnBrowseResultsRenderer'". Session may not expose the library (re-auth, or use browser headers).
2026-05-12 21:33:11,280 - __main__ - WARNING - ytmusicapi returned 0 playlists (library browse often empty with TV OAuth); trying YouTube Data API fallback
2026-05-12 21:33:11,285 - backend.services.youtube_service - INFO - Listing user's YouTube playlists...
2026-05-12 21:33:11,636 - backend.services.youtube_service - DEBUG - Listed 14 playlists (incl. system lists)
2026-05-12 21:35:31,061 - backend.services.ytmusic_playwright_capture - INFO - ytmusic capture: Starting Chromium — log in to YouTube Music in the window that opens.
2026-05-12 21:35:47,873 - __main__ - ERROR - Playwright browser capture failed
Traceback (most recent call last):
  File "/Users/louiscao/Desktop/PROJECT LIST/playlist_converter/backend/main.py", line 507, in _ytmusic_capture_worker
    headers = run_playwright_capture(status=cb)
              ^^^^^^^^^^^^^^^^^^^^^^^^^^^^^^^^^
  File "/Users/louiscao/Desktop/PROJECT LIST/playlist_converter/backend/services/ytmusic_playwright_capture.py", line 139, in run_playwright_capture
    page.wait_for_timeout(2000)
  File "/Users/louiscao/.pyenv/versions/3.11.9/lib/python3.11/site-packages/playwright/sync_api/_generated.py", line 11879, in wait_for_timeout
    self._sync(self._impl_obj.wait_for_timeout(timeout=timeout))
  File "/Users/louiscao/.pyenv/versions/3.11.9/lib/python3.11/site-packages/playwright/_impl/_sync_base.py", line 115, in _sync
    return task.result()
           ^^^^^^^^^^^^^
  File "/Users/louiscao/.pyenv/versions/3.11.9/lib/python3.11/site-packages/playwright/_impl/_page.py", line 1113, in wait_for_timeout
    await self._main_frame.wait_for_timeout(timeout)
  File "/Users/louiscao/.pyenv/versions/3.11.9/lib/python3.11/site-packages/playwright/_impl/_frame.py", line 862, in wait_for_timeout
    await self._channel.send("waitForTimeout", None, {"waitTimeout": timeout})
  File "/Users/louiscao/.pyenv/versions/3.11.9/lib/python3.11/site-packages/playwright/_impl/_connection.py", line 69, in send
    return await self._connection.wrap_api_call(
           ^^^^^^^^^^^^^^^^^^^^^^^^^^^^^^^^^^^^^
  File "/Users/louiscao/.pyenv/versions/3.11.9/lib/python3.11/site-packages/playwright/_impl/_connection.py", line 559, in wrap_api_call
    raise rewrite_error(error, f"{parsed_st['apiName']}: {error}") from None
playwright._impl._errors.TargetClosedError: Page.wait_for_timeout: Target page, context or browser has been closed
2026-05-12 21:38:52,340 - backend.services.spotify_service - INFO - Fetching user playlists from Spotify...
2026-05-12 21:38:52,622 - backend.services.spotify_service - DEBUG - Received 3 playlists
2026-05-12 21:38:53,108 - backend.services.ytmusic_service - INFO - ytmusicapi using browser headers /Users/louiscao/Desktop/PROJECT LIST/playlist_converter/backend/browser_headers.json (OAuth skipped; TV client env not required)
2026-05-12 21:38:53,208 - backend.services.ytmusic_service - WARNING - get_library_playlists: mobile client failed (Server returned HTTP 401: Unauthorized.
Request is missing required authentication credential. Expected OAuth 2 access token, login cookie or other valid authentication credential. See https://developers.google.com/identity/sign-in/web/devconsole-project.); trying WEB_REMIX
2026-05-12 21:38:53,215 - backend.services.youtube_service - INFO - Listing user's YouTube playlists...
2026-05-12 21:38:53,596 - backend.services.ytmusic_service - WARNING - get_playlist(LM): mobile client failed (Server returned HTTP 404: Not Found.
Requested entity was not found.); trying WEB_REMIX
2026-05-12 21:38:53,638 - backend.services.ytmusic_service - WARNING - Skipping YouTube Music Liked songs (LM): "Unable to find 'twoColumnBrowseResultsRenderer' using path ['contents', 'twoColumnBrowseResultsRenderer', 'tabs', 0, 'tabRenderer', 'content', 'sectionListRenderer', 'contents', 0] on {'singleColumnBrowseResultsRenderer': {'tabs': [{'tabRenderer': {'selected': True, 'content': {'sectionListRenderer': {'contents': [{'itemSectionRenderer': {'contents': [{'messageRenderer': {'text': {'runs': [{'text': 'Looking for what you’ve liked?'}]}, 'icon': {'iconType': 'LIKE'}, 'trackingParams': 'CAQQljsYACITCJPj59aQtZQDFau2wgEd740iug==', 'button': {'buttonRenderer': {'style': 'STYLE_DEFAULT', 'isDisabled': False, 'text': {'runs': [{'text': 'Sign in'}]}, 'navigationEndpoint': {'clickTrackingParams': 'CAUQ8FsiEwiT4-fWkLWUAxWrtsIBHe-NIrrKAQRJEsIP', 'signInEndpoint': {'hack': True}}, 'trackingParams': 'CAUQ8FsiEwiT4-fWkLWUAxWrtsIBHe-NIro='}}, 'subtext': {'messageSubtextRenderer': {'text': {'runs': [{'text': 'Sign in to listen to your liked tracks'}]}}}, 'style': {'value': 'RENDER_STYLE_VERTICAL_CENTERED'}}}], 'trackingParams': 'CAMQuy8YACITCJPj59aQtZQDFau2wgEd740iug=='}}], 'trackingParams': 'CAIQui8iEwiT4-fWkLWUAxWrtsIBHe-NIro='}}, 'trackingParams': 'CAEQ8JMBGAAiEwiT4-fWkLWUAxWrtsIBHe-NIro='}}]}}, exception: 'twoColumnBrowseResultsRenderer'". Session may not expose the library (re-auth, or use browser headers).
2026-05-12 21:38:53,638 - __main__ - WARNING - ytmusicapi returned 0 playlists (library browse often empty with TV OAuth); trying YouTube Data API fallback
2026-05-12 21:38:53,642 - backend.services.youtube_service - INFO - Listing user's YouTube playlists...
2026-05-12 21:38:53,709 - backend.services.youtube_service - DEBUG - Listed 14 playlists (incl. system lists)
2026-05-12 21:38:54,282 - backend.services.youtube_service - DEBUG - Listed 14 playlists (incl. system lists)
2026-05-12 21:39:06,052 - backend.services.ytmusic_playwright_capture - INFO - ytmusic capture: Starting Chromium — log in to YouTube Music in the window that opens.
2026-05-12 21:41:08,325 - backend.services.ytmusic_playwright_capture - INFO - ytmusic capture: Session detected — saving cookies.
2026-05-12 21:41:08,981 - __main__ - INFO - Playwright capture wrote browser headers to backend/browser_headers.json
2026-05-12 21:42:01,709 - backend.services.ytmusic_service - INFO - ytmusicapi using browser headers /Users/louiscao/Desktop/PROJECT LIST/playlist_converter/backend/browser_headers.json (OAuth skipped; TV client env not required)
2026-05-12 21:42:02,241 - backend.services.ytmusic_service - WARNING - get_library_playlists: mobile client failed (Server returned HTTP 401: Unauthorized.
Request is missing required authentication credential. Expected OAuth 2 access token, login cookie or other valid authentication credential. See https://developers.google.com/identity/sign-in/web/devconsole-project.); trying WEB_REMIX
2026-05-12 21:42:02,481 - backend.services.ytmusic_service - WARNING - get_playlist(LM): mobile client failed (Server returned HTTP 404: Not Found.
Requested entity was not found.); trying WEB_REMIX
2026-05-12 21:42:02,522 - backend.services.ytmusic_service - WARNING - Skipping YouTube Music Liked songs (LM): "Unable to find 'twoColumnBrowseResultsRenderer' using path ['contents', 'twoColumnBrowseResultsRenderer', 'tabs', 0, 'tabRenderer', 'content', 'sectionListRenderer', 'contents', 0] on {'singleColumnBrowseResultsRenderer': {'tabs': [{'tabRenderer': {'selected': True, 'content': {'sectionListRenderer': {'contents': [{'itemSectionRenderer': {'contents': [{'messageRenderer': {'text': {'runs': [{'text': 'Looking for what you’ve liked?'}]}, 'icon': {'iconType': 'LIKE'}, 'trackingParams': 'CAQQljsYACITCISr8LCRtZQDFdGSwgEd50km9w==', 'button': {'buttonRenderer': {'style': 'STYLE_DEFAULT', 'isDisabled': False, 'text': {'runs': [{'text': 'Sign in'}]}, 'navigationEndpoint': {'clickTrackingParams': 'CAUQ8FsiEwiEq_CwkbWUAxXRksIBHedJJvfKAQQBxdq5', 'signInEndpoint': {'hack': True}}, 'trackingParams': 'CAUQ8FsiEwiEq_CwkbWUAxXRksIBHedJJvc='}}, 'subtext': {'messageSubtextRenderer': {'text': {'runs': [{'text': 'Sign in to listen to your liked tracks'}]}}}, 'style': {'value': 'RENDER_STYLE_VERTICAL_CENTERED'}}}], 'trackingParams': 'CAMQuy8YACITCISr8LCRtZQDFdGSwgEd50km9w=='}}], 'trackingParams': 'CAIQui8iEwiEq_CwkbWUAxXRksIBHedJJvc='}}, 'trackingParams': 'CAEQ8JMBGAAiEwiEq_CwkbWUAxXRksIBHedJJvc='}}]}}, exception: 'twoColumnBrowseResultsRenderer'". Session may not expose the library (re-auth, or use browser headers).
2026-05-12 21:42:02,523 - __main__ - WARNING - ytmusicapi returned 0 playlists (library browse often empty with TV OAuth); trying YouTube Data API fallback
2026-05-12 21:42:02,533 - backend.services.youtube_service - INFO - Listing user's YouTube playlists...
2026-05-12 21:42:03,073 - backend.services.youtube_service - DEBUG - Listed 14 playlists (incl. system lists)
2026-05-12 21:43:53,738 - backend.services.spotify_service - INFO - Fetching user playlists from Spotify...
2026-05-12 21:43:54,074 - backend.services.spotify_service - DEBUG - Received 3 playlists
2026-05-12 21:43:54,089 - backend.services.ytmusic_service - INFO - ytmusicapi using browser headers /Users/louiscao/Desktop/PROJECT LIST/playlist_converter/backend/browser_headers.json (OAuth skipped; TV client env not required)
2026-05-12 21:43:54,792 - backend.services.ytmusic_service - WARNING - get_library_playlists: mobile client failed (Server returned HTTP 401: Unauthorized.
Request is missing required authentication credential. Expected OAuth 2 access token, login cookie or other valid authentication credential. See https://developers.google.com/identity/sign-in/web/devconsole-project.); trying WEB_REMIX
2026-05-12 21:43:55,057 - backend.services.ytmusic_service - WARNING - get_playlist(LM): mobile client failed (Server returned HTTP 404: Not Found.
Requested entity was not found.); trying WEB_REMIX
2026-05-12 21:43:55,100 - backend.services.ytmusic_service - WARNING - Skipping YouTube Music Liked songs (LM): "Unable to find 'twoColumnBrowseResultsRenderer' using path ['contents', 'twoColumnBrowseResultsRenderer', 'tabs', 0, 'tabRenderer', 'content', 'sectionListRenderer', 'contents', 0] on {'singleColumnBrowseResultsRenderer': {'tabs': [{'tabRenderer': {'selected': True, 'content': {'sectionListRenderer': {'contents': [{'itemSectionRenderer': {'contents': [{'messageRenderer': {'text': {'runs': [{'text': 'Looking for what you’ve liked?'}]}, 'icon': {'iconType': 'LIKE'}, 'trackingParams': 'CAQQljsYACITCI-vx-aRtZQDFT61wgEdlTEYaA==', 'button': {'buttonRenderer': {'style': 'STYLE_DEFAULT', 'isDisabled': False, 'text': {'runs': [{'text': 'Sign in'}]}, 'navigationEndpoint': {'clickTrackingParams': 'CAUQ8FsiEwiPr8fmkbWUAxU-tcIBHZUxGGjKAQTj22cM', 'signInEndpoint': {'hack': True}}, 'trackingParams': 'CAUQ8FsiEwiPr8fmkbWUAxU-tcIBHZUxGGg='}}, 'subtext': {'messageSubtextRenderer': {'text': {'runs': [{'text': 'Sign in to listen to your liked tracks'}]}}}, 'style': {'value': 'RENDER_STYLE_VERTICAL_CENTERED'}}}], 'trackingParams': 'CAMQuy8YACITCI-vx-aRtZQDFT61wgEdlTEYaA=='}}], 'trackingParams': 'CAIQui8iEwiPr8fmkbWUAxU-tcIBHZUxGGg='}}, 'trackingParams': 'CAEQ8JMBGAAiEwiPr8fmkbWUAxU-tcIBHZUxGGg='}}]}}, exception: 'twoColumnBrowseResultsRenderer'". Session may not expose the library (re-auth, or use browser headers).
2026-05-12 21:43:55,100 - __main__ - WARNING - ytmusicapi returned 0 playlists (library browse often empty with TV OAuth); trying YouTube Data API fallback
2026-05-12 21:43:55,108 - backend.services.youtube_service - INFO - Listing user's YouTube playlists...
2026-05-12 21:43:55,581 - backend.services.youtube_service - DEBUG - Listed 14 playlists (incl. system lists)
2026-05-12 21:44:02,273 - backend.services.ytmusic_playwright_capture - INFO - ytmusic capture: Starting Chromium — log in to YouTube Music in the window that opens.
2026-05-12 21:44:52,380 - backend.services.ytmusic_playwright_capture - INFO - ytmusic capture: Session detected — saving cookies.
2026-05-12 21:44:52,667 - __main__ - INFO - Playwright capture wrote browser headers to backend/browser_headers.json
2026-05-12 21:44:52,695 - backend.services.ytmusic_service - INFO - ytmusicapi using browser headers /Users/louiscao/Desktop/PROJECT LIST/playlist_converter/backend/browser_headers.json (OAuth skipped; TV client env not required)
2026-05-12 21:44:53,295 - backend.services.ytmusic_service - WARNING - get_library_playlists: mobile client failed (Server returned HTTP 401: Unauthorized.
Request is missing required authentication credential. Expected OAuth 2 access token, login cookie or other valid authentication credential. See https://developers.google.com/identity/sign-in/web/devconsole-project.); trying WEB_REMIX
2026-05-12 21:44:53,565 - backend.services.ytmusic_service - WARNING - get_playlist(LM): mobile client failed (Server returned HTTP 404: Not Found.
Requested entity was not found.); trying WEB_REMIX
2026-05-12 21:44:53,673 - backend.services.ytmusic_service - WARNING - Skipping YouTube Music Liked songs (LM): "Unable to find 'twoColumnBrowseResultsRenderer' using path ['contents', 'twoColumnBrowseResultsRenderer', 'tabs', 0, 'tabRenderer', 'content', 'sectionListRenderer', 'contents', 0] on {'singleColumnBrowseResultsRenderer': {'tabs': [{'tabRenderer': {'selected': True, 'content': {'sectionListRenderer': {'contents': [{'itemSectionRenderer': {'contents': [{'messageRenderer': {'text': {'runs': [{'text': 'Looking for what you’ve liked?'}]}, 'icon': {'iconType': 'LIKE'}, 'trackingParams': 'CAQQljsYACITCM6puoKStZQDFYdvEgEdYkAqPw==', 'button': {'buttonRenderer': {'style': 'STYLE_DEFAULT', 'isDisabled': False, 'text': {'runs': [{'text': 'Sign in'}]}, 'navigationEndpoint': {'clickTrackingParams': 'CAUQ8FsiEwjOqbqCkrWUAxWHbxIBHWJAKj_KAQQsMeBA', 'signInEndpoint': {'hack': True}}, 'trackingParams': 'CAUQ8FsiEwjOqbqCkrWUAxWHbxIBHWJAKj8='}}, 'subtext': {'messageSubtextRenderer': {'text': {'runs': [{'text': 'Sign in to listen to your liked tracks'}]}}}, 'style': {'value': 'RENDER_STYLE_VERTICAL_CENTERED'}}}], 'trackingParams': 'CAMQuy8YACITCM6puoKStZQDFYdvEgEdYkAqPw=='}}], 'trackingParams': 'CAIQui8iEwjOqbqCkrWUAxWHbxIBHWJAKj8='}}, 'trackingParams': 'CAEQ8JMBGAAiEwjOqbqCkrWUAxWHbxIBHWJAKj8='}}]}}, exception: 'twoColumnBrowseResultsRenderer'". Session may not expose the library (re-auth, or use browser headers).
2026-05-12 21:44:53,676 - __main__ - WARNING - ytmusicapi returned 0 playlists (library browse often empty with TV OAuth); trying YouTube Data API fallback
2026-05-12 21:44:53,685 - backend.services.youtube_service - INFO - Listing user's YouTube playlists...
2026-05-12 21:44:54,104 - backend.services.youtube_service - DEBUG - Listed 14 playlists (incl. system lists)
2026-05-12 21:45:10,165 - backend.services.spotify_service - INFO - Fetching user playlists from Spotify...
2026-05-12 21:45:10,625 - backend.services.spotify_service - DEBUG - Received 3 playlists
2026-05-12 21:45:10,642 - backend.services.ytmusic_service - INFO - ytmusicapi using browser headers /Users/louiscao/Desktop/PROJECT LIST/playlist_converter/backend/browser_headers.json (OAuth skipped; TV client env not required)
2026-05-12 21:45:11,280 - backend.services.ytmusic_service - WARNING - get_library_playlists: mobile client failed (Server returned HTTP 401: Unauthorized.
Request is missing required authentication credential. Expected OAuth 2 access token, login cookie or other valid authentication credential. See https://developers.google.com/identity/sign-in/web/devconsole-project.); trying WEB_REMIX
2026-05-12 21:45:11,640 - backend.services.ytmusic_service - WARNING - get_playlist(LM): mobile client failed (Server returned HTTP 404: Not Found.
Requested entity was not found.); trying WEB_REMIX
2026-05-12 21:45:11,688 - backend.services.ytmusic_service - WARNING - Skipping YouTube Music Liked songs (LM): "Unable to find 'twoColumnBrowseResultsRenderer' using path ['contents', 'twoColumnBrowseResultsRenderer', 'tabs', 0, 'tabRenderer', 'content', 'sectionListRenderer', 'contents', 0] on {'singleColumnBrowseResultsRenderer': {'tabs': [{'tabRenderer': {'selected': True, 'content': {'sectionListRenderer': {'contents': [{'itemSectionRenderer': {'contents': [{'messageRenderer': {'text': {'runs': [{'text': 'Looking for what you’ve liked?'}]}, 'icon': {'iconType': 'LIKE'}, 'trackingParams': 'CAQQljsYACITCL6yiYuStZQDFXSawgEdnTEmOg==', 'button': {'buttonRenderer': {'style': 'STYLE_DEFAULT', 'isDisabled': False, 'text': {'runs': [{'text': 'Sign in'}]}, 'navigationEndpoint': {'clickTrackingParams': 'CAUQ8FsiEwi-somLkrWUAxV0msIBHZ0xJjrKAQRaoFz7', 'signInEndpoint': {'hack': True}}, 'trackingParams': 'CAUQ8FsiEwi-somLkrWUAxV0msIBHZ0xJjo='}}, 'subtext': {'messageSubtextRenderer': {'text': {'runs': [{'text': 'Sign in to listen to your liked tracks'}]}}}, 'style': {'value': 'RENDER_STYLE_VERTICAL_CENTERED'}}}], 'trackingParams': 'CAMQuy8YACITCL6yiYuStZQDFXSawgEdnTEmOg=='}}], 'trackingParams': 'CAIQui8iEwi-somLkrWUAxV0msIBHZ0xJjo='}}, 'trackingParams': 'CAEQ8JMBGAAiEwi-somLkrWUAxV0msIBHZ0xJjo='}}]}}, exception: 'twoColumnBrowseResultsRenderer'". Session may not expose the library (re-auth, or use browser headers).
2026-05-12 21:45:11,689 - __main__ - WARNING - ytmusicapi returned 0 playlists (library browse often empty with TV OAuth); trying YouTube Data API fallback
2026-05-12 21:45:11,696 - backend.services.youtube_service - INFO - Listing user's YouTube playlists...
2026-05-12 21:45:12,235 - backend.services.youtube_service - DEBUG - Listed 14 playlists (incl. system lists)
2026-05-12 21:50:27,237 - backend.services.spotify_service - INFO - Fetching user playlists from Spotify...
2026-05-12 21:50:27,565 - backend.services.spotify_service - DEBUG - Received 3 playlists
2026-05-12 21:50:27,575 - backend.services.ytmusic_service - INFO - ytmusicapi using browser headers /Users/louiscao/Desktop/PROJECT LIST/playlist_converter/backend/browser_headers.json (OAuth skipped; TV client env not required)
2026-05-12 21:50:28,155 - backend.services.ytmusic_service - WARNING - get_library_playlists: mobile client failed (Server returned HTTP 401: Unauthorized.
Request is missing required authentication credential. Expected OAuth 2 access token, login cookie or other valid authentication credential. See https://developers.google.com/identity/sign-in/web/devconsole-project.); trying WEB_REMIX
2026-05-12 21:50:28,506 - backend.services.ytmusic_service - WARNING - get_playlist(LM): mobile client failed (Server returned HTTP 404: Not Found.
Requested entity was not found.); trying WEB_REMIX
2026-05-12 21:50:28,613 - backend.services.ytmusic_service - WARNING - Skipping YouTube Music Liked songs (LM): "Unable to find 'twoColumnBrowseResultsRenderer' using path ['contents', 'twoColumnBrowseResultsRenderer', 'tabs', 0, 'tabRenderer', 'content', 'sectionListRenderer', 'contents', 0] on {'singleColumnBrowseResultsRenderer': {'tabs': [{'tabRenderer': {'selected': True, 'content': {'sectionListRenderer': {'contents': [{'itemSectionRenderer': {'contents': [{'messageRenderer': {'text': {'runs': [{'text': 'Looking for what you’ve liked?'}]}, 'icon': {'iconType': 'LIKE'}, 'trackingParams': 'CAQQljsYACITCIqklaKTtZQDFa20wgEdMfoShg==', 'button': {'buttonRenderer': {'style': 'STYLE_DEFAULT', 'isDisabled': False, 'text': {'runs': [{'text': 'Sign in'}]}, 'navigationEndpoint': {'clickTrackingParams': 'CAUQ8FsiEwiKpJWik7WUAxWttMIBHTH6EobKAQQcs9mp', 'signInEndpoint': {'hack': True}}, 'trackingParams': 'CAUQ8FsiEwiKpJWik7WUAxWttMIBHTH6EoY='}}, 'subtext': {'messageSubtextRenderer': {'text': {'runs': [{'text': 'Sign in to listen to your liked tracks'}]}}}, 'style': {'value': 'RENDER_STYLE_VERTICAL_CENTERED'}}}], 'trackingParams': 'CAMQuy8YACITCIqklaKTtZQDFa20wgEdMfoShg=='}}], 'trackingParams': 'CAIQui8iEwiKpJWik7WUAxWttMIBHTH6EoY='}}, 'trackingParams': 'CAEQ8JMBGAAiEwiKpJWik7WUAxWttMIBHTH6EoY='}}]}}, exception: 'twoColumnBrowseResultsRenderer'". Session may not expose the library (re-auth, or use browser headers).
2026-05-12 21:50:28,614 - __main__ - WARNING - ytmusicapi returned 0 playlists (library browse often empty with TV OAuth); trying YouTube Data API fallback
2026-05-12 21:50:28,623 - backend.services.youtube_service - INFO - Listing user's YouTube playlists...
2026-05-12 21:50:29,135 - backend.services.youtube_service - DEBUG - Listed 14 playlists (incl. system lists)
2026-05-12 21:50:31,577 - backend.services.ytmusic_playwright_capture - INFO - ytmusic capture: Starting Chromium — log in to YouTube Music in the window that opens.
2026-05-12 21:51:10,142 - backend.services.ytmusic_playwright_capture - INFO - ytmusic capture: Session detected — saving cookies.
2026-05-12 21:51:10,987 - __main__ - INFO - Playwright capture wrote browser headers to backend/browser_headers.json
2026-05-12 21:51:12,097 - backend.services.ytmusic_service - INFO - ytmusicapi using browser headers /Users/louiscao/Desktop/PROJECT LIST/playlist_converter/backend/browser_headers.json (OAuth skipped; TV client env not required)
2026-05-12 21:51:12,715 - backend.services.ytmusic_service - WARNING - get_library_playlists: mobile client failed (Server returned HTTP 401: Unauthorized.
Request is missing required authentication credential. Expected OAuth 2 access token, login cookie or other valid authentication credential. See https://developers.google.com/identity/sign-in/web/devconsole-project.); trying WEB_REMIX
2026-05-12 21:51:13,002 - backend.services.ytmusic_service - WARNING - get_playlist(LM): mobile client failed (Server returned HTTP 404: Not Found.
Requested entity was not found.); trying WEB_REMIX
2026-05-12 21:51:13,042 - backend.services.ytmusic_service - WARNING - Skipping YouTube Music Liked songs (LM): "Unable to find 'twoColumnBrowseResultsRenderer' using path ['contents', 'twoColumnBrowseResultsRenderer', 'tabs', 0, 'tabRenderer', 'content', 'sectionListRenderer', 'contents', 0] on {'singleColumnBrowseResultsRenderer': {'tabs': [{'tabRenderer': {'selected': True, 'content': {'sectionListRenderer': {'contents': [{'itemSectionRenderer': {'contents': [{'messageRenderer': {'text': {'runs': [{'text': 'Looking for what you’ve liked?'}]}, 'icon': {'iconType': 'LIKE'}, 'trackingParams': 'CAQQljsYACITCJWTsbeTtZQDFa50EgEdnKARqw==', 'button': {'buttonRenderer': {'style': 'STYLE_DEFAULT', 'isDisabled': False, 'text': {'runs': [{'text': 'Sign in'}]}, 'navigationEndpoint': {'clickTrackingParams': 'CAUQ8FsiEwiVk7G3k7WUAxWudBIBHZygEavKAQRtZ9eP', 'signInEndpoint': {'hack': True}}, 'trackingParams': 'CAUQ8FsiEwiVk7G3k7WUAxWudBIBHZygEas='}}, 'subtext': {'messageSubtextRenderer': {'text': {'runs': [{'text': 'Sign in to listen to your liked tracks'}]}}}, 'style': {'value': 'RENDER_STYLE_VERTICAL_CENTERED'}}}], 'trackingParams': 'CAMQuy8YACITCJWTsbeTtZQDFa50EgEdnKARqw=='}}], 'trackingParams': 'CAIQui8iEwiVk7G3k7WUAxWudBIBHZygEas='}}, 'trackingParams': 'CAEQ8JMBGAAiEwiVk7G3k7WUAxWudBIBHZygEas='}}]}}, exception: 'twoColumnBrowseResultsRenderer'". Session may not expose the library (re-auth, or use browser headers).
2026-05-12 21:51:13,043 - __main__ - WARNING - ytmusicapi returned 0 playlists (library browse often empty with TV OAuth); trying YouTube Data API fallback
2026-05-12 21:51:13,050 - backend.services.youtube_service - INFO - Listing user's YouTube playlists...
2026-05-12 21:51:13,437 - backend.services.youtube_service - DEBUG - Listed 14 playlists (incl. system lists)
2026-05-12 21:51:23,979 - backend.services.spotify_service - INFO - Fetching user playlists from Spotify...
2026-05-12 21:51:24,206 - backend.services.spotify_service - DEBUG - Received 3 playlists
2026-05-12 21:51:24,217 - backend.services.ytmusic_service - INFO - ytmusicapi using browser headers /Users/louiscao/Desktop/PROJECT LIST/playlist_converter/backend/browser_headers.json (OAuth skipped; TV client env not required)
2026-05-12 21:51:25,025 - backend.services.ytmusic_service - WARNING - get_library_playlists: mobile client failed (Server returned HTTP 401: Unauthorized.
Request is missing required authentication credential. Expected OAuth 2 access token, login cookie or other valid authentication credential. See https://developers.google.com/identity/sign-in/web/devconsole-project.); trying WEB_REMIX
2026-05-12 21:51:25,352 - backend.services.ytmusic_service - WARNING - get_playlist(LM): mobile client failed (Server returned HTTP 404: Not Found.
Requested entity was not found.); trying WEB_REMIX
2026-05-12 21:51:25,391 - backend.services.ytmusic_service - WARNING - Skipping YouTube Music Liked songs (LM): "Unable to find 'twoColumnBrowseResultsRenderer' using path ['contents', 'twoColumnBrowseResultsRenderer', 'tabs', 0, 'tabRenderer', 'content', 'sectionListRenderer', 'contents', 0] on {'singleColumnBrowseResultsRenderer': {'tabs': [{'tabRenderer': {'selected': True, 'content': {'sectionListRenderer': {'contents': [{'itemSectionRenderer': {'contents': [{'messageRenderer': {'text': {'runs': [{'text': 'Looking for what you’ve liked?'}]}, 'icon': {'iconType': 'LIKE'}, 'trackingParams': 'CAQQljsYACITCKrtor2TtZQDFTx0EgEdUd8qGA==', 'button': {'buttonRenderer': {'style': 'STYLE_DEFAULT', 'isDisabled': False, 'text': {'runs': [{'text': 'Sign in'}]}, 'navigationEndpoint': {'clickTrackingParams': 'CAUQ8FsiEwiq7aK9k7WUAxU8dBIBHVHfKhjKAQS0HIC6', 'signInEndpoint': {'hack': True}}, 'trackingParams': 'CAUQ8FsiEwiq7aK9k7WUAxU8dBIBHVHfKhg='}}, 'subtext': {'messageSubtextRenderer': {'text': {'runs': [{'text': 'Sign in to listen to your liked tracks'}]}}}, 'style': {'value': 'RENDER_STYLE_VERTICAL_CENTERED'}}}], 'trackingParams': 'CAMQuy8YACITCKrtor2TtZQDFTx0EgEdUd8qGA=='}}], 'trackingParams': 'CAIQui8iEwiq7aK9k7WUAxU8dBIBHVHfKhg='}}, 'trackingParams': 'CAEQ8JMBGAAiEwiq7aK9k7WUAxU8dBIBHVHfKhg='}}]}}, exception: 'twoColumnBrowseResultsRenderer'". Session may not expose the library (re-auth, or use browser headers).
2026-05-12 21:51:25,391 - __main__ - WARNING - ytmusicapi returned 0 playlists (library browse often empty with TV OAuth); trying YouTube Data API fallback
2026-05-12 21:51:25,397 - backend.services.youtube_service - INFO - Listing user's YouTube playlists...
2026-05-12 21:51:25,908 - backend.services.youtube_service - DEBUG - Listed 14 playlists (incl. system lists)
2026-05-12 22:03:54,192 - backend.services.spotify_service - INFO - Fetching user playlists from Spotify...
2026-05-12 22:03:54,521 - backend.services.spotify_service - DEBUG - Received 3 playlists
2026-05-12 22:03:54,533 - backend.services.ytmusic_service - INFO - ytmusicapi using browser headers /Users/louiscao/Desktop/PROJECT LIST/playlist_converter/backend/browser_headers.json (OAuth skipped; TV client env not required)
2026-05-12 22:03:55,150 - backend.services.ytmusic_service - WARNING - get_library_playlists: mobile client failed (Server returned HTTP 401: Unauthorized.
Request is missing required authentication credential. Expected OAuth 2 access token, login cookie or other valid authentication credential. See https://developers.google.com/identity/sign-in/web/devconsole-project.); trying WEB_REMIX
2026-05-12 22:03:55,381 - backend.services.ytmusic_service - WARNING - get_playlist(LM): mobile client failed (Server returned HTTP 404: Not Found.
Requested entity was not found.); trying WEB_REMIX
2026-05-12 22:03:55,418 - backend.services.ytmusic_service - WARNING - Skipping YouTube Music Liked songs (LM): "Unable to find 'twoColumnBrowseResultsRenderer' using path ['contents', 'twoColumnBrowseResultsRenderer', 'tabs', 0, 'tabRenderer', 'content', 'sectionListRenderer', 'contents', 0] on {'singleColumnBrowseResultsRenderer': {'tabs': [{'tabRenderer': {'selected': True, 'content': {'sectionListRenderer': {'contents': [{'itemSectionRenderer': {'contents': [{'messageRenderer': {'text': {'runs': [{'text': 'Looking for what you’ve liked?'}]}, 'icon': {'iconType': 'LIKE'}, 'trackingParams': 'CAQQljsYACITCM7X9KKWtZQDFf2awgEdOMYKkA==', 'button': {'buttonRenderer': {'style': 'STYLE_DEFAULT', 'isDisabled': False, 'text': {'runs': [{'text': 'Sign in'}]}, 'navigationEndpoint': {'clickTrackingParams': 'CAUQ8FsiEwjO1_SilrWUAxX9msIBHTjGCpDKAQQ5qV99', 'signInEndpoint': {'hack': True}}, 'trackingParams': 'CAUQ8FsiEwjO1_SilrWUAxX9msIBHTjGCpA='}}, 'subtext': {'messageSubtextRenderer': {'text': {'runs': [{'text': 'Sign in to listen to your liked tracks'}]}}}, 'style': {'value': 'RENDER_STYLE_VERTICAL_CENTERED'}}}], 'trackingParams': 'CAMQuy8YACITCM7X9KKWtZQDFf2awgEdOMYKkA=='}}], 'trackingParams': 'CAIQui8iEwjO1_SilrWUAxX9msIBHTjGCpA='}}, 'trackingParams': 'CAEQ8JMBGAAiEwjO1_SilrWUAxX9msIBHTjGCpA='}}]}}, exception: 'twoColumnBrowseResultsRenderer'". Session may not expose the library (re-auth, or use browser headers).
2026-05-12 22:03:55,419 - __main__ - WARNING - ytmusicapi returned 0 playlists (library browse often empty with TV OAuth); trying YouTube Data API fallback
2026-05-12 22:03:55,424 - backend.services.youtube_service - INFO - Listing user's YouTube playlists...
2026-05-12 22:03:56,105 - backend.services.youtube_service - DEBUG - Listed 14 playlists (incl. system lists)
2026-05-12 22:03:59,100 - backend.services.ytmusic_playwright_capture - INFO - ytmusic capture: Starting Chromium — log in to YouTube Music in the window that opens.
2026-05-12 22:04:49,171 - backend.services.ytmusic_playwright_capture - INFO - ytmusic capture: Session detected — reloading YouTube Music to sync cookies…
2026-05-12 22:04:53,566 - __main__ - INFO - Playwright capture wrote browser headers to backend/browser_headers.json
2026-05-12 22:04:53,692 - backend.services.ytmusic_service - INFO - ytmusicapi using browser headers /Users/louiscao/Desktop/PROJECT LIST/playlist_converter/backend/browser_headers.json (OAuth skipped; TV client env not required)
2026-05-12 22:04:53,813 - backend.services.ytmusic_service - WARNING - get_library_playlists: mobile client failed (Server returned HTTP 400: Bad Request.
Request contains an invalid argument.); trying WEB_REMIX
2026-05-12 22:04:54,506 - backend.services.ytmusic_service - WARNING - get_playlist(LM): mobile client failed (Server returned HTTP 400: Bad Request.
Request contains an invalid argument.); trying WEB_REMIX
2026-05-12 22:05:18,163 - backend.services.youtube_service - INFO - Listing user's YouTube playlists...
2026-05-12 22:05:18,600 - backend.services.youtube_service - DEBUG - Listed 14 playlists (incl. system lists)
2026-05-12 22:05:19,174 - backend.services.ytmusic_service - INFO - ytmusicapi using browser headers /Users/louiscao/Desktop/PROJECT LIST/playlist_converter/backend/browser_headers.json (OAuth skipped; TV client env not required)
2026-05-12 22:05:19,288 - backend.services.ytmusic_service - WARNING - get_library_playlists: mobile client failed (Server returned HTTP 400: Bad Request.
Request contains an invalid argument.); trying WEB_REMIX
2026-05-12 22:05:19,860 - backend.services.ytmusic_service - WARNING - get_playlist(LM): mobile client failed (Server returned HTTP 400: Bad Request.
Request contains an invalid argument.); trying WEB_REMIX
2026-05-12 22:06:22,557 - backend.services.spotify_service - INFO - Fetching user playlists from Spotify...
2026-05-12 22:06:22,818 - backend.services.spotify_service - DEBUG - Received 3 playlists
2026-05-12 22:06:22,828 - backend.services.ytmusic_service - INFO - ytmusicapi using browser headers /Users/louiscao/Desktop/PROJECT LIST/playlist_converter/backend/browser_headers.json (OAuth skipped; TV client env not required)
2026-05-12 22:06:22,976 - backend.services.ytmusic_service - WARNING - get_library_playlists: mobile client failed (Server returned HTTP 400: Bad Request.
Request contains an invalid argument.); trying WEB_REMIX
2026-05-12 22:06:23,592 - backend.services.ytmusic_service - WARNING - get_playlist(LM): mobile client failed (Server returned HTTP 400: Bad Request.
Request contains an invalid argument.); trying WEB_REMIX
2026-05-12 22:06:26,180 - backend.services.ytmusic_service - INFO - ytmusicapi using browser headers /Users/louiscao/Desktop/PROJECT LIST/playlist_converter/backend/browser_headers.json (OAuth skipped; TV client env not required)
2026-05-12 22:06:26,345 - backend.services.ytmusic_service - WARNING - get_playlist(LM): mobile client failed (Server returned HTTP 400: Bad Request.
Request contains an invalid argument.); trying WEB_REMIX
2026-05-12 22:06:28,290 - backend.services.spotify_service - INFO - Creating Spotify playlist: Converted - Liked Music
2026-05-12 22:06:28,542 - backend.services.spotify_service - DEBUG - Created Spotify playlist id: 44xXWp9CpN3G15DPV6QhtH
2026-05-12 22:06:28,542 - __main__ - INFO - Spotify import: searching for up to 371 tracks (playlist 44xXWp9CpN3G15DPV6QhtH)…
2026-05-12 22:06:28,542 - __main__ - INFO - Spotify import progress: 1 / 371 searches (uris so far: 0)
2026-05-12 22:06:42,392 - __main__ - INFO - Spotify import progress: 25 / 371 searches (uris so far: 24)
2026-05-12 22:06:55,363 - __main__ - INFO - Spotify import progress: 50 / 371 searches (uris so far: 49)
2026-05-12 22:07:09,380 - __main__ - INFO - Spotify import progress: 75 / 371 searches (uris so far: 73)
2026-05-12 22:07:24,671 - __main__ - INFO - Spotify import progress: 100 / 371 searches (uris so far: 98)
2026-05-12 22:07:39,102 - __main__ - INFO - Spotify import progress: 125 / 371 searches (uris so far: 123)
2026-05-12 22:07:51,772 - __main__ - INFO - Spotify import progress: 150 / 371 searches (uris so far: 147)
2026-05-12 22:08:05,183 - __main__ - INFO - Spotify import progress: 175 / 371 searches (uris so far: 172)
2026-05-12 22:08:22,481 - __main__ - INFO - Spotify import progress: 200 / 371 searches (uris so far: 197)
2026-05-12 22:08:36,516 - __main__ - INFO - Spotify import progress: 225 / 371 searches (uris so far: 222)
2026-05-12 22:08:49,509 - __main__ - INFO - Spotify import progress: 250 / 371 searches (uris so far: 247)
2026-05-12 22:09:02,543 - __main__ - INFO - Spotify import progress: 275 / 371 searches (uris so far: 271)
2026-05-12 22:09:16,755 - __main__ - INFO - Spotify import progress: 300 / 371 searches (uris so far: 296)
2026-05-12 22:09:29,763 - __main__ - INFO - Spotify import progress: 325 / 371 searches (uris so far: 320)
2026-05-12 22:09:45,984 - __main__ - INFO - Spotify import progress: 350 / 371 searches (uris so far: 345)
2026-05-12 22:09:57,474 - __main__ - INFO - Spotify import progress: 371 / 371 searches (uris so far: 366)
2026-05-12 22:09:57,862 - __main__ - INFO - Spotify import: adding 359 unique tracks to playlist 44xXWp9CpN3G15DPV6QhtH…
2026-05-12 22:09:59,735 - __main__ - INFO - Spotify import: finished (added count=359)
2026-05-12 22:12:04,312 - backend.services.youtube_service - INFO - Listing user's YouTube playlists...
2026-05-12 22:12:05,146 - backend.services.youtube_service - DEBUG - Listed 14 playlists (incl. system lists)
2026-05-12 22:12:17,758 - backend.services.ytmusic_service - INFO - ytmusicapi using browser headers /Users/louiscao/Desktop/PROJECT LIST/playlist_converter/backend/browser_headers.json (OAuth skipped; TV client env not required)
2026-05-12 22:12:17,871 - backend.services.ytmusic_service - WARNING - get_library_playlists: mobile client failed (Server returned HTTP 400: Bad Request.
Request contains an invalid argument.); trying WEB_REMIX
2026-05-12 22:12:18,443 - backend.services.ytmusic_service - WARNING - get_playlist(LM): mobile client failed (Server returned HTTP 400: Bad Request.
Request contains an invalid argument.); trying WEB_REMIX
2026-05-12 22:12:19,489 - backend.services.youtube_service - INFO - Listing user's YouTube playlists...
2026-05-12 22:12:19,799 - backend.services.youtube_service - DEBUG - Listed 14 playlists (incl. system lists)
2026-05-12 22:12:25,794 - backend.services.ytmusic_service - INFO - ytmusicapi using browser headers /Users/louiscao/Desktop/PROJECT LIST/playlist_converter/backend/browser_headers.json (OAuth skipped; TV client env not required)
2026-05-12 22:12:25,965 - backend.services.ytmusic_service - WARNING - get_library_playlists: mobile client failed (Server returned HTTP 400: Bad Request.
Request contains an invalid argument.); trying WEB_REMIX
2026-05-12 22:12:26,543 - backend.services.ytmusic_service - WARNING - get_playlist(LM): mobile client failed (Server returned HTTP 400: Bad Request.
Request contains an invalid argument.); trying WEB_REMIX
2026-05-12 22:18:14,039 - backend.services.spotify_service - INFO - Fetching user playlists from Spotify...
2026-05-12 22:18:14,273 - backend.services.spotify_service - DEBUG - Received 4 playlists
2026-05-12 22:18:14,479 - backend.services.youtube_service - INFO - Listing user's YouTube playlists...
2026-05-12 22:18:15,546 - backend.services.youtube_service - DEBUG - Listed 14 playlists (incl. system lists)
2026-05-12 22:18:32,389 - backend.services.spotify_service - INFO - Fetched 179 saved (liked) tracks from Spotify
2026-05-12 22:18:32,417 - backend.services.youtube_service - INFO - Creating new YouTube playlist: Converted - Liked songs
2026-05-12 22:18:32,896 - backend.services.youtube_service - DEBUG - Created playlist ID: PLdydBfVeaGAZ9jWhIrrhqcQgwkUp6irJX
2026-05-12 22:18:32,913 - backend.services.youtube_service - INFO - Searching YouTube for: Ooh Ahh (My Life Be Like) [feat. Tobymac] Grits
2026-05-12 22:18:33,354 - backend.services.youtube_service - DEBUG - Found video ID: 83mhHOytg4U
2026-05-12 22:18:33,355 - backend.services.youtube_service - INFO - Adding video 83mhHOytg4U to playlist PLdydBfVeaGAZ9jWhIrrhqcQgwkUp6irJX
2026-05-12 22:18:33,639 - backend.services.youtube_service - DEBUG - Added video: {'kind': 'youtube#playlistItem', 'etag': 'DKKnR9aREKNTGIypWobvLaTkTdQ', 'id': 'UExkeWRCZlZlYUdBWjlqV2hJcnJocWNRZ3drVXA2aXJKWC41NkI0NEY2RDEwNTU3Q0M2', 'snippet': {'publishedAt': '2026-05-13T02:18:33Z', 'channelId': 'UC4y2DnxkoJWE7ZQ05MHd8Tw', 'title': 'GRITS - Ooh Ahh (My Life Be Like) (feat. tobyMac) OFFICIAL AUDIO', 'description': "Official audio 'Ooh Ahh (My Life Be Like)' by GRITS featuring tobyMac\n\nDownload or stream the song here: https://Gotee.lnk.to/zH9CHYo\n\nConnect with GRTIS:\nFacebook: http://smarturl.it/Gritsfb\n\nLyrics:\n\nMy life be like\nOoh aah (yeah), ooh ooh\nMy life be like (yeah)\nOoh aah, ooh aah (yeah), ooh ooh\nOoh aah (yeah), ooh ooh\nMy life be like (yeah)\nOoh aah, ooh aah (yeah), ooh ooh\nMy life be like (yeah)\n\nIt's times like these that make me say\nLord if you see me please come my way\nLeavin' bread crumbs for when I stray\nRely on sacrifice and the price you paid\nFeel me like a fingertip (fa-finger tip, fa-finger tip)\nSometimes I fall I slip\nMy heartfelt desire be more like you\nTryin' not to quench your fire with the things I do\n\nI'm on an island by my lonesome stranded\nLow key and stayin' candid\nReflect on all the things I try my hand at\nSearch for the equations to persuasions I'm used to\nFinding comfort in the zones of closet bones I get loose to\nA mountainous fountain\nSpinnin' and monsoonin', grinnin' it's high octane\nExplosive how I came\nRollin' down hills 'cause life's a hassle\nEncircled by my folly like a moat surround a castle\nStay afloat, catch a second wind\nThin\nIs the air I breathe\nTeary eyed nose runnin' wipe the snot on my sleeve\nI'm callin' on the Savior to be all that I need\nPlease forgive me my behavior had me lost at light speed\n\nIt's times like these that make me say\nLord if you see me please come my way\nLeavin' bread crumbs for when I stray\nRely on sacrifice and the price you paid\nFeel me like a fingertip (fa-finger tip, fa-finger tip)\nSometimes I fall I slip\nMy heartfelt desire be more like you\nTryin' not to quench your fire with the things I do\n\nThe fear of never fallin' in love\nAnd the tears after losin' the feelings of what you thought love was\nLike the dirt still up under the rug (My life be like)\nBad characteristics covered in Christs blood\nThe joy of new birth and the pain of growin' up\nThe bliss between givin' my all and givin' up\nThe highs and lows\nPaths and roads I chose\nIn the cold I froze\nTryin' to ease my woes\nIn this world of sin\nClothes too thin to fend\nSo to God I send\nWords of help to win\nIn grumblings so deep letters could never express\nSo the sound of Ooh Aah beneath my breath projects\n\nIt's times like these that make me say\nLord if you see me please come my way\nLeavin' bread crumbs for when I stray\nRely on sacrifice and the price you paid\nFeel me like a fingertip (fa-finger tip, fa-finger tip)\nSometimes I fall I slip\nMy heartfelt desire be more like you\nTryin' not to quench your fire with the things I do\n\n(TobyMac)\nMy life be like\nOoh Aah Ooh\nDum dum ditty\nHere come that boy from the Capital City\nLast up on the Grits new ditty\nBut eight bars or the truth well do (uh)\nI believe there's a bride that's stunning\nAnd I believe in the Kingdom Coming\nI believe if you seek the truth\nYou don't need to look far 'cause it's gonna find you\nSo why oh why do I trip and stumble?\nAnd ooh aah as commitment crumbles?\nI can't believe that I'm here again....\n\nIt's times like these that make me say\nLord if you see me please come my way\nLeavin' bread crumbs for when I stray\nRely on sacrifice and the price you paid\nFeel me like a fingertip (fa-finger tip, fa-finger tip)\nSometimes I fall I slip\nMy heartfelt desire be more like you\nTryin' not to quench your fire with the things I do\nIt's times like these that make me say\nLord if you see me please come my way\nLeavin' bread crumbs for when I stray\nRely on sacrifice and the price you paid\nFeel me like a fingertip (fa-finger tip, fa-finger tip)\nSometimes I fall I slip\nMy heartfelt desire be more like you\nTryin' not to quench your fire with the things I do\n\nFa-finger tip, fa-finger tip\nFa-finger tip, fa-finger tip\nMy life be like\nFa-finger tip, fa-finger tip\nFa-finger tip, fa-finger tip\nMa-ma-my life be like\nFa-finger tip, fa-finger tip\nFa-finger tip, fa-finger tip\nMy life be like\nFa-finger tip, fa-finger tip\nFa-finger tip, fa-finger tip\nMy life be like", 'thumbnails': {'default': {'url': 'https://i.ytimg.com/vi/83mhHOytg4U/default.jpg', 'width': 120, 'height': 90}, 'medium': {'url': 'https://i.ytimg.com/vi/83mhHOytg4U/mqdefault.jpg', 'width': 320, 'height': 180}, 'high': {'url': 'https://i.ytimg.com/vi/83mhHOytg4U/hqdefault.jpg', 'width': 480, 'height': 360}, 'standard': {'url': 'https://i.ytimg.com/vi/83mhHOytg4U/sddefault.jpg', 'width': 640, 'height': 480}, 'maxres': {'url': 'https://i.ytimg.com/vi/83mhHOytg4U/maxresdefault.jpg', 'width': 1280, 'height': 720}}, 'channelTitle': 'Louis Cao', 'playlistId': 'PLdydBfVeaGAZ9jWhIrrhqcQgwkUp6irJX', 'position': 0, 'resourceId': {'kind': 'youtube#video', 'videoId': '83mhHOytg4U'}, 'videoOwnerChannelTitle': 'Gotee Records', 'videoOwnerChannelId': 'UCtQgk1uPFjXq9DsvSVEuvKA'}}
2026-05-12 22:18:33,641 - backend.services.youtube_service - INFO - Searching YouTube for: 4 Your Eyez Only J. Cole
2026-05-12 22:18:34,022 - backend.services.youtube_service - DEBUG - Found video ID: g_W9af_CQDs
2026-05-12 22:18:34,022 - backend.services.youtube_service - INFO - Adding video g_W9af_CQDs to playlist PLdydBfVeaGAZ9jWhIrrhqcQgwkUp6irJX
2026-05-12 22:18:34,267 - backend.services.youtube_service - DEBUG - Added video: {'kind': 'youtube#playlistItem', 'etag': 'HFzTj8Qln25cR7iHF6ERLxnDlls', 'id': 'UExkeWRCZlZlYUdBWjlqV2hJcnJocWNRZ3drVXA2aXJKWC4yODlGNEE0NkRGMEEzMEQy', 'snippet': {'publishedAt': '2026-05-13T02:18:34Z', 'channelId': 'UC4y2DnxkoJWE7ZQ05MHd8Tw', 'title': 'J. Cole - 4 Your Eyes Only [Explicit]', 'description': "Last Track on J. Cole's album    4 Your Eyes Only\n\n#lucidknow", 'thumbnails': {'default': {'url': 'https://i.ytimg.com/vi/g_W9af_CQDs/default.jpg', 'width': 120, 'height': 90}, 'medium': {'url': 'https://i.ytimg.com/vi/g_W9af_CQDs/mqdefault.jpg', 'width': 320, 'height': 180}, 'high': {'url': 'https://i.ytimg.com/vi/g_W9af_CQDs/hqdefault.jpg', 'width': 480, 'height': 360}, 'standard': {'url': 'https://i.ytimg.com/vi/g_W9af_CQDs/sddefault.jpg', 'width': 640, 'height': 480}, 'maxres': {'url': 'https://i.ytimg.com/vi/g_W9af_CQDs/maxresdefault.jpg', 'width': 1280, 'height': 720}}, 'channelTitle': 'Louis Cao', 'playlistId': 'PLdydBfVeaGAZ9jWhIrrhqcQgwkUp6irJX', 'position': 1, 'resourceId': {'kind': 'youtube#video', 'videoId': 'g_W9af_CQDs'}, 'videoOwnerChannelTitle': 'Connect', 'videoOwnerChannelId': 'UCtms0NoXTnkYAGp_F_-zZiQ'}}
2026-05-12 22:18:34,268 - backend.services.youtube_service - INFO - Searching YouTube for: Within You, Within Me - Remix Meltt
2026-05-12 22:18:34,740 - backend.services.youtube_service - DEBUG - Found video ID: GVHi_srFPa0
2026-05-12 22:18:34,740 - backend.services.youtube_service - INFO - Adding video GVHi_srFPa0 to playlist PLdydBfVeaGAZ9jWhIrrhqcQgwkUp6irJX
2026-05-12 22:18:35,259 - backend.services.youtube_service - DEBUG - Added video: {'kind': 'youtube#playlistItem', 'etag': 'kib821oRSnlneLUFkymNzN43cN8', 'id': 'UExkeWRCZlZlYUdBWjlqV2hJcnJocWNRZ3drVXA2aXJKWC4wMTcyMDhGQUE4NTIzM0Y5', 'snippet': {'publishedAt': '2026-05-13T02:18:34Z', 'channelId': 'UC4y2DnxkoJWE7ZQ05MHd8Tw', 'title': 'Meltt - Within You, Within Me (Official Music Video)', 'description': "Official Music Video for Meltt's new single “Within You, Within Me”\n\nStream or buy here: https://linktr.ee/meltt\n\nCONNECT\nSpotify: https://open.spotify.com/artist/2iHrc69sZgyWFBAhLpS3oH?si=vST1eZtxQfGRjYW2YGWj6A\nInstagram: https://www.instagram.com/melttmusic/\nTikTok: https://www.tiktok.com/@meltt_music\nFacebook: https://www.facebook.com/MelttMusic/\nWebsite: https://www.meltt.ca/\n\nDirector: Sterling Larose\nEditor/Animation: Sterling Larose\nProducer: Tristan Matharu\nExecutive Producer: Ross Allen\nProducer/ 1st AD: Hayley Gray\nAssistant Producer: Adam Whitaker\n\nChoreographer & Dancer 01: Helen Dang\nDancer 02: Ali Lalonde\n\nDirector of Photography: Mitch Baxter\nSteadicam Operator: Leo Harim\n1st AC: Ben Hopper\n2nd AC: John Flemming\n\nGaffer: Jesse Wicklund\nBest Person LX: Adrianna Hankins\nBoard Op: David Goodfellow\nLamp Op: Cody Preston\n\nKey Grip: Owen Meelker\nBest Person/Grip: Tristan Matharu\n\nCasting Director: Chey Petrich\nMakeup and Hair: Miel Enage\nMakeup and Hair Assist: Sophia Gamboa\nStylist: Landon Wieler\nStills Photographer: Ryan NG\nColour: David Tomiak\n\nSwings: Megan Kelly, James Turner, James Porter & Ian Winkler\n\n\nLyrics:\n\nIf you think you know yourself\nWell you don’t\nYou don’t\n\nYou’re too afraid to lose control\nTo let go\nAnd just float\n\nAll of these dreams\nWithin you\nWithin me\nSomehow\nI feel\nPart of you\nIs part of me\n\nIf you try to find yourself\nOn your own\nWell you won’t\n\nBut if you learn to love yourself\nWhen you’re low\nWell maybe there’s hope\n\nAll of these dreams\nWithin you\nWithin me\nSomehow\nI feel\nPart of you\nIs part of me\n\nDeep underwater\nYour emotions\nCall to you\n“Go where the wind blows\nAll of this time spent hesitating”\n\nDown by the water\nCross the ocean\nI should go\nGo where the tides pull\nAll of our lives to rearrange them\n\nWith you I feel I find myself\nI let go\nAnd we float\n\nAll of these dreams\nWithin you\nWithin me\nSomehow\nI feel\nPart of you\nIs part of me\n\nSupported by CreativeBC and the Province of British Columbia.\n\n#meltt #music #foryou #musicvideo  #animation", 'thumbnails': {'default': {'url': 'https://i.ytimg.com/vi/GVHi_srFPa0/default.jpg', 'width': 120, 'height': 90}, 'medium': {'url': 'https://i.ytimg.com/vi/GVHi_srFPa0/mqdefault.jpg', 'width': 320, 'height': 180}, 'high': {'url': 'https://i.ytimg.com/vi/GVHi_srFPa0/hqdefault.jpg', 'width': 480, 'height': 360}, 'standard': {'url': 'https://i.ytimg.com/vi/GVHi_srFPa0/sddefault.jpg', 'width': 640, 'height': 480}, 'maxres': {'url': 'https://i.ytimg.com/vi/GVHi_srFPa0/maxresdefault.jpg', 'width': 1280, 'height': 720}}, 'channelTitle': 'Louis Cao', 'playlistId': 'PLdydBfVeaGAZ9jWhIrrhqcQgwkUp6irJX', 'position': 2, 'resourceId': {'kind': 'youtube#video', 'videoId': 'GVHi_srFPa0'}, 'videoOwnerChannelTitle': 'Meltt', 'videoOwnerChannelId': 'UCccaXT5m1KjzMKfjaN2J8Sg'}}
2026-05-12 22:18:35,260 - backend.services.youtube_service - INFO - Searching YouTube for: Right Thing Bayonne
2026-05-12 22:18:35,763 - backend.services.youtube_service - DEBUG - Found video ID: P1xNba5WQvg
2026-05-12 22:18:35,764 - backend.services.youtube_service - INFO - Adding video P1xNba5WQvg to playlist PLdydBfVeaGAZ9jWhIrrhqcQgwkUp6irJX
2026-05-12 22:18:36,070 - backend.services.youtube_service - DEBUG - Added video: {'kind': 'youtube#playlistItem', 'etag': '3psWJaiTkRl_p_baP3haMIODyZ0', 'id': 'UExkeWRCZlZlYUdBWjlqV2hJcnJocWNRZ3drVXA2aXJKWC41MjE1MkI0OTQ2QzJGNzNG', 'snippet': {'publishedAt': '2026-05-13T02:18:35Z', 'channelId': 'UC4y2DnxkoJWE7ZQ05MHd8Tw', 'title': 'Bayonne - Right Thing (Official Video)', 'description': '"Right Thing" | Out Now:\nhttps://bayonne.ffm.to/rightthing\n\nPre-order ‘Filters\': https://bayonne.merchtable.com/\n\n2026 TOUR DATES\nTickets: https://bnds.us/ptrrfq\n\nSep 2 - Amsterdam, NL - Paradiso\nSep 4 - London, UK - Oslo Hackney \nSep 7 - Paris, FR - Le Popup du Label \nSep 9 - Vienna, AT - B72\nSep 10 - Prague, CZ - Cafe V Lese\nSep 12 - Warsaw, PL - Bardzo\nSep 13 - Berlin, DE - Mikropol\nSep 14 - Copenhagen, DK - Rust\nSep 15 - Stockholm, SE - Debaser\nSep 16 - Oslo, NO - Salt\nSep 18 - Hamburg, DE - Reeperbahn Festival \n\nSep 27 - Oklahoma City, OK - Beer City Music Hall \nSep 28 - Kansas City, MO - Record Bar \nSep 29 - Minneapolis, MN - 7th St. Entry \nSep 30 - Chicago, IL - Lincoln Hall \nOct 2 - Indianapolis, IN - Hi-Fi \nOct 3 -Detroit, MI - Loving Touch \nOct 4 - Cleveland, OH - Mahall’s \nOct 5 - Buffalo, NY - Buffalo Iron Works\nOct 7 - Boston, MA - The Armory \nOct 8 - Philadelphia, PA - Milkboy \nOct 9 - New York, NY - Le Poisson Rouge \nOct 10 - Washington, DC - Union Stage\nOct 11 - Richmond, VA - The Camel \nOct 13 - Durham, NC - Pinhook \nOct 14 - Asheville, NC - Revival \nOct 15 - Atlanta, GA - Aisle 5 \nOct 17 - Nashville, TN - Blue Room \nOct 18 - New Orleans, LA - Gasa Gasa \nOct 23 - Dallas, TX - Club Dada \nOct 24 - Austin, TX - Mohawk \nNov 10 - Santa Fe, NM - Meow Wolf \nNov 11 - Denver, CO - Bluebird \nNov 13 - Salt Lake City, UT - Kilby Court \nNov 14 - Boise, UD - The Shrine\nNov 16 - Seattle, WA - Barboza \nNov 17 - Portland, OR - Mississippi Studios \nNov 18 - Eugene, OR - Hult Center \nNov 20 - San Francisco, CA - Brick & Mortar \nNov 21 - Los Angeles, CA - Lodge Room\nNov 24 - Phoenix, AZ - Valley Bar', 'thumbnails': {'default': {'url': 'https://i.ytimg.com/vi/P1xNba5WQvg/default.jpg', 'width': 120, 'height': 90}, 'medium': {'url': 'https://i.ytimg.com/vi/P1xNba5WQvg/mqdefault.jpg', 'width': 320, 'height': 180}, 'high': {'url': 'https://i.ytimg.com/vi/P1xNba5WQvg/hqdefault.jpg', 'width': 480, 'height': 360}, 'standard': {'url': 'https://i.ytimg.com/vi/P1xNba5WQvg/sddefault.jpg', 'width': 640, 'height': 480}, 'maxres': {'url': 'https://i.ytimg.com/vi/P1xNba5WQvg/maxresdefault.jpg', 'width': 1280, 'height': 720}}, 'channelTitle': 'Louis Cao', 'playlistId': 'PLdydBfVeaGAZ9jWhIrrhqcQgwkUp6irJX', 'position': 3, 'resourceId': {'kind': 'youtube#video', 'videoId': 'P1xNba5WQvg'}, 'videoOwnerChannelTitle': 'Bayonne Music', 'videoOwnerChannelId': 'UC5myfTq55L5QgVHzBD6wcRg'}}
2026-05-12 22:18:36,071 - backend.services.youtube_service - INFO - Searching YouTube for: Shoota (feat. Lil Uzi Vert) Playboi Carti
2026-05-12 22:18:36,439 - backend.services.youtube_service - DEBUG - Found video ID: j3EwWAMWM6Q
2026-05-12 22:18:36,439 - backend.services.youtube_service - INFO - Adding video j3EwWAMWM6Q to playlist PLdydBfVeaGAZ9jWhIrrhqcQgwkUp6irJX
2026-05-12 22:18:36,684 - backend.services.youtube_service - DEBUG - Added video: {'kind': 'youtube#playlistItem', 'etag': 'dd5m2AwuL2elkbC7zHvAVlD14IE', 'id': 'UExkeWRCZlZlYUdBWjlqV2hJcnJocWNRZ3drVXA2aXJKWC4wOTA3OTZBNzVEMTUzOTMy', 'snippet': {'publishedAt': '2026-05-13T02:18:36Z', 'channelId': 'UC4y2DnxkoJWE7ZQ05MHd8Tw', 'title': 'Playboi Carti - Shoota (Audio) ft. Lil Uzi Vert', 'description': '* LOVE 4L *+ DIE LIT *+\nhttp://smarturl.it/dielit', 'thumbnails': {'default': {'url': 'https://i.ytimg.com/vi/j3EwWAMWM6Q/default.jpg', 'width': 120, 'height': 90}, 'medium': {'url': 'https://i.ytimg.com/vi/j3EwWAMWM6Q/mqdefault.jpg', 'width': 320, 'height': 180}, 'high': {'url': 'https://i.ytimg.com/vi/j3EwWAMWM6Q/hqdefault.jpg', 'width': 480, 'height': 360}, 'standard': {'url': 'https://i.ytimg.com/vi/j3EwWAMWM6Q/sddefault.jpg', 'width': 640, 'height': 480}, 'maxres': {'url': 'https://i.ytimg.com/vi/j3EwWAMWM6Q/maxresdefault.jpg', 'width': 1280, 'height': 720}}, 'channelTitle': 'Louis Cao', 'playlistId': 'PLdydBfVeaGAZ9jWhIrrhqcQgwkUp6irJX', 'position': 4, 'resourceId': {'kind': 'youtube#video', 'videoId': 'j3EwWAMWM6Q'}, 'videoOwnerChannelTitle': 'Playboi Carti', 'videoOwnerChannelId': 'UC652oRUvX1onwrrZ8ADJRPw'}}
2026-05-12 22:18:36,685 - backend.services.youtube_service - INFO - Searching YouTube for: keep steady sosocamo
2026-05-12 22:18:37,093 - backend.services.youtube_service - DEBUG - Found video ID: lO9VVg4P3Eg
2026-05-12 22:18:37,093 - backend.services.youtube_service - INFO - Adding video lO9VVg4P3Eg to playlist PLdydBfVeaGAZ9jWhIrrhqcQgwkUp6irJX
2026-05-12 22:18:37,424 - backend.services.youtube_service - DEBUG - Added video: {'kind': 'youtube#playlistItem', 'etag': 'CSF33rXNsdaLCnrFqlm_5H4AGBA', 'id': 'UExkeWRCZlZlYUdBWjlqV2hJcnJocWNRZ3drVXA2aXJKWC4xMkVGQjNCMUM1N0RFNEUx', 'snippet': {'publishedAt': '2026-05-13T02:18:37Z', 'channelId': 'UC4y2DnxkoJWE7ZQ05MHd8Tw', 'title': 'sosocamo - keep steady (Official Music Video)', 'description': 'sosocamo - keep steady (Official Music Video)\n\nFollow sosocamo:\nhttps://www.instagram.com/sosocamo/\nhttps://www.tiktok.com/@sosocamo\n\ncatch sosocamo in your city:\nhttps://www.sosocamo.com/shows\n\n#sosocamo #keepsteady', 'thumbnails': {'default': {'url': 'https://i.ytimg.com/vi/lO9VVg4P3Eg/default.jpg', 'width': 120, 'height': 90}, 'medium': {'url': 'https://i.ytimg.com/vi/lO9VVg4P3Eg/mqdefault.jpg', 'width': 320, 'height': 180}, 'high': {'url': 'https://i.ytimg.com/vi/lO9VVg4P3Eg/hqdefault.jpg', 'width': 480, 'height': 360}, 'standard': {'url': 'https://i.ytimg.com/vi/lO9VVg4P3Eg/sddefault.jpg', 'width': 640, 'height': 480}, 'maxres': {'url': 'https://i.ytimg.com/vi/lO9VVg4P3Eg/maxresdefault.jpg', 'width': 1280, 'height': 720}}, 'channelTitle': 'Louis Cao', 'playlistId': 'PLdydBfVeaGAZ9jWhIrrhqcQgwkUp6irJX', 'position': 5, 'resourceId': {'kind': 'youtube#video', 'videoId': 'lO9VVg4P3Eg'}, 'videoOwnerChannelTitle': 'sosocamo', 'videoOwnerChannelId': 'UC9dJBYOZY3ukxv39LM-EeuQ'}}
2026-05-12 22:18:37,425 - backend.services.youtube_service - INFO - Searching YouTube for: Dark Thoughts Lil Tecca
2026-05-12 22:18:37,804 - backend.services.youtube_service - DEBUG - Found video ID: Xtq_A2NnHKQ
2026-05-12 22:18:37,805 - backend.services.youtube_service - INFO - Adding video Xtq_A2NnHKQ to playlist PLdydBfVeaGAZ9jWhIrrhqcQgwkUp6irJX
2026-05-12 22:18:38,071 - backend.services.youtube_service - DEBUG - Added video: {'kind': 'youtube#playlistItem', 'etag': 'oO05kU86RGPdAs6ibDhtllFD2Rc', 'id': 'UExkeWRCZlZlYUdBWjlqV2hJcnJocWNRZ3drVXA2aXJKWC41MzJCQjBCNDIyRkJDN0VD', 'snippet': {'publishedAt': '2026-05-13T02:18:37Z', 'channelId': 'UC4y2DnxkoJWE7ZQ05MHd8Tw', 'title': 'Lil Tecca - Dark Thoughts (Official Video)', 'description': '"Dark Thoughts" is OUT NOW: http://LilTecca.lnk.to/DarkThoughts\n\nText me: +1 (917) 809-7303\n\nFollow Lil Tecca:\nhttps://tecca.co\nhttps://instagram.com/liltecca\nhttps://twitter.com/liltecca\nhttps://tiktok.com/@lil.tecca\nhttps://www.facebook.com/LilTecca/\n\n#DarkThoughts #LilTecca #Dopamine\n\nDirected by Gualo Hawes', 'thumbnails': {'default': {'url': 'https://i.ytimg.com/vi/Xtq_A2NnHKQ/default.jpg', 'width': 120, 'height': 90}, 'medium': {'url': 'https://i.ytimg.com/vi/Xtq_A2NnHKQ/mqdefault.jpg', 'width': 320, 'height': 180}, 'high': {'url': 'https://i.ytimg.com/vi/Xtq_A2NnHKQ/hqdefault.jpg', 'width': 480, 'height': 360}, 'standard': {'url': 'https://i.ytimg.com/vi/Xtq_A2NnHKQ/sddefault.jpg', 'width': 640, 'height': 480}, 'maxres': {'url': 'https://i.ytimg.com/vi/Xtq_A2NnHKQ/maxresdefault.jpg', 'width': 1280, 'height': 720}}, 'channelTitle': 'Louis Cao', 'playlistId': 'PLdydBfVeaGAZ9jWhIrrhqcQgwkUp6irJX', 'position': 6, 'resourceId': {'kind': 'youtube#video', 'videoId': 'Xtq_A2NnHKQ'}, 'videoOwnerChannelTitle': 'Lil Tecca', 'videoOwnerChannelId': 'UCOlxqtcKc-HBEQJgDsylyhA'}}
2026-05-12 22:18:38,072 - backend.services.youtube_service - INFO - Searching YouTube for: Call Moon Soul
2026-05-12 22:18:38,526 - backend.services.youtube_service - DEBUG - Found video ID: IUd39azC9jc
2026-05-12 22:18:38,526 - backend.services.youtube_service - INFO - Adding video IUd39azC9jc to playlist PLdydBfVeaGAZ9jWhIrrhqcQgwkUp6irJX
2026-05-12 22:18:38,936 - backend.services.youtube_service - DEBUG - Added video: {'kind': 'youtube#playlistItem', 'etag': 'IRvQs5xcqm9q5yBwHxpvF7Bk_oA', 'id': 'UExkeWRCZlZlYUdBWjlqV2hJcnJocWNRZ3drVXA2aXJKWC5DQUNERDQ2NkIzRUQxNTY1', 'snippet': {'publishedAt': '2026-05-13T02:18:38Z', 'channelId': 'UC4y2DnxkoJWE7ZQ05MHd8Tw', 'title': 'Call', 'description': 'Provided to YouTube by Nettwerk\n\nCall · Moon Soul\n\nCall\n\n℗ Interstellar Music L.L.C-FZ under exclusive license to Nettwerk Music Group Inc.\n\nReleased on: 2025-04-16\n\nProducer, Engineer, Mixing Engineer, Mastering Engineer: Moon Soul\nMusic Publisher: Publishing Designee\nComposer: Conor Aidan Coogan\n\nAuto-generated by YouTube.', 'thumbnails': {'default': {'url': 'https://i.ytimg.com/vi/IUd39azC9jc/default.jpg', 'width': 120, 'height': 90}, 'medium': {'url': 'https://i.ytimg.com/vi/IUd39azC9jc/mqdefault.jpg', 'width': 320, 'height': 180}, 'high': {'url': 'https://i.ytimg.com/vi/IUd39azC9jc/hqdefault.jpg', 'width': 480, 'height': 360}, 'standard': {'url': 'https://i.ytimg.com/vi/IUd39azC9jc/sddefault.jpg', 'width': 640, 'height': 480}, 'maxres': {'url': 'https://i.ytimg.com/vi/IUd39azC9jc/maxresdefault.jpg', 'width': 1280, 'height': 720}}, 'channelTitle': 'Louis Cao', 'playlistId': 'PLdydBfVeaGAZ9jWhIrrhqcQgwkUp6irJX', 'position': 7, 'resourceId': {'kind': 'youtube#video', 'videoId': 'IUd39azC9jc'}, 'videoOwnerChannelTitle': 'Moon Soul - Topic', 'videoOwnerChannelId': 'UC3sbO_2_woyDOyVgf6V-Rlw'}}
2026-05-12 22:18:38,938 - backend.services.youtube_service - INFO - Searching YouTube for: The Way Life Goes (feat. Oh Wonder) Lil Uzi Vert
2026-05-12 22:18:39,448 - backend.services.youtube_service - DEBUG - Found video ID: Vi2XaiKhgiU
2026-05-12 22:18:39,449 - backend.services.youtube_service - INFO - Adding video Vi2XaiKhgiU to playlist PLdydBfVeaGAZ9jWhIrrhqcQgwkUp6irJX
2026-05-12 22:18:39,655 - backend.services.youtube_service - DEBUG - Added video: {'kind': 'youtube#playlistItem', 'etag': 'gtR2GUp0g1SOnGkViGH2HJX6QLY', 'id': 'UExkeWRCZlZlYUdBWjlqV2hJcnJocWNRZ3drVXA2aXJKWC45NDk1REZENzhEMzU5MDQz', 'snippet': {'publishedAt': '2026-05-13T02:18:39Z', 'channelId': 'UC4y2DnxkoJWE7ZQ05MHd8Tw', 'title': 'Lil Uzi Vert - The Way Life Goes [Official Visualizer]', 'description': 'Lil Uzi Vert - LUV is Rage 2 - OUT NOW\nDownload/Stream - https://lnk.to/LuvIsRage2\n\n‘Sampling Oh Wonder’s ‘Landslide’ - http://ohwondermusic.com/’\n\nExecutive Producer: Don Cannon\nExecutive Producer: Leighton "LakeShow" Morrison\nExecutive Producer: Tyree "DJ Drama" Simmons\nMasterer: Chris Athens\nMixer: Jason Joshua\nAdditional Mixing: Michael Piroli\nProducer, Programmer: Don Cannon\nProducer, Programmer: Ike Beatz\nRecorded by: Kesha "K. Lee" Lee\nVocals: Lil Uzi Vert\nWriter: I. Smith\nWriter: S. Woods\n\nConnect with Lil Uzi Vert:\nhttps://twitter.com/LILUZIVERT\nhttps://www.instagram.com/liluzivert/\nhttps://www.facebook.com/LilUziVert/\nhttps://soundcloud.com/liluzivert\nhttp://liluziofficial.com/\n\nIllustrations by - https://www.instagram.com/dreambiscuit\n#LilUziVert #TheWayLifeGoes #OfficialVisualizer\n\nSubscribe for more official content from Lil Uzi Vert ➤ https://Uzi.lnk.to/YouTubeSubscribe   \n\nListen to Best of Lil Uzi Vert playlist ➤ https://bit.ly/2U6weNs\r\nWatch Lil Uzi Vert’s Official Music Videos ➤ https://bit.ly/2UuvH6M', 'thumbnails': {'default': {'url': 'https://i.ytimg.com/vi/Vi2XaiKhgiU/default.jpg', 'width': 120, 'height': 90}, 'medium': {'url': 'https://i.ytimg.com/vi/Vi2XaiKhgiU/mqdefault.jpg', 'width': 320, 'height': 180}, 'high': {'url': 'https://i.ytimg.com/vi/Vi2XaiKhgiU/hqdefault.jpg', 'width': 480, 'height': 360}, 'standard': {'url': 'https://i.ytimg.com/vi/Vi2XaiKhgiU/sddefault.jpg', 'width': 640, 'height': 480}, 'maxres': {'url': 'https://i.ytimg.com/vi/Vi2XaiKhgiU/maxresdefault.jpg', 'width': 1280, 'height': 720}}, 'channelTitle': 'Louis Cao', 'playlistId': 'PLdydBfVeaGAZ9jWhIrrhqcQgwkUp6irJX', 'position': 8, 'resourceId': {'kind': 'youtube#video', 'videoId': 'Vi2XaiKhgiU'}, 'videoOwnerChannelTitle': 'LIL UZI VERT', 'videoOwnerChannelId': 'UCqwxMqUcL-XC3D9-fTP93Mg'}}
2026-05-12 22:18:39,656 - backend.services.youtube_service - INFO - Searching YouTube for: What You Saying Lil Uzi Vert
2026-05-12 22:18:40,062 - backend.services.youtube_service - DEBUG - Found video ID: s_TUESTU7_4
2026-05-12 22:18:40,063 - backend.services.youtube_service - INFO - Adding video s_TUESTU7_4 to playlist PLdydBfVeaGAZ9jWhIrrhqcQgwkUp6irJX
2026-05-12 22:18:40,474 - backend.services.youtube_service - DEBUG - Added video: {'kind': 'youtube#playlistItem', 'etag': 'sZC54nIh9oXm8B1682lkXYcEGIc', 'id': 'UExkeWRCZlZlYUdBWjlqV2hJcnJocWNRZ3drVXA2aXJKWC5GNjNDRDREMDQxOThCMDQ2', 'snippet': {'publishedAt': '2026-05-13T02:18:40Z', 'channelId': 'UC4y2DnxkoJWE7ZQ05MHd8Tw', 'title': 'Lil Uzi Vert - What You Saying - [Official Music Video]', 'description': 'The official video for LIL UZI VERT\'s "What You Saying” - OUT NOW! \n\nStream/Download "What You Saying": https://liluzivert.lnk.to/WhatYouSaying\n\nJoin Cor(e):\nhttps://www.welcometocore.com/ \n\nConnect with LIL UZI VERT:\nhttps://x.com/LILUZIVERT\nhttps://www.instagram.com/liluzivert/\nhttps://www.tiktok.com/@liluzivert?lang=en\nhttps://www.facebook.com/LilUziVert/\nhttps://www.youtube.com/user/LILUZIVERT\n\nDIRECTOR: Charlotte Wales \n@charlottemwales\n\nPRODUCTION: Colors \n@colorscolors.tv\n\nPOST PRODUCTION: D Factory\n @dfactoryparis\n\nPRODUCTION SERVICE: PARADOXAL \n@paradoxal_residency\n\nDOP: Maddy Talias \n@maddytalias \n\nPROD DESIGNER: Lauren Nikrooz \n@laurennikrooz\n\nEDITOR: Louis Hvejsel Bork\n@louishvejselbork\n\nCOLORIST: Mathieu Caplanne \n@mathieucaplanne\n\nVIDEO COMMISSIONER: Mildred Delamota\n@millydelmota \n\nLyrics:\nI don’t even know what she say ‘cuz she foreign\nYeah she foreign\nAnd she got endurance\nLike the way she forms\nIs she gon’ perform it\nLook the same in morning (woah)\nShe don’t stop keep going (keep going)\nI don’t even know what she said but this what I hear in my head\nHuh? What? Wait\nWhat she say?\nYes\nAh, and she start breathing like…\nWoah\nLet’s go\nThen she switch the pace up\nOkay I really do get you\nWhat I make in a day, what they make in a life\nIs it cuz that I’m paid, you tryna stay the night\nYou keep rubbing all on my face, make me feel I’m your type\nI guess that we on the same page, cuz I’m just tryna strike\nOkay I really do get you\nWhat I make in a day, what they make in a life\nIs it cuz that I’m paid, you tryna stay the night\nYou keep rubbing all on my face, make me feel I’m your type\nI guess that we on the same page, cuz I’m just tryna strike\nWoah\nHuh\nKeep \nWoah\nWhat she say\nAh\nAh\nOh\nOhhhh\nYes\nI don’t even know what she say ‘cuz she foreign\nYeah she foreign\nAnd she got endurance\nLike the way she forms\nIs she gon’ perform it\nLook the same in morning (woah)\nShe don’t stop keep going (keep going)\nI don’t even know what she said but this what I hear in my head\n\n#LILUZIVERT #WhatYouSaying #WelcometoCore #Vogue \n\n2025 Cor(e)/Roc Nation Distribution', 'thumbnails': {'default': {'url': 'https://i.ytimg.com/vi/s_TUESTU7_4/default.jpg', 'width': 120, 'height': 90}, 'medium': {'url': 'https://i.ytimg.com/vi/s_TUESTU7_4/mqdefault.jpg', 'width': 320, 'height': 180}, 'high': {'url': 'https://i.ytimg.com/vi/s_TUESTU7_4/hqdefault.jpg', 'width': 480, 'height': 360}, 'standard': {'url': 'https://i.ytimg.com/vi/s_TUESTU7_4/sddefault.jpg', 'width': 640, 'height': 480}, 'maxres': {'url': 'https://i.ytimg.com/vi/s_TUESTU7_4/maxresdefault.jpg', 'width': 1280, 'height': 720}}, 'channelTitle': 'Louis Cao', 'playlistId': 'PLdydBfVeaGAZ9jWhIrrhqcQgwkUp6irJX', 'position': 9, 'resourceId': {'kind': 'youtube#video', 'videoId': 's_TUESTU7_4'}, 'videoOwnerChannelTitle': 'LIL UZI VERT', 'videoOwnerChannelId': 'UCqwxMqUcL-XC3D9-fTP93Mg'}}
2026-05-12 22:18:40,475 - backend.services.youtube_service - INFO - Searching YouTube for: Surprise AZ
2026-05-12 22:18:40,802 - backend.services.youtube_service - DEBUG - Found video ID: 7ZzvGku2sjM
2026-05-12 22:18:40,802 - backend.services.youtube_service - INFO - Adding video 7ZzvGku2sjM to playlist PLdydBfVeaGAZ9jWhIrrhqcQgwkUp6irJX
2026-05-12 22:18:41,075 - backend.services.youtube_service - DEBUG - Added video: {'kind': 'youtube#playlistItem', 'etag': 'OZ_OnwM4nI_9gs7StuidL1HbmHs', 'id': 'UExkeWRCZlZlYUdBWjlqV2hJcnJocWNRZ3drVXA2aXJKWC40NzZCMERDMjVEN0RFRThB', 'snippet': {'publishedAt': '2026-05-13T02:18:40Z', 'channelId': 'UC4y2DnxkoJWE7ZQ05MHd8Tw', 'title': 'AZ - "Surprise" feat. Nas (Visualizer)', 'description': "Listen to ‘Doe Or Die III’ Now: https://quietmoney.lnk.to/DoeOrDieIII\nShop The ‘Doe Or Die III’ Collection: https://shop.massappeal.com/collections/vendors?q=AZ\n\n-\nLyrics:\nLet's get to it.\nYou know what it is\n\nThe journalist, the jewel dropper, New Sinatra's, it’s metaphysics,\nI move like Mustafa\nFrom coke copper\nto rope rocker,\nI post proper,\nat the Lacasa,\nflicking it in a the fox fur\nWill not slur, wraith coup\nOr drop spur,\nmy eyeballs on billions, the blocks blur\nBaller, set shit off, I'm no staller,\ndon't need jewels on my neck to reflect aura\nBest author,\nfrom Brooklyn expect torture's\nit’s five still alive, I could vibe and rep off of\nFlow silly,\nDum’s out, what's the dilly,\nit's either a hung jury or ride till they come kill me\nShot caller, never a slum watch sporter,\nfeeling like Run when he first rocked the Fedora\nChest broader, fruits and veggie, fresh waters,\nit’s power,\nI knock your cell tower out of order\n\nSurprise clowns we caught ya\nAll off guard, witness the slaughter\nYoung Pablo at the border\nJust left Cabo with a quarter\nDiablo, this a scorcher\nFuck it, Esco up the offer\n\nThe fly nigga haters accumulating, lately I'm movie making\nShorty your Uber here, what I'm calling a rude awakening\nWe spend every moment trying to get all the bros rich\nWhen rap money was slow compared to what the blow did\nWhen hustlers had more cars than stars\nIt's hard to picture that now, we rocking Richards right now\nBack then the most expensive wristwatch was like thirty thou\nThank God for Hip Hop 'cause they might've murdered me wow\nThey on you when you too low, they can't copy your style\nThey foul, that's the part about them they conveniently leaving out\nI just mind my business, some wine and eat halal\nAnd we don't gotta say we real, just what some G's about, no doubt\nWho not them street dudes? I wish it was true\nWish the raw never got in our pores, our fingertips too\nWish that I could erase what I seen in my view\nThe errors, vendettas, sealed  secrets locked up the crew\nDon't let the smooth smile have y'all fooled\nI'll show you what y'all thought y'all knew\nY'all talk, I do\nMy bracket, Valentino, burgundy croc jacket\nStocks massive, I knock this whole planet off its axis\n\nYeah\nSurprise clowns we caught ya\nAll off guard, witness the slaughter\nYoung Pablo at the border\nJust left Cabo with a quarter\nDiablo, this a scorcher\nFuck it, Esco up the offer\n-\n\nFollow AZ:\nInstagram: https://www.instagram.com/quietazmoney/\nX: https://x.com/quietAZmoney\nYoutube: https://www.youtube.com/channel/UCjwIVogi9H0SYNuV8ZKPoxg\nhttps://www.quietmoneydirect.com/", 'thumbnails': {'default': {'url': 'https://i.ytimg.com/vi/7ZzvGku2sjM/default.jpg', 'width': 120, 'height': 90}, 'medium': {'url': 'https://i.ytimg.com/vi/7ZzvGku2sjM/mqdefault.jpg', 'width': 320, 'height': 180}, 'high': {'url': 'https://i.ytimg.com/vi/7ZzvGku2sjM/hqdefault.jpg', 'width': 480, 'height': 360}, 'standard': {'url': 'https://i.ytimg.com/vi/7ZzvGku2sjM/sddefault.jpg', 'width': 640, 'height': 480}, 'maxres': {'url': 'https://i.ytimg.com/vi/7ZzvGku2sjM/maxresdefault.jpg', 'width': 1280, 'height': 720}}, 'channelTitle': 'Louis Cao', 'playlistId': 'PLdydBfVeaGAZ9jWhIrrhqcQgwkUp6irJX', 'position': 10, 'resourceId': {'kind': 'youtube#video', 'videoId': '7ZzvGku2sjM'}, 'videoOwnerChannelTitle': 'AZ Quiet Money', 'videoOwnerChannelId': 'UCjwIVogi9H0SYNuV8ZKPoxg'}}
2026-05-12 22:18:41,077 - backend.services.youtube_service - INFO - Searching YouTube for: Track and Field JJerome87
2026-05-12 22:18:41,327 - backend.services.youtube_service - DEBUG - Found video ID: 5irRXygfyLo
2026-05-12 22:18:41,327 - backend.services.youtube_service - INFO - Adding video 5irRXygfyLo to playlist PLdydBfVeaGAZ9jWhIrrhqcQgwkUp6irJX
2026-05-12 22:18:41,615 - backend.services.youtube_service - DEBUG - Added video: {'kind': 'youtube#playlistItem', 'etag': '5YAxwcGzi6cWPJCrq2s3Ut8WYjk', 'id': 'UExkeWRCZlZlYUdBWjlqV2hJcnJocWNRZ3drVXA2aXJKWC5EMEEwRUY5M0RDRTU3NDJC', 'snippet': {'publishedAt': '2026-05-13T02:18:41Z', 'channelId': 'UC4y2DnxkoJWE7ZQ05MHd8Tw', 'title': 'JJerome87 - Track and Field (Official Video)', 'description': "The official video for JJerome87 - Track and Field.\nTaken from the album, 'The Canyon.'\nListen to ‘Track and Field’: https://JJerome87.lnk.to/TheCanyon\n\nCredits:\nDirected by: Newman-Wallace\nOriginal Concept by: Joe Newman\nCreative Direction by:  Darcy Wallace\nArchive Producer: Tess McNally-Watson\nEditor: Lucy Berry\nAssistant Editor: Valentina West\nSenior Edit Producer: Nikki Porter\nEdit House: Final Cut LTD\nColourist: Luis Reggiardo\n\nStock footage provided by: \nGetty Image\nKino Library\nProducers Library\nPond5 / Avgeeks\nPond5 / Dogphonic\n\nSpecial thanks:\nMadeleine O'Gorman\nBex Redwood\n \nSubscribe to JJerome87’s channel: https://JJerome87.lnk.to/YouTubeSubscribe. \n \nFollow JJerome87: \nInstagram: https://www.instagram.com/jjerome87\nWeb: https://jjerome87.com/\n \nLyrics:\nWell the good times could fill a thimble\nThe saturnine fill a pool\nThough that fear could fill a canyon\nThe fear of losing you\n\nFebruary I felt the same\nthen as I do now\n \nSo take me to Track and Field\nTake me to Track and Field\nTake me to Track and Field\n\nYeah she is a triple take\nShe’s a country she’d be triple A\nBaby come away with me\nLet’s get laser eye surgery\n \nA loud Lamorna\nSinging right down the line\nHey Lamorna\nFastest over the line\nLamorna\nI like rolling you name\naround my tongue\n \nThe phone rings from the living room\nTake me to Track and Field\nTake me to Track and Field\nTake me to Track and Field\n\nHow many numbers did you call before you called me?\n \nFebruary '91\nShe got a scholarship to run run run\nBack in 1983\nJust a kid two years younger than me\n \nBut now Lamorna\nI’m at the precipice of falling for you\nIt's hard Lamoma\nbrothers in my friendship group\nOoh Lamorna\nWatching you watching you run\n \nTake me to that first goodbye\nTake me to Track and Field\nTake me to Track and Field\nTake me to Track and Field\n\nHow many numbers did you call before you called me?\nHow many numbers did you call before you called me?\n\nTake me to that first first goodbye\nHow many numbers did you call before you called me?\nTake me to that first first goodbye\nHow many numbers did you call before you called me?\n\nTake me to that first goodbye\nTake me to Track and Field\nTake me to Track and Field\nTake me to Track and  \nHow many numbers did you call before you called me?", 'thumbnails': {'default': {'url': 'https://i.ytimg.com/vi/5irRXygfyLo/default.jpg', 'width': 120, 'height': 90}, 'medium': {'url': 'https://i.ytimg.com/vi/5irRXygfyLo/mqdefault.jpg', 'width': 320, 'height': 180}, 'high': {'url': 'https://i.ytimg.com/vi/5irRXygfyLo/hqdefault.jpg', 'width': 480, 'height': 360}, 'standard': {'url': 'https://i.ytimg.com/vi/5irRXygfyLo/sddefault.jpg', 'width': 640, 'height': 480}, 'maxres': {'url': 'https://i.ytimg.com/vi/5irRXygfyLo/maxresdefault.jpg', 'width': 1280, 'height': 720}}, 'channelTitle': 'Louis Cao', 'playlistId': 'PLdydBfVeaGAZ9jWhIrrhqcQgwkUp6irJX', 'position': 11, 'resourceId': {'kind': 'youtube#video', 'videoId': '5irRXygfyLo'}, 'videoOwnerChannelTitle': 'JJerome87', 'videoOwnerChannelId': 'UCghp_G_LYn1vMPGTK9larrg'}}
2026-05-12 22:18:41,616 - backend.services.youtube_service - INFO - Searching YouTube for: American Dream Alabama Shakes
2026-05-12 22:18:41,933 - backend.services.youtube_service - DEBUG - Found video ID: AaWUQstLC7o
2026-05-12 22:18:41,933 - backend.services.youtube_service - INFO - Adding video AaWUQstLC7o to playlist PLdydBfVeaGAZ9jWhIrrhqcQgwkUp6irJX
2026-05-12 22:18:42,319 - backend.services.youtube_service - DEBUG - Added video: {'kind': 'youtube#playlistItem', 'etag': 'iP2o2zWW9xoaUGThbYTPKElfHao', 'id': 'UExkeWRCZlZlYUdBWjlqV2hJcnJocWNRZ3drVXA2aXJKWC45ODRDNTg0QjA4NkFBNkQy', 'snippet': {'publishedAt': '2026-05-13T02:18:42Z', 'channelId': 'UC4y2DnxkoJWE7ZQ05MHd8Tw', 'title': 'Alabama Shakes - American Dream (Lyric Video)', 'description': '"American Dream" Out Now! https://alabamashakes.lnk.to/AmericanDream\n\nGet tickets for the 2026 tour: https://www.alabamashakes.com/tour\n\nLyrics:\nI thought we wanted the same things\nI must be dreaming\n \nThe American dream\nPeace. Love. Happiness\nThe impossible dream\nOpportunity. Freedom\nI must be dreaming\nThe American dream\nI must be dreaming\nI must be dreaming\nThe impossible dream\nI must be dreaming\n \nWhat are we doing?\nWhat are we doing?\n \nOut of reach\nDouble speak\nGot the white house pretty and pimped out\nGun reform\nMy body my choice\nGot the big tv to show you what you didn\'t even know you wanted\nGot the E.P.A., sure is hot today\nLow grade fever, lower wage people\nHow many folks got shot this week\nIt’s enough to make you wanna go back to sleep\n \nThe American dream\nI wanna go back to sleep now\nThe impossible dream\nI can’t keep dreaming\nThe American dream\nThe impossible dream\nkeep dreaming\n\nCredits:\nWritten by Brittany Howard, Heath Fogg, and Zac Cockrell\nPublished by Limestone Listening Club Publishing (BMI)\nProduced by Alabama Shakes & Shawn Everett\nRecorded by Shawn Everett at Sound Emporium Studios & Blackbird Studios - Nashville, TN\nAssistant Engineering by Austin Brown, Steven Cordray, & Ethan Shull at Blackbird Studios\nAssistant Engineering by Skyler Chuckry at Sound Emporium Studios\nMixed by Shawn Everett at Subtle McNugget Studios - Los Angeles\nMastered by Patricia Sullivan at Bernie Grundman Mastering Hollywood, CA\nGuitar by Heath Fogg & Brittany Howard\nBass by Zac Cockrell\nDrums by Lewis Wright\nKeyboards by Lloyd Buchanan\nVocals by Brittany Howard\nA&R: Kevin Morris, Christine Stauder, Justin Eshak\nA&R Coordinator: Sundhya Alter\nA&R Administration : Gabrielle Rosen\n\nFollow:\nhttps://www.instagram.com/alabama_shakes\nhttps://www.tiktok.com/@alabamashakesofficial\nhttps://www.youtube.com/@AlabamaShakes/featured\nhttps://www.facebook.com/theAlabamaShakes/\nhttps://music.apple.com/us/artist/alabama-shakes/498509884\n\n#alabamashakes #americandream', 'thumbnails': {'default': {'url': 'https://i.ytimg.com/vi/AaWUQstLC7o/default.jpg', 'width': 120, 'height': 90}, 'medium': {'url': 'https://i.ytimg.com/vi/AaWUQstLC7o/mqdefault.jpg', 'width': 320, 'height': 180}, 'high': {'url': 'https://i.ytimg.com/vi/AaWUQstLC7o/hqdefault.jpg', 'width': 480, 'height': 360}, 'standard': {'url': 'https://i.ytimg.com/vi/AaWUQstLC7o/sddefault.jpg', 'width': 640, 'height': 480}}, 'channelTitle': 'Louis Cao', 'playlistId': 'PLdydBfVeaGAZ9jWhIrrhqcQgwkUp6irJX', 'position': 12, 'resourceId': {'kind': 'youtube#video', 'videoId': 'AaWUQstLC7o'}, 'videoOwnerChannelTitle': 'Alabama Shakes', 'videoOwnerChannelId': 'UCkDw4xg86Jlph29KqQw_Xhw'}}
2026-05-12 22:18:42,320 - backend.services.youtube_service - INFO - Searching YouTube for: No One Told Us 50 Cent
2026-05-12 22:18:42,828 - backend.services.youtube_service - DEBUG - Found video ID: QIUyh1jK1BQ
2026-05-12 22:18:42,828 - backend.services.youtube_service - INFO - Adding video QIUyh1jK1BQ to playlist PLdydBfVeaGAZ9jWhIrrhqcQgwkUp6irJX
2026-05-12 22:18:43,120 - backend.services.youtube_service - DEBUG - Added video: {'kind': 'youtube#playlistItem', 'etag': 'ZHIJY__qanezrKZKY5CmbnkBETY', 'id': 'UExkeWRCZlZlYUdBWjlqV2hJcnJocWNRZ3drVXA2aXJKWC4zMDg5MkQ5MEVDMEM1NTg2', 'snippet': {'publishedAt': '2026-05-13T02:18:42Z', 'channelId': 'UC4y2DnxkoJWE7ZQ05MHd8Tw', 'title': "50 Cent Feat. Leon Thomas & Fetty Wap  - 'No One Told Us' | Extended Version", 'description': "Check out the official extended version for 'No One Told Us,' the theme song for upcoming series 'Power: Origins'  \n\nShop Now: https://www.gunitbrands.com/", 'thumbnails': {'default': {'url': 'https://i.ytimg.com/vi/QIUyh1jK1BQ/default.jpg', 'width': 120, 'height': 90}, 'medium': {'url': 'https://i.ytimg.com/vi/QIUyh1jK1BQ/mqdefault.jpg', 'width': 320, 'height': 180}, 'high': {'url': 'https://i.ytimg.com/vi/QIUyh1jK1BQ/hqdefault.jpg', 'width': 480, 'height': 360}, 'standard': {'url': 'https://i.ytimg.com/vi/QIUyh1jK1BQ/sddefault.jpg', 'width': 640, 'height': 480}, 'maxres': {'url': 'https://i.ytimg.com/vi/QIUyh1jK1BQ/maxresdefault.jpg', 'width': 1280, 'height': 720}}, 'channelTitle': 'Louis Cao', 'playlistId': 'PLdydBfVeaGAZ9jWhIrrhqcQgwkUp6irJX', 'position': 13, 'resourceId': {'kind': 'youtube#video', 'videoId': 'QIUyh1jK1BQ'}, 'videoOwnerChannelTitle': '50 Cent', 'videoOwnerChannelId': 'UC8zJedg1f4sKnyuHWeS6vyw'}}
2026-05-12 22:18:43,121 - backend.services.youtube_service - INFO - Searching YouTube for: SAME SH!T Isaiah Rashad
2026-05-12 22:18:43,501 - backend.services.youtube_service - DEBUG - Found video ID: z_8vbppalKo
2026-05-12 22:18:43,501 - backend.services.youtube_service - INFO - Adding video z_8vbppalKo to playlist PLdydBfVeaGAZ9jWhIrrhqcQgwkUp6irJX
2026-05-12 22:18:43,852 - backend.services.youtube_service - DEBUG - Added video: {'kind': 'youtube#playlistItem', 'etag': 'I3y3pW5jYysN6kiIuE92eIyzhDg', 'id': 'UExkeWRCZlZlYUdBWjlqV2hJcnJocWNRZ3drVXA2aXJKWC41Mzk2QTAxMTkzNDk4MDhF', 'snippet': {'publishedAt': '2026-05-13T02:18:43Z', 'channelId': 'UC4y2DnxkoJWE7ZQ05MHd8Tw', 'title': 'Isaiah Rashad - SAME SH!T (Official Video)', 'description': 'itsbeenawful.com\n\nListen to SAME SH!T: https://isaiahrashad.lnk.to/SAMESHIT\n\nPre-Order \'It\'s Been Awful\'\nSpotify pre-save https://shorturl.at/ba5W6\nApple pre-save https://shorturl.at/O1Wpu\n\nTwitter: https://twitter.com/isaiahrashad\nInstagram: https://www.instagram.com/isaiahrashad/\nDiscord: https://discord.com/invite/ltkp \nTikTok: https://www.tiktok.com/@isaiahrashad\nFacebook: https://www.facebook.com/isaiahrashad\nSoundcloud: https://soundcloud.com/isaiah_rashad\nSpotify: https://open.spotify.com/artist/6aaMZ3fcfLv4tEbmY7bjRM?si=XwJpUWfGTlKKCyizEmvH7g&dl_branch=1\nApple Music: https://music.apple.com/us/artist/isaiah-rashad/605391263\n\n#IsaiahRashad #ItsBeenAwful #TDE\n\nTxDxE.com\n\nSAME SH!T CREDITS\nDirected by Omar Jones for Adele Drive @freeomarjones @adele_drive\n\nExecutive Producers: Anthony “Top Dawg” Tiffith, Anthony Moosa Tiffith @moosatde\nProduction Company: Adele Drive @adele_drive\nProducer: Farah Idrees @idr_farah & Anthony Moosa Tiffith @moosatde \nWritten by Omar Jones @freeomarjones\nDirector of Photography: Cory Burmester @cory.burmester\nProduction Designer: Matt Toth @mattt.toth\nEditor: Derrick Monks @derrickmonks | MakeMake Editing @makemakeediting\nColorist: Myles Bevan @m.y.l.e.s | ModernPost\nSound Designer | Final Mix: Colton Jackson\nVFX supervisor: Olly Caiden @ocaiden | noise @noisestudio.xyz\nArtist Mgmt: Matt Miller @mattmillertde\nTDE EP: Langston Griffith-Siebens @langstonsiebens\nStylist: Sakinah Bashir @sakinahbashir_\nTitles: Dann Gilbuena, Michael Lewis and Pat Palacio\n\nLA:\n1st AC: Paul Weidt, Eduardo Gonzalez\n2nd AC: Codi Roberts, McKay Todd\nGaffer: Eddie Reid@eddiereidfeilms\nBest Boy Electric: Kevin Williams\nElectric: Thomas King\nKey Grip: Alessandro Picasso@picasso_319\nBest Boy Grip: Gary Harvill\nGrip / Driver: Alex Schmidt, Paul Reynoso\nSteadicam: José Espinoza\n\nChattanooga, TN:\n1st AC: Joel Chivington\nSteadicam: Chris Smith \nArt Director: Elorm Srigboh\n\n1st AD: Robert "RB" Blair, Jorden Smooth@cinemacowboy.rb @jordensmooth\nProduction Manager (TDE): Henry Anguiano@bighendoooo\nProduction Coordinators: Malik Riley @imleeko, Moun Soussan@moun.sous \n\nProduction Designer Matthew Toth @mattt.toth\nArt Director: Kellie Arceneaux @kelliearceneaux_\nSet Dresser: Drew Wall @cdrewwall\nSet Dresser: Rob Luedtke @rldtke\n\nCasting Director: Copelan Cash\nAD PA: Bianca Ostojich@destinedbee\nTruck PA: Allen Amechi\nProduction Assistants: Jack Clarke, Peter Fugawa\n\n\n\nB-UNIT\nProduction Company – Dogma Studios × Twisted Hammock\nExecutive Producer: Nicholas Buckwalter\nProducers – Aryan Gupta & Sehran Khan\nUnit Production Manager – Vita Presley\n1st Assistant Director — Izzy Hameed\n\nDirector of Photography — Cory Burmester\nSteadicam Operator — Zachary Stanke\n1st AC — Erik Aguilar\n2nd AC — Bryam Aguilar\n\nGaffer — Isaac Marziali\nKey Grip — Matt Planer\nBest Boy Electric — Em Shafer\nBest Boy Grip — Jake Condon\n\nProduction Designer — Kellie Arceneaux\nArt PA — Rob Luedtke\n\nProduction Sound Mixer — Javier Covarrubias\n\nProduction Assistants – Joey Hearth, Ryan Lee, & Zeke edielson\n\nCast\nPrincipal Talent\nIsaiah Rashad — Artist\nTabitha Green — Bride\nRaven Schexnayder — Bride\nSupporting / Family\nMoses Jackson — Family\nViolet Redfield — Family\nSandra Atkins — Family\n\n\n\nPOST PRODUCTION:\nAssistant Editors: Justin Marquez @justintimemarquez and Arne Christensen @arnechristiansen \nProducer: Aymi Sanchez @aymisanchez\nExecutive Producers: Meagen Carroll @deathbyaltoids\nHead of Production: Dani DuHadway Spagnoli @dani_du\nManaging Director: Eve Kornblum @eve_makemake\n\nTitles: Dann Gilbuena\n\nSpecial Thanks:\nChattanooga Public Library\nLennox Miller\nBMR.nem', 'thumbnails': {'default': {'url': 'https://i.ytimg.com/vi/z_8vbppalKo/default.jpg', 'width': 120, 'height': 90}, 'medium': {'url': 'https://i.ytimg.com/vi/z_8vbppalKo/mqdefault.jpg', 'width': 320, 'height': 180}, 'high': {'url': 'https://i.ytimg.com/vi/z_8vbppalKo/hqdefault.jpg', 'width': 480, 'height': 360}, 'standard': {'url': 'https://i.ytimg.com/vi/z_8vbppalKo/sddefault.jpg', 'width': 640, 'height': 480}, 'maxres': {'url': 'https://i.ytimg.com/vi/z_8vbppalKo/maxresdefault.jpg', 'width': 1280, 'height': 720}}, 'channelTitle': 'Louis Cao', 'playlistId': 'PLdydBfVeaGAZ9jWhIrrhqcQgwkUp6irJX', 'position': 14, 'resourceId': {'kind': 'youtube#video', 'videoId': 'z_8vbppalKo'}, 'videoOwnerChannelTitle': 'isaiah rashad', 'videoOwnerChannelId': 'UCDfdBkK0m12ViuT9DvwnZvA'}}
2026-05-12 22:18:43,853 - backend.services.youtube_service - INFO - Searching YouTube for: Can't Express Roddy Ricch
2026-05-12 22:18:44,302 - backend.services.youtube_service - DEBUG - Found video ID: cQhKyvgm9io
2026-05-12 22:18:44,303 - backend.services.youtube_service - INFO - Adding video cQhKyvgm9io to playlist PLdydBfVeaGAZ9jWhIrrhqcQgwkUp6irJX
2026-05-12 22:18:45,697 - backend.services.youtube_service - DEBUG - Added video: {'kind': 'youtube#playlistItem', 'etag': 'H_5FaNEUt3K78YPCBwQyJSb7VVE', 'id': 'UExkeWRCZlZlYUdBWjlqV2hJcnJocWNRZ3drVXA2aXJKWC5EQUE1NTFDRjcwMDg0NEMz', 'snippet': {'publishedAt': '2026-05-13T02:18:44Z', 'channelId': 'UC4y2DnxkoJWE7ZQ05MHd8Tw', 'title': "Roddy Ricch - Can't Express [Official Music Video]", 'description': 'Roddy Ricch - Can\'t Express [Official Music Video]\nStream/Download - https://RoddyRicch.lnk.to/FeedThaStreets2\n\n‘LIVE LIFE FAST’ out now: https://roddyricch.lnk.to/LLFID"\n\n🔔 Subscribe to the channel and stay notified https://www.youtube.com/@RoddyRicch?sub_confirmation=1\n\nWatch all the Official Music Videos: https://www.youtube.com/playlist?list=PLoIBqO622uqi5ILoke96uXewjPf0mIh4C\n\nFollow Roddy Ricch\nhttps://instagram.com/roddyricch\nhttps://twitter.com/roddyricch\nhttps://soundcloud.com/roddyricch\nhttps://facebook.com/RoddyRicch/\nhttps://roddyricch.com\n\nLyrics:\nI can\'t express myself, don\'t know how to start\nThat\'s why I\'m double cupped up, I go to Mars\nShawty was with me in the bando from the start\nNow we in the Phantom, lookin\' at the stars\nWhen all this money came, these hoes played on me\nI remained the same nigga, so please don\'t change on me\nA lot of these hoes round a nigga, they be too fake\n\'Cause a young nigga been hoppin\' out that new Wraith\n\nAll these problems got me drownin\' in my Codeine\nDouble up, the birds got me trappin\' out them four wings\nTwenty-four-seven I just want you to be honest with me\nYou protected cause I keep the 9 under me\nAll them late night conversations in the loft\nDidn\'t had to tell you, you knew we was gonna ball\nBut I\'ve been havin\' to explain to these hoes, gotta get off me\nVvs diamonds in your ring, no Charles Barkley (ayy)\nI just got a number one rule, shawty don\'t lie to me (don\'t lie)\nIf you want a bad bitch in the threesome, we can find her\nI\'ma keep you flooded and on fleek in that designer\nYou know we be chasin\' that bag, I\'m right behind her\n\nI can\'t express myself, don\'t know how to start\nThat\'s why I\'m double cupped up, I go to Mars\nShawty was with me in the bando from the start\nNow we in the Phantom, lookin\' at the stars\nWhen all this money came, these hoes played on me\nI remained the same nigga, so please don\'t change on me\nA lot of these hoes \'round a nigga, they be too fake\n\'Cause a young nigga been hoppin\' out that new Wraith\n\nNow that I got it, I ain\'t knowin\' who to share it with\nGive you that \'Rari thing, horses on the carriages\nGet you red bottom boxes you don\'t know what pair this is\nBack shots, gotta hit it, high notes, Mariah Carey and shit\nI bought a white tee just to match it on your toenails, yeah\nI done paid full price on Chanel, this ain\'t no wholesale, yeah\nMe and shawty, street relationship goals yeah\nWhatever she needs, a nigga gotta be there for her\nShe be dippin\' that Range nigga, f*ck a Explorer\nGave her ten racks just to blow at Sephora\nShe want Dolce and Gabbana, she ain\'t fuckin\' with Zara\nThought we would be one night until a nigga got to know her\n\nI can\'t express myself\nDon\'t know how to start (don\'t know how to start)\nThat\'s why I\'m double cupped up, I go to Mars \nShawty was with me in the bando from the start (aw yeah)\nNow we in the Phantom, lookin\' at the stars\nWhen all this money came, these hoes played on me (yeah, yeah, yeah)\nI remained the same nigga\nSo please don\'t change on me (change on me)\nA lot of these hoes \'round a nigga, they be too fake\n\'Cause a young nigga been hoppin\' out that new Wraith\n\nYeah, yeah, yeah\nI can\'t express myself\nI can\'t express myself\nYeah, yeah, eah (keep that)', 'thumbnails': {'default': {'url': 'https://i.ytimg.com/vi/cQhKyvgm9io/default.jpg', 'width': 120, 'height': 90}, 'medium': {'url': 'https://i.ytimg.com/vi/cQhKyvgm9io/mqdefault.jpg', 'width': 320, 'height': 180}, 'high': {'url': 'https://i.ytimg.com/vi/cQhKyvgm9io/hqdefault.jpg', 'width': 480, 'height': 360}, 'standard': {'url': 'https://i.ytimg.com/vi/cQhKyvgm9io/sddefault.jpg', 'width': 640, 'height': 480}, 'maxres': {'url': 'https://i.ytimg.com/vi/cQhKyvgm9io/maxresdefault.jpg', 'width': 1280, 'height': 720}}, 'channelTitle': 'Louis Cao', 'playlistId': 'PLdydBfVeaGAZ9jWhIrrhqcQgwkUp6irJX', 'position': 15, 'resourceId': {'kind': 'youtube#video', 'videoId': 'cQhKyvgm9io'}, 'videoOwnerChannelTitle': 'Roddy Ricch', 'videoOwnerChannelId': 'UChQdA1rid5kKZh6oIc6DLNg'}}
2026-05-12 22:18:45,699 - backend.services.youtube_service - INFO - Searching YouTube for: Walk Em Down (feat. Roddy Ricch) NLE Choppa
2026-05-12 22:18:46,104 - backend.services.youtube_service - DEBUG - Found video ID: fyIcQ1Xl-rs
2026-05-12 22:18:46,104 - backend.services.youtube_service - INFO - Adding video fyIcQ1Xl-rs to playlist PLdydBfVeaGAZ9jWhIrrhqcQgwkUp6irJX
2026-05-12 22:18:46,556 - backend.services.youtube_service - DEBUG - Added video: {'kind': 'youtube#playlistItem', 'etag': '5LA-miLJOlKuG7MzTYeguulvNEk', 'id': 'UExkeWRCZlZlYUdBWjlqV2hJcnJocWNRZ3drVXA2aXJKWC41QTY1Q0UxMTVCODczNThE', 'snippet': {'publishedAt': '2026-05-13T02:18:46Z', 'channelId': 'UC4y2DnxkoJWE7ZQ05MHd8Tw', 'title': 'NLE Choppa - Walk Em Down feat. Roddy Ricch [Official Music Video]', 'description': "Watch the official music video for Walk Em Down by NLE Choppa feat. Roddy Ricch from the album Top Shotta.\n🔔 Subscribe to the channel: https://youtube.com/c/NLECHOPPA?sub_confirmation=1\n\nWalk Em Down available here: https://nlechoppa.lnk.to/walkemdown\nMerch: https://warnerrecords.lnk.to/choppastore\n\nA Psycho Films Production\nDirector: Christian Sutton\nEP: Sam Canter\nProducers: Geenah Krisht & Mary Margaret Merritt\nDP: Dannel Escallon\nPD: Dre Day Designz\n1st AD: Erik Mateo\nEditor: Tyler Sobel-Mason \nVFX: Warm & Fuzzy, Nuclear Creative, Max Goodrich, & Will Tooke\nColorist: Stephen Derluguian\nLasers: FutureWeapons Lasers\n\nFollow NLE Choppa:\nTxt: (901)245-5603\nWeb: https://nlechoppa.com\nEmail: https://nlechoppa.com/mailing-list\nInstagram: https://instagram.com/nlechoppamusic\nFacebook: https://facebook.com/nlechoppamusic\nTwitter: https://twitter.com/nlechoppa1\nSnapchat: https://snapchat.com/add/nlechoppamusic\nTikTok: @NLEChoppaMusic\nTriller: @NLEChoppa\n\nNLE Choppa is a Memphis-born rapper renowned for his hits “Walk Em Down,” “Shotta Flow,” “Famous Hoes,” “Birdboy,” “Free Youngboy,” “Blocc Is Hot,” and “Camelot.” He worked with artists like Roddy Rich, 50 cent, Blueface, and Lil Baby — amassing billions of global streams and earned the #1 spot on Billboard’s Emerging Artist Chart.\n\nLyrics:\nCashMoneyAP\nOoh, ooh, no, no\nNLE the Top Shotta\n\nPosted, in front of the trap\nSelling dope, 'till the sun come down\nTake a fuck nigga right off the map\nWhen I hit him, with this whole hundred rounds\nYoung joc, in the club, with my Glock\nYou want to play and then this bitch going down\nWe ain't hesitatin', bullets get to blazin'\nImma lay him down like he in the lounge\n\nWalk 'em down\nWalk 'em down\nWalk 'em down\nWalk 'em down\nWalk 'em down\nWalk 'em down\nWalk 'em down\nWalk 'em down\n\nWalk down on 'em in Balenciaga runners\nMy blood, slime a nigga out, just like a anaconda\nYou go against me, then you fuck, just like a used condom\nI roll 'em up, and then I smoke 'em, like some good ganja\nAy, still doing drive-bys, but I want to walk 'em\nIf I can't find 'em, you know I'm gonna stalk 'em\nCaution tape up on the scene, I had to white chalk 'em\nRunning from my gun, but my bullets had to hawk 'em\n\nPosted, in front of the trap\nSelling dope, till the sun come down\nTake a fuck nigga right off the map\nWhen I hit him, with this whole hundred rounds\nYoung joc, in the club, with my Glock\nYou want to play, and then this bitch going down\nWe ain't hesitatin' bullets get to blazin'\nImma lay him down like he in the lounge\n\nWalk 'em down\nWalk 'em down\nWalk 'em down\nWalk 'em down\nWalk 'em down\nWalk 'em down\nWalk 'em down\nWalk 'em down\n\nNigga, I was posted on the corner, where the jays at\nRoll up in the four by four, pull at the corner store\nAnd I got red in my drink, when I pour up soda\nI remember praying that the feds never take the Motorola\nChoppa got the choppa, make 'em do a backflip\nPay my dog a dime to walk him down, he need the racks bitch\nI've been drinkin, I been taking all this codeine to the face\nGot a lot of m's in the safe\nCaught a murder, then I beat the case\nI was just about to do the race\n\nPosted, in front of the trap\nSelling dope, till the sun come down\nTake a fuck nigga right off the map\nWhen I hit him, with this whole hundred rounds\nYoung joc, in the club, with my Glock\nYou want to play, and then this bitch going down\nWe ain't hesitatin' bullets get to blazin'\nImma lay him down like he in the lounge\n\nWalk 'em down\nWalk 'em down\nWalk 'em down\nWalk 'em down\nWalk 'em down\nWalk 'em down\nWalk 'em down\nWalk 'em down \n\n#OfficialMusicVideo #NLEChoppa #RoddyRicch #WalkEmDown #WeAreWarnerRecords", 'thumbnails': {'default': {'url': 'https://i.ytimg.com/vi/fyIcQ1Xl-rs/default.jpg', 'width': 120, 'height': 90}, 'medium': {'url': 'https://i.ytimg.com/vi/fyIcQ1Xl-rs/mqdefault.jpg', 'width': 320, 'height': 180}, 'high': {'url': 'https://i.ytimg.com/vi/fyIcQ1Xl-rs/hqdefault.jpg', 'width': 480, 'height': 360}, 'standard': {'url': 'https://i.ytimg.com/vi/fyIcQ1Xl-rs/sddefault.jpg', 'width': 640, 'height': 480}, 'maxres': {'url': 'https://i.ytimg.com/vi/fyIcQ1Xl-rs/maxresdefault.jpg', 'width': 1280, 'height': 720}}, 'channelTitle': 'Louis Cao', 'playlistId': 'PLdydBfVeaGAZ9jWhIrrhqcQgwkUp6irJX', 'position': 16, 'resourceId': {'kind': 'youtube#video', 'videoId': 'fyIcQ1Xl-rs'}, 'videoOwnerChannelTitle': 'NLE CHOPPA', 'videoOwnerChannelId': 'UCWICXNlSLc7eeNazpzUZcLg'}}
2026-05-12 22:18:46,557 - backend.services.youtube_service - INFO - Searching YouTube for: War Baby Roddy Ricch
2026-05-12 22:18:46,939 - backend.services.youtube_service - DEBUG - Found video ID: YK9UDVBqIBs
2026-05-12 22:18:46,939 - backend.services.youtube_service - INFO - Adding video YK9UDVBqIBs to playlist PLdydBfVeaGAZ9jWhIrrhqcQgwkUp6irJX
2026-05-12 22:18:47,231 - backend.services.youtube_service - DEBUG - Added video: {'kind': 'youtube#playlistItem', 'etag': 'Ouw6mIsLfMXW2IcH38rXTY74ikw', 'id': 'UExkeWRCZlZlYUdBWjlqV2hJcnJocWNRZ3drVXA2aXJKWC4yMUQyQTQzMjRDNzMyQTMy', 'snippet': {'publishedAt': '2026-05-13T02:18:47Z', 'channelId': 'UC4y2DnxkoJWE7ZQ05MHd8Tw', 'title': 'Roddy Ricch - War Baby [Official Audio]', 'description': 'Roddy Ricch - War Baby [Official Audio]\nStream - https://roddyricch.lnk.to/PleaseExcuseMeForBeingAntisocial\n\n‘LIVE LIFE FAST’ out now: https://roddyricch.lnk.to/LLFID"\n\n🔔 Subscribe to the channel and stay notified https://www.youtube.com/@RoddyRicch?sub_confirmation=1\n\nWatch all the Official Music Videos: https://www.youtube.com/playlist?list=PLoIBqO622uqi5ILoke96uXewjPf0mIh4C\n\nFollow Roddy Ricch\nhttps://instagram.com/roddyricch\nhttps://twitter.com/roddyricch\nhttps://soundcloud.com/roddyricch\nhttps://facebook.com/RoddyRicch/\nhttps://roddyricch.com\n\nLyrics:\nI\'m from the bottom of the bottom, check your sources, baby\nI\'m a war baby, but I can\'t divorce the paper\nI\'m a hood nigga that turned rich so I got Dior\'s latest\nAnd you know I gotta stick to my roots, I still rock Jordans, baby\nIt was hell in the projects, I survived the storm\nGot brothers in the sky, they die \'fore they born\nI know the worst conditions make a champion\nLook at my ice froze like a mannequin\nI\'m underwater like I\'m swimming and panicking\nBody bags zipped up like a laminate\nOnly solution for the opps is to stay inside\nHow your niggas say they rock, but they don\'t slide?\n\n\'Cause we was hopping out in broad day\nServing fiends in the hallway\nPromethazine \'til the morning\nHope I don\'t wake up tomorrow\nWe was the type of niggas that would rob the robbers\nI\'ma make the choppa sing like la-di-da-da-da (La-da, la-da)\nThe choppa sing like la-di-da-da-da\nSurvived in the trenches, I\'m a war baby\nI had to slide on the sliders that ain\'t normal, baby\n\nLike the mob ties in Houston we got rag ties\nI pray the Lord forgive me the day that I got baptized\n\'Cause I\'ma clutch the sticky every time a car passing by\nI don\'t wanna be Ricky or another victim of homicide\n\'Cause I know the soul never dies\nI make the chrome-chrome fly\nBitch, I\'m a wave, Roll Tide\nBullets at your face, bow tie\nMy persona done got her tongue tied\nI was taught that a legend never dies\nWhen it\'s time gotta let the lead fly\n\'Cause I\'m a war-war-war baby\nPost-traumatic stress I know the war changed me\nHad to bend back but they could never break me had to slide\n\nWe was hopping out in broad day\nServing fiends in the hallway\nPromethazine \'til the morning\nHope I don\'t wake up tomorrow\nWe was the type of niggas that would rob the robbers\nI\'ma make the choppa sing like la-di-da-da-da (La-da, la-da)\nThe choppa sing like la-di-da-da-da\nSurvived in the trenches I\'m a war baby\nI had to slide on the sliders that ain\'t normal baby, yeah', 'thumbnails': {'default': {'url': 'https://i.ytimg.com/vi/YK9UDVBqIBs/default.jpg', 'width': 120, 'height': 90}, 'medium': {'url': 'https://i.ytimg.com/vi/YK9UDVBqIBs/mqdefault.jpg', 'width': 320, 'height': 180}, 'high': {'url': 'https://i.ytimg.com/vi/YK9UDVBqIBs/hqdefault.jpg', 'width': 480, 'height': 360}, 'standard': {'url': 'https://i.ytimg.com/vi/YK9UDVBqIBs/sddefault.jpg', 'width': 640, 'height': 480}, 'maxres': {'url': 'https://i.ytimg.com/vi/YK9UDVBqIBs/maxresdefault.jpg', 'width': 1280, 'height': 720}}, 'channelTitle': 'Louis Cao', 'playlistId': 'PLdydBfVeaGAZ9jWhIrrhqcQgwkUp6irJX', 'position': 17, 'resourceId': {'kind': 'youtube#video', 'videoId': 'YK9UDVBqIBs'}, 'videoOwnerChannelTitle': 'Roddy Ricch', 'videoOwnerChannelId': 'UChQdA1rid5kKZh6oIc6DLNg'}}
2026-05-12 22:18:47,233 - backend.services.youtube_service - INFO - Searching YouTube for: Vertigo Khalid
2026-05-12 22:18:47,640 - backend.services.youtube_service - DEBUG - Found video ID: brq-z2IlfDA
2026-05-12 22:18:47,640 - backend.services.youtube_service - INFO - Adding video brq-z2IlfDA to playlist PLdydBfVeaGAZ9jWhIrrhqcQgwkUp6irJX
2026-05-12 22:18:48,366 - backend.services.youtube_service - DEBUG - Added video: {'kind': 'youtube#playlistItem', 'etag': '3dVDNjgJz9phEdk7e06PxHjgTiw', 'id': 'UExkeWRCZlZlYUdBWjlqV2hJcnJocWNRZ3drVXA2aXJKWC45RTgxNDRBMzUwRjQ0MDhC', 'snippet': {'publishedAt': '2026-05-13T02:18:47Z', 'channelId': 'UC4y2DnxkoJWE7ZQ05MHd8Tw', 'title': 'Khalid - Vertigo (Official Audio)', 'description': "'Suncity’ Out Now!  http://smarturl.it/SuncityEP\n\nApple Music: http://smarturl.it/SuncityEP/applemusic\niTunes: http://smarturl.it/SuncityEP/itunes\nSpotify: http://smarturl.it/SuncityEP/spotify\nAmazon Music: http://smarturl.it/SuncityEP/az\nGoogle Play: http://smarturl.it/SuncityEP/googleplay \niHeartRadio: http://smarturl.it/SuncityEP/iheartradio\nPandora: http://smarturl.it/SuncityEP/pandora \nTIDAL:http://smarturl.it/SuncityEP/tidal\n\nFollow Khalid:\nhttps://www.facebook.com/thegreatkhalid\nhttps://twitter.com/thegreatkhalid\nhttps://www.instagram.com/thegr8khalid/\n\n#Khalid #SunCityEP", 'thumbnails': {'default': {'url': 'https://i.ytimg.com/vi/brq-z2IlfDA/default.jpg', 'width': 120, 'height': 90}, 'medium': {'url': 'https://i.ytimg.com/vi/brq-z2IlfDA/mqdefault.jpg', 'width': 320, 'height': 180}, 'high': {'url': 'https://i.ytimg.com/vi/brq-z2IlfDA/hqdefault.jpg', 'width': 480, 'height': 360}, 'standard': {'url': 'https://i.ytimg.com/vi/brq-z2IlfDA/sddefault.jpg', 'width': 640, 'height': 480}, 'maxres': {'url': 'https://i.ytimg.com/vi/brq-z2IlfDA/maxresdefault.jpg', 'width': 1280, 'height': 720}}, 'channelTitle': 'Louis Cao', 'playlistId': 'PLdydBfVeaGAZ9jWhIrrhqcQgwkUp6irJX', 'position': 18, 'resourceId': {'kind': 'youtube#video', 'videoId': 'brq-z2IlfDA'}, 'videoOwnerChannelTitle': 'KhalidVEVO', 'videoOwnerChannelId': 'UCcN-NDV03eHs6oLd1pe2r8w'}}
2026-05-12 22:18:48,367 - backend.services.youtube_service - INFO - Searching YouTube for: Youth (feat. Khalid) Shawn Mendes
2026-05-12 22:18:48,768 - backend.services.youtube_service - DEBUG - Found video ID: sJUGAIf1Px0
2026-05-12 22:18:48,768 - backend.services.youtube_service - INFO - Adding video sJUGAIf1Px0 to playlist PLdydBfVeaGAZ9jWhIrrhqcQgwkUp6irJX
2026-05-12 22:18:49,177 - backend.services.youtube_service - DEBUG - Added video: {'kind': 'youtube#playlistItem', 'etag': 'Q-DBCu69aPXQ7k1v1om_gEJPKyc', 'id': 'UExkeWRCZlZlYUdBWjlqV2hJcnJocWNRZ3drVXA2aXJKWC5ENDU4Q0M4RDExNzM1Mjcy', 'snippet': {'publishedAt': '2026-05-13T02:18:48Z', 'channelId': 'UC4y2DnxkoJWE7ZQ05MHd8Tw', 'title': 'Shawn Mendes - Youth ft. Khalid', 'description': 'Music video by Shawn Mendes performing Youth. © 2018 Island Records, a division of UMG Recordings, Inc.', 'thumbnails': {'default': {'url': 'https://i.ytimg.com/vi/sJUGAIf1Px0/default.jpg', 'width': 120, 'height': 90}, 'medium': {'url': 'https://i.ytimg.com/vi/sJUGAIf1Px0/mqdefault.jpg', 'width': 320, 'height': 180}, 'high': {'url': 'https://i.ytimg.com/vi/sJUGAIf1Px0/hqdefault.jpg', 'width': 480, 'height': 360}, 'standard': {'url': 'https://i.ytimg.com/vi/sJUGAIf1Px0/sddefault.jpg', 'width': 640, 'height': 480}, 'maxres': {'url': 'https://i.ytimg.com/vi/sJUGAIf1Px0/maxresdefault.jpg', 'width': 1280, 'height': 720}}, 'channelTitle': 'Louis Cao', 'playlistId': 'PLdydBfVeaGAZ9jWhIrrhqcQgwkUp6irJX', 'position': 19, 'resourceId': {'kind': 'youtube#video', 'videoId': 'sJUGAIf1Px0'}, 'videoOwnerChannelTitle': 'ShawnMendesVEVO', 'videoOwnerChannelId': 'UC4-TgOSMJHn-LtY4zCzbQhw'}}
2026-05-12 22:18:49,177 - backend.services.youtube_service - INFO - Searching YouTube for: Bedtime Stories (feat. The Weeknd) - From SR3MM Rae Sremmurd
2026-05-12 22:18:49,484 - backend.services.youtube_service - DEBUG - Found video ID: FpEeQLIo-sM
2026-05-12 22:18:49,485 - backend.services.youtube_service - INFO - Adding video FpEeQLIo-sM to playlist PLdydBfVeaGAZ9jWhIrrhqcQgwkUp6irJX
2026-05-12 22:18:49,837 - backend.services.youtube_service - DEBUG - Added video: {'kind': 'youtube#playlistItem', 'etag': 'AooG61s9qbdeQslq55mvvoZ1-GQ', 'id': 'UExkeWRCZlZlYUdBWjlqV2hJcnJocWNRZ3drVXA2aXJKWC4yMDhBMkNBNjRDMjQxQTg1', 'snippet': {'publishedAt': '2026-05-13T02:18:49Z', 'channelId': 'UC4y2DnxkoJWE7ZQ05MHd8Tw', 'title': 'Rae Sremmurd, The Weeknd - Bedtime Stories (Lyrics) Ft. Swae Lee, Slim Jxmmi', 'description': '» Download Rae Sremmurd, The Weeknd - Bedtime Stories (Lyrics):\n♫ Spotify Playlist: https://open.spotify.com/user/syrebralvibes/playlist/22iveWTdEJauPX1MrVsmnf?si=p4HT82AwQ1qvc02YlvcjKw\n» Twitter: https://twitter.com/syrebralvibes & Facebook: https://facebook.com/syrebralvibes\n\n» Support SyrebralVibes:\nhttps://open.spotify.com/user/syrebralvibes\nhttps://www.facebook.com/SyrebralsVibes\nhttps://twitter.com/SyrebralVibes\nSnapchat: SyrebralVibes\n\n» Support Rae Sremmurd:\nhttps://www.instagram.com/raesremmurd/\nhttps://twitter.com/raesremmurd\nhttps://www.facebook.com/RaeSremmurd\n\n» Support The Weeknd:\nhttps://www.instagram.com/theweeknd/\nhttps://twitter.com/theweeknd\nhttps://www.facebook.com/theweeknd\n\n» Visuals by UniqueVibes:\nhttps://www.youtube.com/c/UniqueVibesMusic\nhttps://www.instagram.com/unique_vibes_official/\nhttps://soundcloud.com/unique_vibes\nBuy his art: https://society6.com/uniquevibes\n\n» Wallpaper - unsplash.com\n\nSubmission Form: http://goo.gl/forms/fcFkjgFKmpzy59GH2\nBuisness Inquires: erik@syrebralvibes.com', 'thumbnails': {'default': {'url': 'https://i.ytimg.com/vi/FpEeQLIo-sM/default.jpg', 'width': 120, 'height': 90}, 'medium': {'url': 'https://i.ytimg.com/vi/FpEeQLIo-sM/mqdefault.jpg', 'width': 320, 'height': 180}, 'high': {'url': 'https://i.ytimg.com/vi/FpEeQLIo-sM/hqdefault.jpg', 'width': 480, 'height': 360}, 'standard': {'url': 'https://i.ytimg.com/vi/FpEeQLIo-sM/sddefault.jpg', 'width': 640, 'height': 480}, 'maxres': {'url': 'https://i.ytimg.com/vi/FpEeQLIo-sM/maxresdefault.jpg', 'width': 1280, 'height': 720}}, 'channelTitle': 'Louis Cao', 'playlistId': 'PLdydBfVeaGAZ9jWhIrrhqcQgwkUp6irJX', 'position': 20, 'resourceId': {'kind': 'youtube#video', 'videoId': 'FpEeQLIo-sM'}, 'videoOwnerChannelTitle': 'SyrebralVibes', 'videoOwnerChannelId': 'UCi0LydWaEUy3Vx8flL29ebQ'}}
2026-05-12 22:18:49,839 - backend.services.youtube_service - INFO - Searching YouTube for: Nobody's Love Maroon 5
2026-05-12 22:18:50,200 - backend.services.youtube_service - DEBUG - Found video ID: 7ghhRHRP6t4
2026-05-12 22:18:50,200 - backend.services.youtube_service - INFO - Adding video 7ghhRHRP6t4 to playlist PLdydBfVeaGAZ9jWhIrrhqcQgwkUp6irJX
2026-05-12 22:18:50,509 - backend.services.youtube_service - DEBUG - Added video: {'kind': 'youtube#playlistItem', 'etag': '9LjBISoI8VHXK_XkAJ9aOkLlp-c', 'id': 'UExkeWRCZlZlYUdBWjlqV2hJcnJocWNRZ3drVXA2aXJKWC5GM0Q3M0MzMzY5NTJFNTdE', 'snippet': {'publishedAt': '2026-05-13T02:18:50Z', 'channelId': 'UC4y2DnxkoJWE7ZQ05MHd8Tw', 'title': "Maroon 5 - Nobody's Love (Official Music Video)", 'description': "“Nobody’s Love” is out now: https://smarturl.it/NobodysLove \n\nFor more, visit: \nInstagram: https://www.instagram.com/maroon5 \nFacebook: https://www.facebook.com/maroon5 \nTwitter: https://twitter.com/maroon5 \nSign up for updates: http://smarturl.it/Maroon5.News \n\n// \n\nLYRICS \n\nYou could make a grown man cry\nIf you ever said goodbye\nNever let you go oh-woah oh-I\nNever let you go oh-woah oh-I\nYou could make a grown man cry\nIf you ever left my side\nNever let you go oh-woah oh-I\nNever let you go oh-woah oh-I\n\nYou’re the only hand in my back pocket\nIf you ever left I’d go psychotic\nHeaven hear me cryin cryin oh oh\nBaby you’re the key to my heart locket\nIf you ever left never unlock it\nLonely like an island, island oh oh\n\nIf my love ain’t your love it’s never gonna be nobody’s love \nNever gonna need nobody’s love, but yours, but yours\nIf my love ain’t your love it’s never gonna be nobody’s love\nNever gonna need nobody’s trust but yours, but yours\n\nYou could make a grown man cry\nIf you ever said goodbye\nNever let you go oh-woah oh-I\nNever let you go oh-woah oh-I\n\nYou could make a grown man cry, if you ever left my side\nNever let you go never let you go\n\nYou’re the only hand in my back pocket\nIf you ever left I’d go psychotic\nHeaven hear me cryin cryin oh oh\nHit me like a drug and I can’t stop it\nFit me like a glove and I cant knock it. \nI aint even lying lying oh oh \n\nIf my love ain’t your love it’s never gonna be nobody’s love \nNever gonna need nobody’s love but yours, but yours\n\nIf my love ain’t your love it’s never gonna be nobody’s love\nNever gonna keep nobody’s trust but yours, but yours\n\nIf my love ain’t your love then it’s nobody’s\nOnly yours only yours not just anybody\nAnd If you ever leave then i’m never gonna want nobody, nobody’s love\nIf my love ain’t your love then it’s nobody’s\nOnly yours only yours not just anybody\nAnd If you ever leave then i’m never gonna want nobody, nobody’s love\n\nNobody’s love! Oh yea \n\nIf my love ain’t your love it’s never gonna be nobody’s love \nNever gonna need nobody’s love but yours, but yours\nIf my love ain’t your love it’s never gonna be nobody’s love \nNever gonna need nobody’s love but yours, but yours\n\nIf my love ain’t your love then it’s nobody’s\nOnly yours only yours not just anybody\nAnd If you ever leave then i’m never gonna want nobody, nobody’s love\nIf my love ain’t your love then it’s nobody’s\nOnly yours only yours not just anybody\nAnd If you ever leave then i’m never gonna want nobody, nobody’s love\n\n#Maroon5 #NobodysLove #M5\n \nMusic video by Maroon 5 performing Nobody's Love. © 2020 Interscope Records", 'thumbnails': {'default': {'url': 'https://i.ytimg.com/vi/7ghhRHRP6t4/default.jpg', 'width': 120, 'height': 90}, 'medium': {'url': 'https://i.ytimg.com/vi/7ghhRHRP6t4/mqdefault.jpg', 'width': 320, 'height': 180}, 'high': {'url': 'https://i.ytimg.com/vi/7ghhRHRP6t4/hqdefault.jpg', 'width': 480, 'height': 360}, 'standard': {'url': 'https://i.ytimg.com/vi/7ghhRHRP6t4/sddefault.jpg', 'width': 640, 'height': 480}, 'maxres': {'url': 'https://i.ytimg.com/vi/7ghhRHRP6t4/maxresdefault.jpg', 'width': 1280, 'height': 720}}, 'channelTitle': 'Louis Cao', 'playlistId': 'PLdydBfVeaGAZ9jWhIrrhqcQgwkUp6irJX', 'position': 21, 'resourceId': {'kind': 'youtube#video', 'videoId': '7ghhRHRP6t4'}, 'videoOwnerChannelTitle': 'Maroon5VEVO', 'videoOwnerChannelId': 'UCN1hnUccO4FD5WfM7ithXaw'}}
2026-05-12 22:18:50,511 - backend.services.youtube_service - INFO - Searching YouTube for: Dead Presidents II J. Cole
2026-05-12 22:18:50,917 - backend.services.youtube_service - DEBUG - Found video ID: E_Gti3AWpko
2026-05-12 22:18:50,917 - backend.services.youtube_service - INFO - Adding video E_Gti3AWpko to playlist PLdydBfVeaGAZ9jWhIrrhqcQgwkUp6irJX
2026-05-12 22:18:51,634 - backend.services.youtube_service - DEBUG - Added video: {'kind': 'youtube#playlistItem', 'etag': 'kbhjHYYD-KW5rMwV_Y72tqvib6o', 'id': 'UExkeWRCZlZlYUdBWjlqV2hJcnJocWNRZ3drVXA2aXJKWC4zRjM0MkVCRTg0MkYyQTM0', 'snippet': {'publishedAt': '2026-05-13T02:18:51Z', 'channelId': 'UC4y2DnxkoJWE7ZQ05MHd8Tw', 'title': 'J. Cole - Dead Presidents II (Official Audio)', 'description': 'J. Cole - The Warm Up is available on all platforms now: \nhttps://jcole.lnk.to/TheWarmUp \n\nConnect with J. Cole: \nhttps://www.instagram.com/realcoleworld/ \nhttps://twitter.com/jcolenc \nhttps://www.facebook.com/JColeMusic/ \n\nConnect with Dreamville: \nhttp://dreamville.com/ \nhttps://www.instagram.com/dreamville\nhttps://twitter.com/Dreamville \nhttps://www.facebook.com/dreamville \n\n#JCole #TheWarmUp #Dreamville', 'thumbnails': {'default': {'url': 'https://i.ytimg.com/vi/E_Gti3AWpko/default.jpg', 'width': 120, 'height': 90}, 'medium': {'url': 'https://i.ytimg.com/vi/E_Gti3AWpko/mqdefault.jpg', 'width': 320, 'height': 180}, 'high': {'url': 'https://i.ytimg.com/vi/E_Gti3AWpko/hqdefault.jpg', 'width': 480, 'height': 360}, 'standard': {'url': 'https://i.ytimg.com/vi/E_Gti3AWpko/sddefault.jpg', 'width': 640, 'height': 480}, 'maxres': {'url': 'https://i.ytimg.com/vi/E_Gti3AWpko/maxresdefault.jpg', 'width': 1280, 'height': 720}}, 'channelTitle': 'Louis Cao', 'playlistId': 'PLdydBfVeaGAZ9jWhIrrhqcQgwkUp6irJX', 'position': 22, 'resourceId': {'kind': 'youtube#video', 'videoId': 'E_Gti3AWpko'}, 'videoOwnerChannelTitle': 'J. Cole', 'videoOwnerChannelId': 'UCnc6db-y3IU7CkT_yeVXdVg'}}
2026-05-12 22:18:51,635 - backend.services.youtube_service - INFO - Searching YouTube for: Icarus Gengahr
2026-05-12 22:18:52,001 - backend.services.youtube_service - DEBUG - Found video ID: guHV07R1wK4
2026-05-12 22:18:52,001 - backend.services.youtube_service - INFO - Adding video guHV07R1wK4 to playlist PLdydBfVeaGAZ9jWhIrrhqcQgwkUp6irJX
2026-05-12 22:18:52,201 - backend.services.youtube_service - DEBUG - Added video: {'kind': 'youtube#playlistItem', 'etag': '9FO851Kh3SiCcSimAZhVhxB5Yls', 'id': 'UExkeWRCZlZlYUdBWjlqV2hJcnJocWNRZ3drVXA2aXJKWC45NzUwQkI1M0UxNThBMkU0', 'snippet': {'publishedAt': '2026-05-13T02:18:52Z', 'channelId': 'UC4y2DnxkoJWE7ZQ05MHd8Tw', 'title': 'Gengahr - Icarus (Lyric Video)', 'description': 'Official lyric video for Gengahr - Icarus.\nIcarus is taken from the album Sanctuary, available now. \nListen to Gengahr: https://gengahr.lnk.to/listenYT\n\nDirected by David J East\nProduced by Virginia Hernandez\nPerformed by Gengahr\n\nFollow Gengahr:\nhttp://www.gengahr.com\nInstagram: https://www.instagram.com/gengahr/\nFacebook: https://www.facebook.com/gengahrband\nTwitter: https://twitter.com/gengahr\nSpotify: https://open.spotify.com/artist/2ATweaQe83QUQVjM8LMh7J?si=lrZXu8sPQQOjgYW22Hqulw\nYouTube: https://www.youtube.com/channel/UCA6tj3uNdFGceBZ2HhoXpEw?sub_confirmation=1', 'thumbnails': {'default': {'url': 'https://i.ytimg.com/vi/guHV07R1wK4/default.jpg', 'width': 120, 'height': 90}, 'medium': {'url': 'https://i.ytimg.com/vi/guHV07R1wK4/mqdefault.jpg', 'width': 320, 'height': 180}, 'high': {'url': 'https://i.ytimg.com/vi/guHV07R1wK4/hqdefault.jpg', 'width': 480, 'height': 360}, 'standard': {'url': 'https://i.ytimg.com/vi/guHV07R1wK4/sddefault.jpg', 'width': 640, 'height': 480}, 'maxres': {'url': 'https://i.ytimg.com/vi/guHV07R1wK4/maxresdefault.jpg', 'width': 1280, 'height': 720}}, 'channelTitle': 'Louis Cao', 'playlistId': 'PLdydBfVeaGAZ9jWhIrrhqcQgwkUp6irJX', 'position': 23, 'resourceId': {'kind': 'youtube#video', 'videoId': 'guHV07R1wK4'}, 'videoOwnerChannelTitle': 'GengahrVEVO', 'videoOwnerChannelId': 'UCCNY-VkJWtOOHMHcYAOhNBw'}}
2026-05-12 22:18:52,202 - backend.services.youtube_service - INFO - Searching YouTube for: Sideline Story J. Cole
2026-05-12 22:18:52,662 - backend.services.youtube_service - DEBUG - Found video ID: _h82Y-9GMJ8
2026-05-12 22:18:52,663 - backend.services.youtube_service - INFO - Adding video _h82Y-9GMJ8 to playlist PLdydBfVeaGAZ9jWhIrrhqcQgwkUp6irJX
2026-05-12 22:18:52,971 - backend.services.youtube_service - DEBUG - Added video: {'kind': 'youtube#playlistItem', 'etag': '6x-rSIEOG7j77oX9hnHH5jMMaWk', 'id': 'UExkeWRCZlZlYUdBWjlqV2hJcnJocWNRZ3drVXA2aXJKWC5DNzE1RjZEMUZCMjA0RDBB', 'snippet': {'publishedAt': '2026-05-13T02:18:52Z', 'channelId': 'UC4y2DnxkoJWE7ZQ05MHd8Tw', 'title': 'J. Cole – Sideline Story (Official Music Video)', 'description': 'J. Cole – Sideline Story (Official Music Video) \nListen to Cole World: The Sideline Story now: https://dreamville.lnk.to/sidelinestory  \nBuy Cole World: The Sideline Story now: https://dreamville.lnk.to/sidelinestory   \n\nDirected by Axel Laramée\n\nConnect with J. Cole: \nInstagram: https://www.instagram.com/realcoleworld/ \nTwitter: https://twitter.com/jcolenc \nFacebook: https://www.facebook.com/JColeMusic/   \n\nConnect with Dreamville: \nSite: http://dreamville.com/ \nInstagram: https://www.instagram.com/dreamville \nTwitter: https://twitter.com/Dreamville \nFacebook: https://www.facebook.com/dreamville  \n\nMusic video by J. Cole performing Sideline Story. © 2011 Roc Nation, L.LC., Under exclusive license to Interscope Records.', 'thumbnails': {'default': {'url': 'https://i.ytimg.com/vi/_h82Y-9GMJ8/default.jpg', 'width': 120, 'height': 90}, 'medium': {'url': 'https://i.ytimg.com/vi/_h82Y-9GMJ8/mqdefault.jpg', 'width': 320, 'height': 180}, 'high': {'url': 'https://i.ytimg.com/vi/_h82Y-9GMJ8/hqdefault.jpg', 'width': 480, 'height': 360}, 'standard': {'url': 'https://i.ytimg.com/vi/_h82Y-9GMJ8/sddefault.jpg', 'width': 640, 'height': 480}, 'maxres': {'url': 'https://i.ytimg.com/vi/_h82Y-9GMJ8/maxresdefault.jpg', 'width': 1280, 'height': 720}}, 'channelTitle': 'Louis Cao', 'playlistId': 'PLdydBfVeaGAZ9jWhIrrhqcQgwkUp6irJX', 'position': 24, 'resourceId': {'kind': 'youtube#video', 'videoId': '_h82Y-9GMJ8'}, 'videoOwnerChannelTitle': 'J. Cole', 'videoOwnerChannelId': 'UCnc6db-y3IU7CkT_yeVXdVg'}}
2026-05-12 22:18:52,972 - backend.services.youtube_service - INFO - Searching YouTube for: Donny In Valdez - PJ's Flip Pale Jay
2026-05-12 22:18:53,272 - backend.services.youtube_service - DEBUG - Found video ID: Xlde7qx1EL8
2026-05-12 22:18:53,273 - backend.services.youtube_service - INFO - Adding video Xlde7qx1EL8 to playlist PLdydBfVeaGAZ9jWhIrrhqcQgwkUp6irJX
2026-05-12 22:18:53,498 - backend.services.youtube_service - DEBUG - Added video: {'kind': 'youtube#playlistItem', 'etag': 'U-vl3GmdXLny1FjOa33j-z__4jM', 'id': 'UExkeWRCZlZlYUdBWjlqV2hJcnJocWNRZ3drVXA2aXJKWC43MTI1NDIwOTMwQjIxMzNG', 'snippet': {'publishedAt': '2026-05-13T02:18:53Z', 'channelId': 'UC4y2DnxkoJWE7ZQ05MHd8Tw', 'title': "Pale Jay with Erick the Architect - Donny In Valdez (PJ's flip)  [OFFICIAL MUSIC VIDEO]", 'description': 'Video by Ruff Mercy\n\nStream here:\n\nhttps://plygrnd.lnk.to/DonnyInValdezPJsFlip', 'thumbnails': {'default': {'url': 'https://i.ytimg.com/vi/Xlde7qx1EL8/default.jpg', 'width': 120, 'height': 90}, 'medium': {'url': 'https://i.ytimg.com/vi/Xlde7qx1EL8/mqdefault.jpg', 'width': 320, 'height': 180}, 'high': {'url': 'https://i.ytimg.com/vi/Xlde7qx1EL8/hqdefault.jpg', 'width': 480, 'height': 360}, 'standard': {'url': 'https://i.ytimg.com/vi/Xlde7qx1EL8/sddefault.jpg', 'width': 640, 'height': 480}, 'maxres': {'url': 'https://i.ytimg.com/vi/Xlde7qx1EL8/maxresdefault.jpg', 'width': 1280, 'height': 720}}, 'channelTitle': 'Louis Cao', 'playlistId': 'PLdydBfVeaGAZ9jWhIrrhqcQgwkUp6irJX', 'position': 25, 'resourceId': {'kind': 'youtube#video', 'videoId': 'Xlde7qx1EL8'}, 'videoOwnerChannelTitle': 'Pale Jay Music', 'videoOwnerChannelId': 'UCDwDZ-4hLY0Nw9aJwbYaCKg'}}
2026-05-12 22:18:53,499 - backend.services.youtube_service - INFO - Searching YouTube for: To B Honest Jill Scott
2026-05-12 22:18:53,886 - backend.services.youtube_service - DEBUG - Found video ID: yAKvF3kwhbQ
2026-05-12 22:18:53,887 - backend.services.youtube_service - INFO - Adding video yAKvF3kwhbQ to playlist PLdydBfVeaGAZ9jWhIrrhqcQgwkUp6irJX
2026-05-12 22:18:54,121 - backend.services.youtube_service - DEBUG - Added video: {'kind': 'youtube#playlistItem', 'etag': 'iB8Twu4MXZ7HBf9iEXYHZN7RGoo', 'id': 'UExkeWRCZlZlYUdBWjlqV2hJcnJocWNRZ3drVXA2aXJKWC5DQ0MyQ0Y4Mzg0M0VGOEYw', 'snippet': {'publishedAt': '2026-05-13T02:18:53Z', 'channelId': 'UC4y2DnxkoJWE7ZQ05MHd8Tw', 'title': 'Jill Scott - To B Honest feat. JID (Official Lyric Video)', 'description': 'Subscribe to Jill Scott on YouTube - http://bit.ly/JillScottYouTube\r\n\r\nFollow Jill Scott:\r\nWebsite - http://www.missjillscott.com\r\nTwitter - https://twitter.com/missjillscott\r\nInstagram - https://www.instagram.com/missjillscott\r\nFacebook - https://www.facebook.com/missjillscott', 'thumbnails': {'default': {'url': 'https://i.ytimg.com/vi/yAKvF3kwhbQ/default.jpg', 'width': 120, 'height': 90}, 'medium': {'url': 'https://i.ytimg.com/vi/yAKvF3kwhbQ/mqdefault.jpg', 'width': 320, 'height': 180}, 'high': {'url': 'https://i.ytimg.com/vi/yAKvF3kwhbQ/hqdefault.jpg', 'width': 480, 'height': 360}, 'standard': {'url': 'https://i.ytimg.com/vi/yAKvF3kwhbQ/sddefault.jpg', 'width': 640, 'height': 480}, 'maxres': {'url': 'https://i.ytimg.com/vi/yAKvF3kwhbQ/maxresdefault.jpg', 'width': 1280, 'height': 720}}, 'channelTitle': 'Louis Cao', 'playlistId': 'PLdydBfVeaGAZ9jWhIrrhqcQgwkUp6irJX', 'position': 26, 'resourceId': {'kind': 'youtube#video', 'videoId': 'yAKvF3kwhbQ'}, 'videoOwnerChannelTitle': 'Jill Scott', 'videoOwnerChannelId': 'UCBSrBbJVzhTr2HExOKABUBQ'}}
2026-05-12 22:18:54,121 - backend.services.youtube_service - INFO - Searching YouTube for: Headshots (4r da Locals) Isaiah Rashad
2026-05-12 22:18:54,605 - backend.services.youtube_service - DEBUG - Found video ID: baQxdqDAp34
2026-05-12 22:18:54,605 - backend.services.youtube_service - INFO - Adding video baQxdqDAp34 to playlist PLdydBfVeaGAZ9jWhIrrhqcQgwkUp6irJX
2026-05-12 22:18:55,965 - backend.services.youtube_service - DEBUG - Added video: {'kind': 'youtube#playlistItem', 'etag': 'qofd3JKAH5HTdpu5JisD95uZOQU', 'id': 'UExkeWRCZlZlYUdBWjlqV2hJcnJocWNRZ3drVXA2aXJKWC4yQUE2Q0JEMTk4NTM3RTZC', 'snippet': {'publishedAt': '2026-05-13T02:18:54Z', 'channelId': 'UC4y2DnxkoJWE7ZQ05MHd8Tw', 'title': 'Isaiah Rashad “Headshots (4r Da Locals)” Official Lyrics & Meaning | Verified', 'description': 'Isaiah Rashad’s “Headshots (4r Da Locals)” is his latest hit, and it’s already racked up 3.4 million Spotify streams to date. It is produced by Henry Was and Hollywood Cole and will reportedly appear on his upcoming album The House Is Burning. On the track, Rashad raps about death and sobriety.\n\nRead more on Genius: https://genius.com/a/isaiah-rashad-breaks-down-the-meaning-of-headshots-4r-da-locals\r\nRead all the lyrics to "Headshots (4r Da Locals)" on Genius: https://genius.com/Isaiah-rashad-headshots-4r-da-locals-lyrics\r\nWatch the official music video for "Headshots (4r Da Locals)":https://youtu.be/1NMZ0MpaEuY\r\n\r\nSubscribe to Genius: http://bit.ly/2cNV6nz\r\nGenius on Twitter: https://twitter.com/Genius\r\nGenius on Instagram: http://instagram.com/genius\r\nGenius on Facebook: https://facebook.com/Geniusdotcom\r\nhttp://genius.com\n\n#IsaiahRashad #Headshots (4r Da Locals) #verified', 'thumbnails': {'default': {'url': 'https://i.ytimg.com/vi/baQxdqDAp34/default.jpg', 'width': 120, 'height': 90}, 'medium': {'url': 'https://i.ytimg.com/vi/baQxdqDAp34/mqdefault.jpg', 'width': 320, 'height': 180}, 'high': {'url': 'https://i.ytimg.com/vi/baQxdqDAp34/hqdefault.jpg', 'width': 480, 'height': 360}, 'standard': {'url': 'https://i.ytimg.com/vi/baQxdqDAp34/sddefault.jpg', 'width': 640, 'height': 480}, 'maxres': {'url': 'https://i.ytimg.com/vi/baQxdqDAp34/maxresdefault.jpg', 'width': 1280, 'height': 720}}, 'channelTitle': 'Louis Cao', 'playlistId': 'PLdydBfVeaGAZ9jWhIrrhqcQgwkUp6irJX', 'position': 27, 'resourceId': {'kind': 'youtube#video', 'videoId': 'baQxdqDAp34'}, 'videoOwnerChannelTitle': 'Genius', 'videoOwnerChannelId': 'UCyFZMEnm1il5Wv3a6tPscbA'}}
2026-05-12 22:18:55,965 - backend.services.youtube_service - INFO - Searching YouTube for: Mr. Carter Lil Wayne
2026-05-12 22:18:56,282 - backend.services.youtube_service - DEBUG - Found video ID: MZwRhVvz768
2026-05-12 22:18:56,283 - backend.services.youtube_service - INFO - Adding video MZwRhVvz768 to playlist PLdydBfVeaGAZ9jWhIrrhqcQgwkUp6irJX
2026-05-12 22:18:56,621 - backend.services.youtube_service - DEBUG - Added video: {'kind': 'youtube#playlistItem', 'etag': 'KGFJm9gIdA52XKFQ0YW-hPKgkvs', 'id': 'UExkeWRCZlZlYUdBWjlqV2hJcnJocWNRZ3drVXA2aXJKWC5DMkU4NTY1QUFGQTYwMDE3', 'snippet': {'publishedAt': '2026-05-13T02:18:56Z', 'channelId': 'UC4y2DnxkoJWE7ZQ05MHd8Tw', 'title': 'Lil Wayne - Mr. Carter (Visualizer) ft. JAŸ-Z', 'description': 'Music video by Lil Wayne performing Mr. Carter (Visualizer).© 2023 Cash Money Records Inc.', 'thumbnails': {'default': {'url': 'https://i.ytimg.com/vi/MZwRhVvz768/default.jpg', 'width': 120, 'height': 90}, 'medium': {'url': 'https://i.ytimg.com/vi/MZwRhVvz768/mqdefault.jpg', 'width': 320, 'height': 180}, 'high': {'url': 'https://i.ytimg.com/vi/MZwRhVvz768/hqdefault.jpg', 'width': 480, 'height': 360}, 'standard': {'url': 'https://i.ytimg.com/vi/MZwRhVvz768/sddefault.jpg', 'width': 640, 'height': 480}, 'maxres': {'url': 'https://i.ytimg.com/vi/MZwRhVvz768/maxresdefault.jpg', 'width': 1280, 'height': 720}}, 'channelTitle': 'Louis Cao', 'playlistId': 'PLdydBfVeaGAZ9jWhIrrhqcQgwkUp6irJX', 'position': 28, 'resourceId': {'kind': 'youtube#video', 'videoId': 'MZwRhVvz768'}, 'videoOwnerChannelTitle': 'LilWayneVEVO', 'videoOwnerChannelId': 'UCEOhcOACopL42xyOBIv1ekg'}}
2026-05-12 22:18:56,622 - backend.services.youtube_service - INFO - Searching YouTube for: All I Do Logic
2026-05-12 22:18:56,958 - backend.services.youtube_service - DEBUG - Found video ID: eIGh4Nc1fAM
2026-05-12 22:18:56,958 - backend.services.youtube_service - INFO - Adding video eIGh4Nc1fAM to playlist PLdydBfVeaGAZ9jWhIrrhqcQgwkUp6irJX
2026-05-12 22:18:57,266 - backend.services.youtube_service - DEBUG - Added video: {'kind': 'youtube#playlistItem', 'etag': 'n_SZfhfb_Ui_hUgBXJQe_jMDhsI', 'id': 'UExkeWRCZlZlYUdBWjlqV2hJcnJocWNRZ3drVXA2aXJKWC44Mjc5REFBRUE2MTdFRDU0', 'snippet': {'publishedAt': '2026-05-13T02:18:57Z', 'channelId': 'UC4y2DnxkoJWE7ZQ05MHd8Tw', 'title': 'Logic - All I Do (Official Music Video)', 'description': 'The official music video of Logic\'s "All I Do" track which is out now on Visionary Music Group.\n\nDownload the Young Sinatra Mixtape: \nhttp://bit.ly/oHtz9Z\n\nPurchase Logic\'s latest albums:\nUnder Pressure - http://smarturl.it/UnderPressureDlx\nThe Incredible True Story - http://smarturl.it/IncredibleTrueStory\n\nShot by: GRVTY | Produced by: DJ Blackdiamond\n\nSUBSCRIBE to the official Visionary Music Group for more original material from Logic & Jon Bellion including music video premieres, behind the scenes & more: http://bit.ly/Subscribe-to-VMG\n\nFollow Logic:\nhttps://twitter.com/Logic301\nhttp://fb.com/MindofLogic\nhttps://instagram.com/Logic301\n\nMore Visionary Music Group:\nhttps://twitter.com/TeamVisionary\nhttps://fb.com/VisionaryMusicGroup\nhttp://instagram.com/TeamVisionary\nhttp://www.teamvisionary.com/store/', 'thumbnails': {'default': {'url': 'https://i.ytimg.com/vi/eIGh4Nc1fAM/default.jpg', 'width': 120, 'height': 90}, 'medium': {'url': 'https://i.ytimg.com/vi/eIGh4Nc1fAM/mqdefault.jpg', 'width': 320, 'height': 180}, 'high': {'url': 'https://i.ytimg.com/vi/eIGh4Nc1fAM/hqdefault.jpg', 'width': 480, 'height': 360}, 'standard': {'url': 'https://i.ytimg.com/vi/eIGh4Nc1fAM/sddefault.jpg', 'width': 640, 'height': 480}, 'maxres': {'url': 'https://i.ytimg.com/vi/eIGh4Nc1fAM/maxresdefault.jpg', 'width': 1280, 'height': 720}}, 'channelTitle': 'Louis Cao', 'playlistId': 'PLdydBfVeaGAZ9jWhIrrhqcQgwkUp6irJX', 'position': 29, 'resourceId': {'kind': 'youtube#video', 'videoId': 'eIGh4Nc1fAM'}, 'videoOwnerChannelTitle': 'Visionary Music Group', 'videoOwnerChannelId': 'UCYtWSZWHYPbmwsh2CEUyMrQ'}}
2026-05-12 22:18:57,267 - backend.services.youtube_service - INFO - Searching YouTube for: Heart Of The City (Ain't No Love) JAŸ-Z
2026-05-12 22:18:57,687 - backend.services.youtube_service - DEBUG - Found video ID: WcF8Aos4XDA
2026-05-12 22:18:57,688 - backend.services.youtube_service - INFO - Adding video WcF8Aos4XDA to playlist PLdydBfVeaGAZ9jWhIrrhqcQgwkUp6irJX
2026-05-12 22:18:57,984 - backend.services.youtube_service - DEBUG - Added video: {'kind': 'youtube#playlistItem', 'etag': 'LaxYhk8S_iZ17a8-EMp0KR_yT-w', 'id': 'UExkeWRCZlZlYUdBWjlqV2hJcnJocWNRZ3drVXA2aXJKWC43NDhFRTgwOTRERTU4Rjg3', 'snippet': {'publishedAt': '2026-05-13T02:18:57Z', 'channelId': 'UC4y2DnxkoJWE7ZQ05MHd8Tw', 'title': 'Bobby "Blue" Bland - Ain\'t No Love In The Heart Of The City', 'description': 'Subscribe to The Best Of for more classic music history, videos and playlists: http://bit.ly/WdJ36u\n\nBobby "Blue" Bland - Ain\'t No Love In The Heart Of The City.\n\nBobby "Blue" Bland released "Ain\'t No Love In The Heart Of The City" on Dunhill Records in 1974. The single peaked at #9 on the r\'n\'b chart and #91 on the pop chart.\n\nRapper Jay-Z famously used the track on his 2001 album, "The Blueprint."\n\nA Tennessee native, the highly respected and much loved "Lion Of The Blues" passed away on 23rd June 2013 at his home in Germantown.\n\nLike us on Facebook: https://www.facebook.com/TheRealBestOf\nFollow us on Twitter: https://twitter.com/TheRealBestOf', 'thumbnails': {'default': {'url': 'https://i.ytimg.com/vi/WcF8Aos4XDA/default.jpg', 'width': 120, 'height': 90}, 'medium': {'url': 'https://i.ytimg.com/vi/WcF8Aos4XDA/mqdefault.jpg', 'width': 320, 'height': 180}, 'high': {'url': 'https://i.ytimg.com/vi/WcF8Aos4XDA/hqdefault.jpg', 'width': 480, 'height': 360}, 'standard': {'url': 'https://i.ytimg.com/vi/WcF8Aos4XDA/sddefault.jpg', 'width': 640, 'height': 480}, 'maxres': {'url': 'https://i.ytimg.com/vi/WcF8Aos4XDA/maxresdefault.jpg', 'width': 1280, 'height': 720}}, 'channelTitle': 'Louis Cao', 'playlistId': 'PLdydBfVeaGAZ9jWhIrrhqcQgwkUp6irJX', 'position': 30, 'resourceId': {'kind': 'youtube#video', 'videoId': 'WcF8Aos4XDA'}, 'videoOwnerChannelTitle': 'The Best Of - Home Of Classic Music', 'videoOwnerChannelId': 'UCKup2M8_qSaV3f9UlN723Fw'}}
2026-05-12 22:18:57,985 - backend.services.youtube_service - INFO - Searching YouTube for: STAY HERE 4 LIFE (feat. Brent Faiyaz) A$AP Rocky
2026-05-12 22:18:58,392 - backend.services.youtube_service - DEBUG - Found video ID: yxKA0NnNJeo
2026-05-12 22:18:58,393 - backend.services.youtube_service - INFO - Adding video yxKA0NnNJeo to playlist PLdydBfVeaGAZ9jWhIrrhqcQgwkUp6irJX
2026-05-12 22:18:59,108 - backend.services.youtube_service - DEBUG - Added video: {'kind': 'youtube#playlistItem', 'etag': 'VYAV0tXHN7U93QwVsPfLa-xMKD4', 'id': 'UExkeWRCZlZlYUdBWjlqV2hJcnJocWNRZ3drVXA2aXJKWC41QUZGQTY5OTE4QTREQUU4', 'snippet': {'publishedAt': '2026-05-13T02:18:58Z', 'channelId': 'UC4y2DnxkoJWE7ZQ05MHd8Tw', 'title': 'A$AP Rocky - STAY HERE 4 LIFE (Visualizer) ft. Brent Faiyaz', 'description': "LISTEN TO 'DON'T BE DUMB' HERE: https://asaprocky.lnk.to/DontBeDumb\n\nFOLLOW A$AP ROCKY:\nFACEBOOK: https://AsapRocky.lnk.to/followFI\nINSTAGRAM: https://AsapRocky.lnk.to/followII\nTIKTOK: https://www.tiktok.com/@asaprocky\nTWITTER: https://AsapRocky.lnk.to/followTI\nWEBSITE: https://awge.com\n\n#ASAPROCKY #STAYHERE4LIFE #DONTBEDUMB", 'thumbnails': {'default': {'url': 'https://i.ytimg.com/vi/yxKA0NnNJeo/default.jpg', 'width': 120, 'height': 90}, 'medium': {'url': 'https://i.ytimg.com/vi/yxKA0NnNJeo/mqdefault.jpg', 'width': 320, 'height': 180}, 'high': {'url': 'https://i.ytimg.com/vi/yxKA0NnNJeo/hqdefault.jpg', 'width': 480, 'height': 360}, 'standard': {'url': 'https://i.ytimg.com/vi/yxKA0NnNJeo/sddefault.jpg', 'width': 640, 'height': 480}, 'maxres': {'url': 'https://i.ytimg.com/vi/yxKA0NnNJeo/maxresdefault.jpg', 'width': 1280, 'height': 720}}, 'channelTitle': 'Louis Cao', 'playlistId': 'PLdydBfVeaGAZ9jWhIrrhqcQgwkUp6irJX', 'position': 31, 'resourceId': {'kind': 'youtube#video', 'videoId': 'yxKA0NnNJeo'}, 'videoOwnerChannelTitle': 'LIVELOVEASAPVEVO', 'videoOwnerChannelId': 'UCHE7rAi1Fw1CBmQXFtvJmrw'}}
2026-05-12 22:18:59,109 - backend.services.youtube_service - INFO - Searching YouTube for: Family Business Kanye West
2026-05-12 22:18:59,519 - backend.services.youtube_service - DEBUG - Found video ID: oNVbFQHf9L8
2026-05-12 22:18:59,519 - backend.services.youtube_service - INFO - Adding video oNVbFQHf9L8 to playlist PLdydBfVeaGAZ9jWhIrrhqcQgwkUp6irJX
2026-05-12 22:18:59,736 - backend.services.youtube_service - DEBUG - Added video: {'kind': 'youtube#playlistItem', 'etag': '3Gw2U_SUK8gvi12NyymSNzmsJRs', 'id': 'UExkeWRCZlZlYUdBWjlqV2hJcnJocWNRZ3drVXA2aXJKWC4zRDBDOEZDOUM0MDY5NEEz', 'snippet': {'publishedAt': '2026-05-13T02:18:59Z', 'channelId': 'UC4y2DnxkoJWE7ZQ05MHd8Tw', 'title': 'Kanye West - Family Business', 'description': '#djscoop #kanyewest #collegedropout #familybusiness #oldkanye \n*Watch out for my Dj/ Producer Channel: https://www.youtube.com/user/DjSCooP85\n\nA College Dropout Classic!\n\nKanye West - Family Business', 'thumbnails': {'default': {'url': 'https://i.ytimg.com/vi/oNVbFQHf9L8/default.jpg', 'width': 120, 'height': 90}, 'medium': {'url': 'https://i.ytimg.com/vi/oNVbFQHf9L8/mqdefault.jpg', 'width': 320, 'height': 180}, 'high': {'url': 'https://i.ytimg.com/vi/oNVbFQHf9L8/hqdefault.jpg', 'width': 480, 'height': 360}, 'standard': {'url': 'https://i.ytimg.com/vi/oNVbFQHf9L8/sddefault.jpg', 'width': 640, 'height': 480}, 'maxres': {'url': 'https://i.ytimg.com/vi/oNVbFQHf9L8/maxresdefault.jpg', 'width': 1280, 'height': 720}}, 'channelTitle': 'Louis Cao', 'playlistId': 'PLdydBfVeaGAZ9jWhIrrhqcQgwkUp6irJX', 'position': 32, 'resourceId': {'kind': 'youtube#video', 'videoId': 'oNVbFQHf9L8'}, 'videoOwnerChannelTitle': 'StrugglinAngel', 'videoOwnerChannelId': 'UCVP2BfDIMucJs42wNTKPgSQ'}}
2026-05-12 22:18:59,737 - backend.services.youtube_service - INFO - Searching YouTube for: Now Or Never - Bonus Track Kendrick Lamar
2026-05-12 22:19:00,095 - backend.services.youtube_service - DEBUG - Found video ID: zCNUHbSds3Q
2026-05-12 22:19:00,096 - backend.services.youtube_service - INFO - Adding video zCNUHbSds3Q to playlist PLdydBfVeaGAZ9jWhIrrhqcQgwkUp6irJX
2026-05-12 22:19:00,338 - backend.services.youtube_service - DEBUG - Added video: {'kind': 'youtube#playlistItem', 'etag': 'JA-LqZPS2nwW_w8hDSaNtZSuYEU', 'id': 'UExkeWRCZlZlYUdBWjlqV2hJcnJocWNRZ3drVXA2aXJKWC5CMEQ2Mjk5NTc3NDZFRUNB', 'snippet': {'publishedAt': '2026-05-13T02:19:00Z', 'channelId': 'UC4y2DnxkoJWE7ZQ05MHd8Tw', 'title': 'Kendrick Lamar - Now Or Never (Ft. Mary J. Blige) [Bonus Track]', 'description': 'Track: 15\nArtist: Kendrick Lamar\nAlbum: Good Kid, m.A.A.d City (Deluxe)\nRelease Date: October 22, 2012\nLabel: (C) 2012 Aftermath/Interscope Records', 'thumbnails': {'default': {'url': 'https://i.ytimg.com/vi/zCNUHbSds3Q/default.jpg', 'width': 120, 'height': 90}, 'medium': {'url': 'https://i.ytimg.com/vi/zCNUHbSds3Q/mqdefault.jpg', 'width': 320, 'height': 180}, 'high': {'url': 'https://i.ytimg.com/vi/zCNUHbSds3Q/hqdefault.jpg', 'width': 480, 'height': 360}, 'standard': {'url': 'https://i.ytimg.com/vi/zCNUHbSds3Q/sddefault.jpg', 'width': 640, 'height': 480}, 'maxres': {'url': 'https://i.ytimg.com/vi/zCNUHbSds3Q/maxresdefault.jpg', 'width': 1280, 'height': 720}}, 'channelTitle': 'Louis Cao', 'playlistId': 'PLdydBfVeaGAZ9jWhIrrhqcQgwkUp6irJX', 'position': 33, 'resourceId': {'kind': 'youtube#video', 'videoId': 'zCNUHbSds3Q'}, 'videoOwnerChannelTitle': 'Kendrick Music', 'videoOwnerChannelId': 'UC22i_DSOOIaCm8-up3VjeSw'}}
2026-05-12 22:19:00,339 - backend.services.youtube_service - INFO - Searching YouTube for: Mr. Rager Kid Cudi
2026-05-12 22:19:00,624 - backend.services.youtube_service - DEBUG - Found video ID: 06r35x1nvo0
2026-05-12 22:19:00,625 - backend.services.youtube_service - INFO - Adding video 06r35x1nvo0 to playlist PLdydBfVeaGAZ9jWhIrrhqcQgwkUp6irJX
2026-05-12 22:19:00,930 - backend.services.youtube_service - DEBUG - Added video: {'kind': 'youtube#playlistItem', 'etag': 'zGQ0k1CnF70mYmZrD87qWAFnSgQ', 'id': 'UExkeWRCZlZlYUdBWjlqV2hJcnJocWNRZ3drVXA2aXJKWC42MTI4Njc2QjM1RjU1MjlG', 'snippet': {'publishedAt': '2026-05-13T02:19:00Z', 'channelId': 'UC4y2DnxkoJWE7ZQ05MHd8Tw', 'title': 'KiD CuDi - Mr. Rager (Music Video HD)', 'description': "Kid Cudi's newly released and anticipated music video.. and like always, in HD!\n\nWatch in 720p or 1080p and expand screen!", 'thumbnails': {'default': {'url': 'https://i.ytimg.com/vi/06r35x1nvo0/default.jpg', 'width': 120, 'height': 90}, 'medium': {'url': 'https://i.ytimg.com/vi/06r35x1nvo0/mqdefault.jpg', 'width': 320, 'height': 180}, 'high': {'url': 'https://i.ytimg.com/vi/06r35x1nvo0/hqdefault.jpg', 'width': 480, 'height': 360}, 'standard': {'url': 'https://i.ytimg.com/vi/06r35x1nvo0/sddefault.jpg', 'width': 640, 'height': 480}, 'maxres': {'url': 'https://i.ytimg.com/vi/06r35x1nvo0/maxresdefault.jpg', 'width': 1280, 'height': 720}}, 'channelTitle': 'Louis Cao', 'playlistId': 'PLdydBfVeaGAZ9jWhIrrhqcQgwkUp6irJX', 'position': 34, 'resourceId': {'kind': 'youtube#video', 'videoId': '06r35x1nvo0'}, 'videoOwnerChannelTitle': 'Kid Cudi', 'videoOwnerChannelId': 'UCoNPsL8j28yfKRu6e7YUhPA'}}
2026-05-12 22:19:00,930 - backend.services.youtube_service - INFO - Searching YouTube for: Judgement Day J. Cole
2026-05-12 22:19:01,363 - backend.services.youtube_service - DEBUG - Found video ID: ikBWj5XNqzY
2026-05-12 22:19:01,363 - backend.services.youtube_service - INFO - Adding video ikBWj5XNqzY to playlist PLdydBfVeaGAZ9jWhIrrhqcQgwkUp6irJX
2026-05-12 22:19:01,679 - backend.services.youtube_service - DEBUG - Added video: {'kind': 'youtube#playlistItem', 'etag': 'jNmm8GBydoJ5L-CtE_3sh9ic6Tk', 'id': 'UExkeWRCZlZlYUdBWjlqV2hJcnJocWNRZ3drVXA2aXJKWC45RjNFMDhGQ0Q2RkFCQTc1', 'snippet': {'publishedAt': '2026-05-13T02:19:01Z', 'channelId': 'UC4y2DnxkoJWE7ZQ05MHd8Tw', 'title': 'J.Cole tells the CRAZIEST STORY in his song "Judgement Day" 🔥', 'description': '___________________________________________________________________\n\nThanks for checking my video out! I appreciate yall alot ya diggg. Make sure to drop comments and likes. Subscribe and turn post notifications on for more!\n\njoin the community: https://discord.gg/TdkkrF5hJs\ntwitch: https://www.twitch.tv/spikeleak_instagram: https://www.instagram.com/spikeleak_/\ntwitter: https://twitter.com/spikeleak_\ntiktok: https://www.tiktok.com/@spikeleak_\n\nBusiness Inquires: spikeleakyt@icloud.com\n\nOther Pages:\nfor twitch stream clips  - https://www.youtube.com/@spikesarchives\nfor vlogs and lifestyle content - https://www.youtube.com/@-thewaviestvlogs\n_________________________________________________________________________________\n\nCopyright Disclaimer: Under Section 107 of the Copyright Act 1976, allowance is made for "fair use" for purposes such as criticism, comment, news reporting, teaching, scholarship and research. Fair use is a use permitted by copyright statute that might otherwise be infringing. Non-profit, educational or personal use tips the balance in favor of fair use.', 'thumbnails': {'default': {'url': 'https://i.ytimg.com/vi/ikBWj5XNqzY/default.jpg', 'width': 120, 'height': 90}, 'medium': {'url': 'https://i.ytimg.com/vi/ikBWj5XNqzY/mqdefault.jpg', 'width': 320, 'height': 180}, 'high': {'url': 'https://i.ytimg.com/vi/ikBWj5XNqzY/hqdefault.jpg', 'width': 480, 'height': 360}, 'standard': {'url': 'https://i.ytimg.com/vi/ikBWj5XNqzY/sddefault.jpg', 'width': 640, 'height': 480}, 'maxres': {'url': 'https://i.ytimg.com/vi/ikBWj5XNqzY/maxresdefault.jpg', 'width': 1280, 'height': 720}}, 'channelTitle': 'Louis Cao', 'playlistId': 'PLdydBfVeaGAZ9jWhIrrhqcQgwkUp6irJX', 'position': 35, 'resourceId': {'kind': 'youtube#video', 'videoId': 'ikBWj5XNqzY'}, 'videoOwnerChannelTitle': 'SpikeLeak', 'videoOwnerChannelId': 'UCQ5xhTWgzG3znG6yFhSlQng'}}
2026-05-12 22:19:01,680 - backend.services.youtube_service - INFO - Searching YouTube for: Look Over Your Shoulder (feat. Kendrick Lamar) Busta Rhymes
2026-05-12 22:19:02,010 - backend.services.youtube_service - DEBUG - Found video ID: Yl_-3oSlWaU
2026-05-12 22:19:02,010 - backend.services.youtube_service - INFO - Adding video Yl_-3oSlWaU to playlist PLdydBfVeaGAZ9jWhIrrhqcQgwkUp6irJX
2026-05-12 22:19:02,240 - backend.services.youtube_service - DEBUG - Added video: {'kind': 'youtube#playlistItem', 'etag': 'tQicm1U7H9d8xCu4pjchzphL_tU', 'id': 'UExkeWRCZlZlYUdBWjlqV2hJcnJocWNRZ3drVXA2aXJKWC40QTA3NTU2RkM1QzlCMzYx', 'snippet': {'publishedAt': '2026-05-13T02:19:02Z', 'channelId': 'UC4y2DnxkoJWE7ZQ05MHd8Tw', 'title': 'Busta Rhymes - Look Over Your Shoulder (Lyric Video) ft. Kendrick Lamar', 'description': 'Listen to the single "Look Over Your Shoulder". Out now!\nStream: https://conglomerateempire.ffm.to/lookover.oyd\n\nFrom the album "Extinction Level Event 2: The Wrath of God". Out now!\nStream: https://conglomerateempire.ffm.to/ele2\n\n#BustaRhymes #LookOverYourShoulder #KendrickLamar\n\nOfficial visualizer by Busta Rhymes ft. Kendrick Lamar performing "Look Over Your Shoulder" © 2020 The Conglomerate Entertainment, Inc. / EMPIRE\n\nhttp://vevo.ly/duKFoH', 'thumbnails': {'default': {'url': 'https://i.ytimg.com/vi/Yl_-3oSlWaU/default.jpg', 'width': 120, 'height': 90}, 'medium': {'url': 'https://i.ytimg.com/vi/Yl_-3oSlWaU/mqdefault.jpg', 'width': 320, 'height': 180}, 'high': {'url': 'https://i.ytimg.com/vi/Yl_-3oSlWaU/hqdefault.jpg', 'width': 480, 'height': 360}, 'standard': {'url': 'https://i.ytimg.com/vi/Yl_-3oSlWaU/sddefault.jpg', 'width': 640, 'height': 480}, 'maxres': {'url': 'https://i.ytimg.com/vi/Yl_-3oSlWaU/maxresdefault.jpg', 'width': 1280, 'height': 720}}, 'channelTitle': 'Louis Cao', 'playlistId': 'PLdydBfVeaGAZ9jWhIrrhqcQgwkUp6irJX', 'position': 36, 'resourceId': {'kind': 'youtube#video', 'videoId': 'Yl_-3oSlWaU'}, 'videoOwnerChannelTitle': 'BustaRhymesVEVO', 'videoOwnerChannelId': 'UCFIAkL-_akPk430rbdmPNaw'}}
2026-05-12 22:19:02,241 - backend.services.youtube_service - INFO - Searching YouTube for: WHO TF IZ U J. Cole
2026-05-12 22:19:02,670 - backend.services.youtube_service - DEBUG - Found video ID: j4NPNp8SEk0
2026-05-12 22:19:02,671 - backend.services.youtube_service - INFO - Adding video j4NPNp8SEk0 to playlist PLdydBfVeaGAZ9jWhIrrhqcQgwkUp6irJX
2026-05-12 22:19:02,962 - backend.services.youtube_service - ERROR - Failed to add video to playlist: <HttpError 409 when requesting https://youtube.googleapis.com/youtube/v3/playlistItems?part=snippet&alt=json returned "The operation was aborted.". Details: "[{'domain': 'youtube.CoreErrorDomain', 'reason': 'SERVICE_UNAVAILABLE'}]">
2026-05-12 22:19:02,963 - backend.services.youtube_service - INFO - Searching YouTube for: Poor Thang J. Cole
2026-05-12 22:19:03,293 - backend.services.youtube_service - DEBUG - Found video ID: 3aIjM1YGOO8
2026-05-12 22:19:03,294 - backend.services.youtube_service - INFO - Adding video 3aIjM1YGOO8 to playlist PLdydBfVeaGAZ9jWhIrrhqcQgwkUp6irJX
2026-05-12 22:19:04,080 - backend.services.youtube_service - DEBUG - Added video: {'kind': 'youtube#playlistItem', 'etag': 'rQ7PSyuAuSbjOzq5JHKnBcQGsA8', 'id': 'UExkeWRCZlZlYUdBWjlqV2hJcnJocWNRZ3drVXA2aXJKWC5BRjJDODk5REM0NjkzMUIy', 'snippet': {'publishedAt': '2026-05-13T02:19:03Z', 'channelId': 'UC4y2DnxkoJWE7ZQ05MHd8Tw', 'title': 'J. Cole - Poor Thang (Official Audio)', 'description': 'J. Cole - The Fall-Off is available on all platforms now: \nhttps://JCole.lnk.to/TheFall-Off\n\nConnect with J. Cole: \nhttp://thefalloff.com/\nhttps://www.instagram.com/realcoleworld/ \nhttps://twitter.com/jcolenc \nhttps://www.facebook.com/JColeMusic/ \n\nConnect with Dreamville: \nhttp://dreamville.com/ \nhttps://www.instagram.com/dreamville\nhttps://twitter.com/Dreamville \nhttps://www.facebook.com/dreamville \n\n#JCole #TheFallOff #Dreamville', 'thumbnails': {'default': {'url': 'https://i.ytimg.com/vi/3aIjM1YGOO8/default.jpg', 'width': 120, 'height': 90}, 'medium': {'url': 'https://i.ytimg.com/vi/3aIjM1YGOO8/mqdefault.jpg', 'width': 320, 'height': 180}, 'high': {'url': 'https://i.ytimg.com/vi/3aIjM1YGOO8/hqdefault.jpg', 'width': 480, 'height': 360}, 'standard': {'url': 'https://i.ytimg.com/vi/3aIjM1YGOO8/sddefault.jpg', 'width': 640, 'height': 480}, 'maxres': {'url': 'https://i.ytimg.com/vi/3aIjM1YGOO8/maxresdefault.jpg', 'width': 1280, 'height': 720}}, 'channelTitle': 'Louis Cao', 'playlistId': 'PLdydBfVeaGAZ9jWhIrrhqcQgwkUp6irJX', 'position': 37, 'resourceId': {'kind': 'youtube#video', 'videoId': '3aIjM1YGOO8'}, 'videoOwnerChannelTitle': 'J. Cole', 'videoOwnerChannelId': 'UCnc6db-y3IU7CkT_yeVXdVg'}}
2026-05-12 22:19:04,081 - backend.services.youtube_service - INFO - Searching YouTube for: Quik Stop J. Cole
2026-05-12 22:19:04,536 - backend.services.youtube_service - DEBUG - Found video ID: pAoqxKYyjWQ
2026-05-12 22:19:04,537 - backend.services.youtube_service - INFO - Adding video pAoqxKYyjWQ to playlist PLdydBfVeaGAZ9jWhIrrhqcQgwkUp6irJX
2026-05-12 22:19:05,358 - backend.services.youtube_service - DEBUG - Added video: {'kind': 'youtube#playlistItem', 'etag': 'jnJtXkzaBpPuZlNBMRToL7szi7s', 'id': 'UExkeWRCZlZlYUdBWjlqV2hJcnJocWNRZ3drVXA2aXJKWC4xOTEzQzhBQzU3MDNDNjcz', 'snippet': {'publishedAt': '2026-05-13T02:19:04Z', 'channelId': 'UC4y2DnxkoJWE7ZQ05MHd8Tw', 'title': 'J. Cole - Quik Stop (Official Audio)', 'description': 'J. Cole - The Fall-Off is available on all platforms now: \nhttps://JCole.lnk.to/TheFall-Off\n\nConnect with J. Cole: \nhttp://thefalloff.com/\nhttps://www.instagram.com/realcoleworld/ \nhttps://twitter.com/jcolenc \nhttps://www.facebook.com/JColeMusic/ \n\nConnect with Dreamville: \nhttp://dreamville.com/ \nhttps://www.instagram.com/dreamville\nhttps://twitter.com/Dreamville \nhttps://www.facebook.com/dreamville \n\n#JCole #TheFallOff #Dreamville', 'thumbnails': {'default': {'url': 'https://i.ytimg.com/vi/pAoqxKYyjWQ/default.jpg', 'width': 120, 'height': 90}, 'medium': {'url': 'https://i.ytimg.com/vi/pAoqxKYyjWQ/mqdefault.jpg', 'width': 320, 'height': 180}, 'high': {'url': 'https://i.ytimg.com/vi/pAoqxKYyjWQ/hqdefault.jpg', 'width': 480, 'height': 360}, 'standard': {'url': 'https://i.ytimg.com/vi/pAoqxKYyjWQ/sddefault.jpg', 'width': 640, 'height': 480}, 'maxres': {'url': 'https://i.ytimg.com/vi/pAoqxKYyjWQ/maxresdefault.jpg', 'width': 1280, 'height': 720}}, 'channelTitle': 'Louis Cao', 'playlistId': 'PLdydBfVeaGAZ9jWhIrrhqcQgwkUp6irJX', 'position': 38, 'resourceId': {'kind': 'youtube#video', 'videoId': 'pAoqxKYyjWQ'}, 'videoOwnerChannelTitle': 'J. Cole', 'videoOwnerChannelId': 'UCnc6db-y3IU7CkT_yeVXdVg'}}
2026-05-12 22:19:05,359 - backend.services.youtube_service - INFO - Searching YouTube for: Everything I Am Kanye West
2026-05-12 22:19:05,708 - backend.services.youtube_service - DEBUG - Found video ID: -UeniTE5D18
2026-05-12 22:19:05,708 - backend.services.youtube_service - INFO - Adding video -UeniTE5D18 to playlist PLdydBfVeaGAZ9jWhIrrhqcQgwkUp6irJX
2026-05-12 22:19:06,478 - backend.services.youtube_service - DEBUG - Added video: {'kind': 'youtube#playlistItem', 'etag': '_E9fRi7CacdfJQoZuvb-5Uf7nOE', 'id': 'UExkeWRCZlZlYUdBWjlqV2hJcnJocWNRZ3drVXA2aXJKWC5GNDg1Njc1QzZERjlFRjE5', 'snippet': {'publishedAt': '2026-05-13T02:19:05Z', 'channelId': 'UC4y2DnxkoJWE7ZQ05MHd8Tw', 'title': 'Everything I Am - Kanye West - Graduation (HD)', 'description': 'From the 2007 album "Graduation".', 'thumbnails': {'default': {'url': 'https://i.ytimg.com/vi/-UeniTE5D18/default.jpg', 'width': 120, 'height': 90}, 'medium': {'url': 'https://i.ytimg.com/vi/-UeniTE5D18/mqdefault.jpg', 'width': 320, 'height': 180}, 'high': {'url': 'https://i.ytimg.com/vi/-UeniTE5D18/hqdefault.jpg', 'width': 480, 'height': 360}, 'standard': {'url': 'https://i.ytimg.com/vi/-UeniTE5D18/sddefault.jpg', 'width': 640, 'height': 480}, 'maxres': {'url': 'https://i.ytimg.com/vi/-UeniTE5D18/maxresdefault.jpg', 'width': 1280, 'height': 720}}, 'channelTitle': 'Louis Cao', 'playlistId': 'PLdydBfVeaGAZ9jWhIrrhqcQgwkUp6irJX', 'position': 39, 'resourceId': {'kind': 'youtube#video', 'videoId': '-UeniTE5D18'}, 'videoOwnerChannelTitle': 'Trevor Raney', 'videoOwnerChannelId': 'UCcELCQ7nncVXIb_EevUctzQ'}}
2026-05-12 22:19:06,479 - backend.services.youtube_service - INFO - Searching YouTube for: Denver Jack Harlow
2026-05-12 22:19:06,893 - backend.services.youtube_service - DEBUG - Found video ID: vq4hRDnGbDY
2026-05-12 22:19:06,893 - backend.services.youtube_service - INFO - Adding video vq4hRDnGbDY to playlist PLdydBfVeaGAZ9jWhIrrhqcQgwkUp6irJX
2026-05-12 22:19:07,618 - backend.services.youtube_service - DEBUG - Added video: {'kind': 'youtube#playlistItem', 'etag': '1e8Mhfh69-gOlYdJe-zoTrMGa9s', 'id': 'UExkeWRCZlZlYUdBWjlqV2hJcnJocWNRZ3drVXA2aXJKWC4zQzFBN0RGNzNFREFCMjBE', 'snippet': {'publishedAt': '2026-05-13T02:19:07Z', 'channelId': 'UC4y2DnxkoJWE7ZQ05MHd8Tw', 'title': 'Jack Harlow - Denver [Official Music Video]', 'description': 'Jack Harlow - Denver\nStream/Download: https://JackHarlow.lnk.to/Jackman\n\nFOLLOW JACK HARLOW\nWebsite: https://www.jackharlow.us/\nInstagram: https://JackHarlow.lnk.to/Instagram\nTwitter: https://JackHarlow.lnk.to/Twitter\nFacebook: https://JackHarlow.lnk.to/Facebook\n\nLISTEN TO JACK HARLOW\nYoutube: https://JackHarlow.lnk.to/YouTube\nSoundCloud: https://JackHarlow.lnk.to/SoundCloud\nSpotify: https://JackHarlow.lnk.to/Spotify\nApple: https://JackHarlow.lnk.to/Apple\n\nThe official YouTube channel of Generation Now and Atlantic Records artist Jack Harlow. Subscribe for the latest music videos, performances, and more.\n\nSUBSCRIBE TO JACK’S YOUTUBE: \nhttps://JackHarlow.lnk.to/YouTube\n\n#JackHarlow #Denver #Jackman', 'thumbnails': {'default': {'url': 'https://i.ytimg.com/vi/vq4hRDnGbDY/default.jpg', 'width': 120, 'height': 90}, 'medium': {'url': 'https://i.ytimg.com/vi/vq4hRDnGbDY/mqdefault.jpg', 'width': 320, 'height': 180}, 'high': {'url': 'https://i.ytimg.com/vi/vq4hRDnGbDY/hqdefault.jpg', 'width': 480, 'height': 360}, 'standard': {'url': 'https://i.ytimg.com/vi/vq4hRDnGbDY/sddefault.jpg', 'width': 640, 'height': 480}}, 'channelTitle': 'Louis Cao', 'playlistId': 'PLdydBfVeaGAZ9jWhIrrhqcQgwkUp6irJX', 'position': 40, 'resourceId': {'kind': 'youtube#video', 'videoId': 'vq4hRDnGbDY'}, 'videoOwnerChannelTitle': 'Jack Harlow', 'videoOwnerChannelId': 'UC6vZl7Qj7JglLDmN_7Or-ZQ'}}
2026-05-12 22:19:07,618 - backend.services.youtube_service - INFO - Searching YouTube for: Cut My Lip Twenty One Pilots
2026-05-12 22:19:08,137 - backend.services.youtube_service - DEBUG - Found video ID: iRwXUzHpHIc
2026-05-12 22:19:08,137 - backend.services.youtube_service - INFO - Adding video iRwXUzHpHIc to playlist PLdydBfVeaGAZ9jWhIrrhqcQgwkUp6irJX
2026-05-12 22:19:08,369 - backend.services.youtube_service - DEBUG - Added video: {'kind': 'youtube#playlistItem', 'etag': '8buve22IyFNH2M0geieX1VR9SIk', 'id': 'UExkeWRCZlZlYUdBWjlqV2hJcnJocWNRZ3drVXA2aXJKWC45NkVENTkxRDdCQUFBMDY4', 'snippet': {'publishedAt': '2026-05-13T02:19:08Z', 'channelId': 'UC4y2DnxkoJWE7ZQ05MHd8Tw', 'title': 'twenty one pilots - Cut My Lip (Official Audio)', 'description': 'twenty one pilots official audio for "Cut My Lip" from the album \'TRENCH\' - available now on Fueled By Ramen. \nhttps://top.lnk.to/trench\n\nLYRICS\nI’ll keep on trying, might as well,\nIf you decide, all is well.\n\nThough I am bruised,\nFace of contusions,\nKnow I’ll keep moving.\n\nRust around the rim,\nDrink it anyway,\nI cut my lip,\nIsn’t what I want,\nBlood is on my tongue,\nI cut my lip.\n\nI keep on going back,\nEven though it’s me I abuse,\nI’ll keep on going back,\nEven…\n\nI don’t mind at all,\nLean on my pride,\nLean on my pride,\nI’m a lion.\n\nSubscribe for more official content from twenty one pilots: https://top.lnk.to/subscribe \n\nSite: https://TOP.lnk.to/website\nStore: https://TOP.lnk.to/store\nSpotify: https://TOP.lnk.to/spotify\nApple Music: https://TOP.lnk.to/apple\nAmazon Music: https://TOP.lnk.to/amazon\nInstagram: https://TOP.lnk.to/instagram\nTwitter: https://TOP.lnk.to/twitter\nFacebook: https://TOP.lnk.to/facebook\nTikTok: https://TOP.lnk.to/tiktok\nYouTube: https://TOP.lnk.to/youtube\n\n#twentyonepilots #TOP #CutMyLip #Trench', 'thumbnails': {'default': {'url': 'https://i.ytimg.com/vi/iRwXUzHpHIc/default.jpg', 'width': 120, 'height': 90}, 'medium': {'url': 'https://i.ytimg.com/vi/iRwXUzHpHIc/mqdefault.jpg', 'width': 320, 'height': 180}, 'high': {'url': 'https://i.ytimg.com/vi/iRwXUzHpHIc/hqdefault.jpg', 'width': 480, 'height': 360}, 'standard': {'url': 'https://i.ytimg.com/vi/iRwXUzHpHIc/sddefault.jpg', 'width': 640, 'height': 480}, 'maxres': {'url': 'https://i.ytimg.com/vi/iRwXUzHpHIc/maxresdefault.jpg', 'width': 1280, 'height': 720}}, 'channelTitle': 'Louis Cao', 'playlistId': 'PLdydBfVeaGAZ9jWhIrrhqcQgwkUp6irJX', 'position': 41, 'resourceId': {'kind': 'youtube#video', 'videoId': 'iRwXUzHpHIc'}, 'videoOwnerChannelTitle': 'twenty one pilots', 'videoOwnerChannelId': 'UCBQZwaNPFfJ1gZ1fLZpAEGw'}}
2026-05-12 22:19:08,371 - backend.services.youtube_service - INFO - Searching YouTube for: Smithereens Twenty One Pilots
2026-05-12 22:19:08,837 - backend.services.youtube_service - DEBUG - Found video ID: v8GwUos_Mtw
2026-05-12 22:19:08,838 - backend.services.youtube_service - INFO - Adding video v8GwUos_Mtw to playlist PLdydBfVeaGAZ9jWhIrrhqcQgwkUp6irJX
2026-05-12 22:19:09,146 - backend.services.youtube_service - DEBUG - Added video: {'kind': 'youtube#playlistItem', 'etag': 'o_HuEAMhr1GBzFEQxV3_DW6djwM', 'id': 'UExkeWRCZlZlYUdBWjlqV2hJcnJocWNRZ3drVXA2aXJKWC5DNkMwRUI2MkI4QkI4NDFG', 'snippet': {'publishedAt': '2026-05-13T02:19:09Z', 'channelId': 'UC4y2DnxkoJWE7ZQ05MHd8Tw', 'title': 'twenty one pilots - Smithereens (Official Audio)', 'description': 'twenty one pilots official audio for "Smithereens" from the album \'TRENCH\' - available now on Fueled By Ramen. \nhttps://top.lnk.to/trench\n\nExclusive TRENCH merch bundles: http://smarturl.it/trench\n\nLYRICS\nYou know I\'ve always been collected, calm and chill,\nAnd you know I never look for conflict for the thrill,\nBut if I\'m feeling someone stepping towards you, \nCan\'t describe just what I\'m feeling.\n\nFor you, I\'d go step to a dude much bigger than me,\nFor you, I know I would get messed up, weigh 153,\nFor you I would get beat to smithereens.\n\nYou know I\'ll be in the corner taking notes,\nAnd you know I got your six while you\'re working votes,\nBut if I\'m feeling someone stepping towards you, \nCan\'t describe just what I\'m feeling.\n\nYou know I had to do one on the record for her like this.\n\nFor you, I\'d go write a slick song just to show you the world,\nFor you, I know they think it\'s messed up to sell out for your girl.\n\nSubscribe for more official content from twenty one pilots: https://top.lnk.to/subscribe \n\nSite: https://TOP.lnk.to/website\nStore: https://TOP.lnk.to/store\nSpotify: https://TOP.lnk.to/spotify\nApple Music: https://TOP.lnk.to/apple\nAmazon Music: https://TOP.lnk.to/amazon\nInstagram: https://TOP.lnk.to/instagram\nTwitter: https://TOP.lnk.to/twitter\nFacebook: https://TOP.lnk.to/facebook\nTikTok: https://TOP.lnk.to/tiktok\nYouTube: https://TOP.lnk.to/youtube\n\n#twentyonepilots #TOP #Smithereens #Trench', 'thumbnails': {'default': {'url': 'https://i.ytimg.com/vi/v8GwUos_Mtw/default.jpg', 'width': 120, 'height': 90}, 'medium': {'url': 'https://i.ytimg.com/vi/v8GwUos_Mtw/mqdefault.jpg', 'width': 320, 'height': 180}, 'high': {'url': 'https://i.ytimg.com/vi/v8GwUos_Mtw/hqdefault.jpg', 'width': 480, 'height': 360}, 'standard': {'url': 'https://i.ytimg.com/vi/v8GwUos_Mtw/sddefault.jpg', 'width': 640, 'height': 480}, 'maxres': {'url': 'https://i.ytimg.com/vi/v8GwUos_Mtw/maxresdefault.jpg', 'width': 1280, 'height': 720}}, 'channelTitle': 'Louis Cao', 'playlistId': 'PLdydBfVeaGAZ9jWhIrrhqcQgwkUp6irJX', 'position': 42, 'resourceId': {'kind': 'youtube#video', 'videoId': 'v8GwUos_Mtw'}, 'videoOwnerChannelTitle': 'twenty one pilots', 'videoOwnerChannelId': 'UCBQZwaNPFfJ1gZ1fLZpAEGw'}}
2026-05-12 22:19:09,148 - backend.services.youtube_service - INFO - Searching YouTube for: I'm The Man 50 Cent
2026-05-12 22:19:09,469 - backend.services.youtube_service - DEBUG - Found video ID: ZB7Xjd34pjo
2026-05-12 22:19:09,469 - backend.services.youtube_service - INFO - Adding video ZB7Xjd34pjo to playlist PLdydBfVeaGAZ9jWhIrrhqcQgwkUp6irJX
2026-05-12 22:19:09,817 - backend.services.youtube_service - DEBUG - Added video: {'kind': 'youtube#playlistItem', 'etag': 'r5nEITlKHZgKpDTcRxtiXDYhJkg', 'id': 'UExkeWRCZlZlYUdBWjlqV2hJcnJocWNRZ3drVXA2aXJKWC5DRUQwODMxQzUyRTlGRkY3', 'snippet': {'publishedAt': '2026-05-13T02:19:09Z', 'channelId': 'UC4y2DnxkoJWE7ZQ05MHd8Tw', 'title': "50 Cent ft. Chris Brown - I'm The Man (Official Video)", 'description': 'Listen to Chris Brown\'s remix of 50 Cent\'s hit song, "I\'m The Man".\n\nDownload the song : http://smarturl.it/50ImTheManRmx\nStream the song: http://smarturl.it/50ImTheManRmx_Stream\n\nBest of 50 Cent: https://goo.gl/PgrRic\nSubscribe here: https://goo.gl/o954jF\n\n#50Cent #ImTheMan #Vevo', 'thumbnails': {'default': {'url': 'https://i.ytimg.com/vi/ZB7Xjd34pjo/default.jpg', 'width': 120, 'height': 90}, 'medium': {'url': 'https://i.ytimg.com/vi/ZB7Xjd34pjo/mqdefault.jpg', 'width': 320, 'height': 180}, 'high': {'url': 'https://i.ytimg.com/vi/ZB7Xjd34pjo/hqdefault.jpg', 'width': 480, 'height': 360}, 'standard': {'url': 'https://i.ytimg.com/vi/ZB7Xjd34pjo/sddefault.jpg', 'width': 640, 'height': 480}, 'maxres': {'url': 'https://i.ytimg.com/vi/ZB7Xjd34pjo/maxresdefault.jpg', 'width': 1280, 'height': 720}}, 'channelTitle': 'Louis Cao', 'playlistId': 'PLdydBfVeaGAZ9jWhIrrhqcQgwkUp6irJX', 'position': 43, 'resourceId': {'kind': 'youtube#video', 'videoId': 'ZB7Xjd34pjo'}, 'videoOwnerChannelTitle': '50CentVEVO', 'videoOwnerChannelId': 'UC0sL86jDLgs2fGRD-XBnPQA'}}
2026-05-12 22:19:09,818 - backend.services.youtube_service - INFO - Searching YouTube for: Kody Blu 31 JID
2026-05-12 22:19:10,086 - backend.services.youtube_service - DEBUG - Found video ID: ScDgJJi5Guc
2026-05-12 22:19:10,087 - backend.services.youtube_service - INFO - Adding video ScDgJJi5Guc to playlist PLdydBfVeaGAZ9jWhIrrhqcQgwkUp6irJX
2026-05-12 22:19:10,772 - backend.services.youtube_service - DEBUG - Added video: {'kind': 'youtube#playlistItem', 'etag': 'AXdtoeaGTM4ou7K3P6uW4MmjG4o', 'id': 'UExkeWRCZlZlYUdBWjlqV2hJcnJocWNRZ3drVXA2aXJKWC41MzY4MzcwOUFFRUU3QzEx', 'snippet': {'publishedAt': '2026-05-13T02:19:10Z', 'channelId': 'UC4y2DnxkoJWE7ZQ05MHd8Tw', 'title': 'JID - Kody Blu 31 (Official Music Video)', 'description': 'The Forever Story out now: http://JID.lnk.to/TheForeverStory\n \nFollow JID:\nhttp://www.Instagram.com/JIDsv\nhttp://www.Facebook.com/JIDsv\nhttp://www.Twitter.com/JIDsv\nhttp://www.TikTok.com/@JIDsv\n \n#TheForeverStory #JID #KodyBlu31', 'thumbnails': {'default': {'url': 'https://i.ytimg.com/vi/ScDgJJi5Guc/default.jpg', 'width': 120, 'height': 90}, 'medium': {'url': 'https://i.ytimg.com/vi/ScDgJJi5Guc/mqdefault.jpg', 'width': 320, 'height': 180}, 'high': {'url': 'https://i.ytimg.com/vi/ScDgJJi5Guc/hqdefault.jpg', 'width': 480, 'height': 360}, 'standard': {'url': 'https://i.ytimg.com/vi/ScDgJJi5Guc/sddefault.jpg', 'width': 640, 'height': 480}, 'maxres': {'url': 'https://i.ytimg.com/vi/ScDgJJi5Guc/maxresdefault.jpg', 'width': 1280, 'height': 720}}, 'channelTitle': 'Louis Cao', 'playlistId': 'PLdydBfVeaGAZ9jWhIrrhqcQgwkUp6irJX', 'position': 44, 'resourceId': {'kind': 'youtube#video', 'videoId': 'ScDgJJi5Guc'}, 'videoOwnerChannelTitle': 'JID', 'videoOwnerChannelId': 'UC3WIRbOw46MsbycRc1N5x4g'}}
2026-05-12 22:19:10,773 - backend.services.youtube_service - INFO - Searching YouTube for: Sweet Disposition The Temper Trap
2026-05-12 22:19:11,095 - backend.services.youtube_service - DEBUG - Found video ID: vN7HQrgakZU
2026-05-12 22:19:11,095 - backend.services.youtube_service - INFO - Adding video vN7HQrgakZU to playlist PLdydBfVeaGAZ9jWhIrrhqcQgwkUp6irJX
2026-05-12 22:19:11,467 - backend.services.youtube_service - DEBUG - Added video: {'kind': 'youtube#playlistItem', 'etag': 'fPpAaz9C9bSYOukp0MxqX8ism6M', 'id': 'UExkeWRCZlZlYUdBWjlqV2hJcnJocWNRZ3drVXA2aXJKWC4yQjZFRkExQjFGODk3RUFD', 'snippet': {'publishedAt': '2026-05-13T02:19:11Z', 'channelId': 'UC4y2DnxkoJWE7ZQ05MHd8Tw', 'title': 'The Temper Trap - Sweet Disposition [Official Video]', 'description': "The official video for 'Sweet Disposition', taken from The Temper Trap's debut album 'Conditions'.\n\nSubscribe to The Temper Trap’s channel: https://The-Temper-Trap.lnk.to/YouTubeSubscribeYT.  \n  \nhttps://www.facebook.com/tempertrap \nhttps://www.instagram.com/thetempertrap/ \nhttps://www.tiktok.com/@thetempertrap \nhttps://thetempertrap.com/ \n\nLyrics:\nsweet disposition\nnever too soon\noh, reckless abandon\nlike no one's watching you\na moment \na love\na dream \naloud\na kiss \na cry \nour rights\nour wrongs\na moment a love \na dream \naloud\na moment a love \na dream \naloud\n\nso stay there\ncause i'll be coming over\nand while our blood's still young\nit's so young, it runs\nand won't stop til it's over\nwon't stop to surrender\n\nsongs of desperation\ni played them for you\na moment \na love\na dream \naloud\na kiss\na cry \nour rights\nour wrongs\na moment a love\na dream \naloud\na moment a love\na dream \naloud\n\nso stay there\ncause i'll be coming over\nand while our blood's still young\nit's so young, it runs\nand won't stop til it's over\nwon't stop to surrender", 'thumbnails': {'default': {'url': 'https://i.ytimg.com/vi/vN7HQrgakZU/default.jpg', 'width': 120, 'height': 90}, 'medium': {'url': 'https://i.ytimg.com/vi/vN7HQrgakZU/mqdefault.jpg', 'width': 320, 'height': 180}, 'high': {'url': 'https://i.ytimg.com/vi/vN7HQrgakZU/hqdefault.jpg', 'width': 480, 'height': 360}}, 'channelTitle': 'Louis Cao', 'playlistId': 'PLdydBfVeaGAZ9jWhIrrhqcQgwkUp6irJX', 'position': 45, 'resourceId': {'kind': 'youtube#video', 'videoId': 'vN7HQrgakZU'}, 'videoOwnerChannelTitle': 'The Temper Trap', 'videoOwnerChannelId': 'UC-1k7y80RAIK_JlXP8WlDDw'}}
2026-05-12 22:19:11,468 - backend.services.youtube_service - INFO - Searching YouTube for: Johnny P's Caddy Benny The Butcher
2026-05-12 22:19:11,817 - backend.services.youtube_service - DEBUG - Found video ID: klZNvJArVSE
2026-05-12 22:19:11,817 - backend.services.youtube_service - INFO - Adding video klZNvJArVSE to playlist PLdydBfVeaGAZ9jWhIrrhqcQgwkUp6irJX
2026-05-12 22:19:12,626 - backend.services.youtube_service - DEBUG - Added video: {'kind': 'youtube#playlistItem', 'etag': 'GGTz7N365dZ8R4fsA2KymMwL81Q', 'id': 'UExkeWRCZlZlYUdBWjlqV2hJcnJocWNRZ3drVXA2aXJKWC4yQUJFNUVCMzVDNjcxRTlF', 'snippet': {'publishedAt': '2026-05-13T02:19:11Z', 'channelId': 'UC4y2DnxkoJWE7ZQ05MHd8Tw', 'title': "Benny The Butcher & J. Cole - Johnny P's Caddy (Official Video)", 'description': 'Listen to the Single “Johnny P’s Caddy”. Out Now!\nStream: https://bennythebutcher.ffm.to/johnnypscaddy\n\n#BennytheButcher  #JCole #tanatalk4\n\nProduced by: The Alchemist\n\nOfficial Video by Benny the Butcher & J. Cole - "Johnny P’s Caddy"  © 2022 Griselda Records / EMPIRE', 'thumbnails': {'default': {'url': 'https://i.ytimg.com/vi/klZNvJArVSE/default.jpg', 'width': 120, 'height': 90}, 'medium': {'url': 'https://i.ytimg.com/vi/klZNvJArVSE/mqdefault.jpg', 'width': 320, 'height': 180}, 'high': {'url': 'https://i.ytimg.com/vi/klZNvJArVSE/hqdefault.jpg', 'width': 480, 'height': 360}, 'standard': {'url': 'https://i.ytimg.com/vi/klZNvJArVSE/sddefault.jpg', 'width': 640, 'height': 480}, 'maxres': {'url': 'https://i.ytimg.com/vi/klZNvJArVSE/maxresdefault.jpg', 'width': 1280, 'height': 720}}, 'channelTitle': 'Louis Cao', 'playlistId': 'PLdydBfVeaGAZ9jWhIrrhqcQgwkUp6irJX', 'position': 46, 'resourceId': {'kind': 'youtube#video', 'videoId': 'klZNvJArVSE'}, 'videoOwnerChannelTitle': 'Benny the Butcher', 'videoOwnerChannelId': 'UCzdpwFZKrV6qII4UKZQG9ZA'}}
2026-05-12 22:19:12,627 - backend.services.youtube_service - INFO - Searching YouTube for: C Carter Cordae
2026-05-12 22:19:13,000 - backend.services.youtube_service - DEBUG - Found video ID: PK8QIiYHBjw
2026-05-12 22:19:13,001 - backend.services.youtube_service - INFO - Adding video PK8QIiYHBjw to playlist PLdydBfVeaGAZ9jWhIrrhqcQgwkUp6irJX
2026-05-12 22:19:13,230 - backend.services.youtube_service - DEBUG - Added video: {'kind': 'youtube#playlistItem', 'etag': '5PQhvc0og0eel_uEqquuk2ewe3s', 'id': 'UExkeWRCZlZlYUdBWjlqV2hJcnJocWNRZ3drVXA2aXJKWC40QzRDOEU0QUYwNUIxN0M1', 'snippet': {'publishedAt': '2026-05-13T02:19:13Z', 'channelId': 'UC4y2DnxkoJWE7ZQ05MHd8Tw', 'title': 'Cordae - C Carter [Official Music Video]', 'description': 'Cordae - “From a Birds Eye View”\nStream/Download: https://cordae.lnk.to/FromABirdsEyeView\n\nCORDAE FROM A BIRDS EYE VIEW TOUR\nTickets on sale: https://www.cordaemusic.com/#tourwrapper\n\nFollow Cordae\nhttps://cordae.lnk.to/Facebook\nhttps://cordae.lnk.to/Instagram\nhttps://cordae.lnk.to/Twitter\nhttps://cordae.lnk.to/Soundcloud\nhttps://www.youtube.com/channel/UC_jN...\n\nThe official YouTube channel of Cordae. Subscribe for the latest music videos, performances, and more.\n\n#Cordae #FromaBirdsEyeView #CCarter', 'thumbnails': {'default': {'url': 'https://i.ytimg.com/vi/PK8QIiYHBjw/default.jpg', 'width': 120, 'height': 90}, 'medium': {'url': 'https://i.ytimg.com/vi/PK8QIiYHBjw/mqdefault.jpg', 'width': 320, 'height': 180}, 'high': {'url': 'https://i.ytimg.com/vi/PK8QIiYHBjw/hqdefault.jpg', 'width': 480, 'height': 360}, 'standard': {'url': 'https://i.ytimg.com/vi/PK8QIiYHBjw/sddefault.jpg', 'width': 640, 'height': 480}}, 'channelTitle': 'Louis Cao', 'playlistId': 'PLdydBfVeaGAZ9jWhIrrhqcQgwkUp6irJX', 'position': 47, 'resourceId': {'kind': 'youtube#video', 'videoId': 'PK8QIiYHBjw'}, 'videoOwnerChannelTitle': 'Cordae', 'videoOwnerChannelId': 'UCPgLVIq1Zr82PD7-f9mxLQQ'}}
2026-05-12 22:19:13,231 - backend.services.youtube_service - INFO - Searching YouTube for: All I Want Is You (feat. J. Cole) Miguel
2026-05-12 22:19:13,630 - backend.services.youtube_service - DEBUG - Found video ID: n7PVhQPaFNY
2026-05-12 22:19:13,630 - backend.services.youtube_service - INFO - Adding video n7PVhQPaFNY to playlist PLdydBfVeaGAZ9jWhIrrhqcQgwkUp6irJX
2026-05-12 22:19:13,839 - backend.services.youtube_service - DEBUG - Added video: {'kind': 'youtube#playlistItem', 'etag': 'Tmtx8_xKPfyU6fqdD5Mm4q8HDtI', 'id': 'UExkeWRCZlZlYUdBWjlqV2hJcnJocWNRZ3drVXA2aXJKWC41RTNBREYwMkI5QzU3RkY2', 'snippet': {'publishedAt': '2026-05-13T02:19:13Z', 'channelId': 'UC4y2DnxkoJWE7ZQ05MHd8Tw', 'title': 'Miguel - All I Want Is You (Official Video) ft. J. Cole', 'description': "Official Music Video for 'All I Want Is You' ft. J.Cole. \nListen to Miguel: https://Miguel.lnk.to/listenYD\n\nSubscribe to the official Miguel YouTube Channel: https://Miguel.lnk.to/subscribeYD\n\nFollow Miguel:\nFacebook: https://Miguel.lnk.to/followFI\nInstagram: https://Miguel.lnk.to/followII\nTwitter: https://Miguel.lnk.to/followTI\nWebsite: https://Miguel.lnk.to/followWI\nYouTube: https://Miguel.lnk.to/subscribeYD\nSpotify: https://Miguel.lnk.to/followSI\n\nLyrics:\n\nDamn, cold world\nI never thought I see that day that you're my old girl\nNow I'm stuck here hollering at old girl\nGot one, got two, three four girls\nShotgun in the drop made a right\nHut one, hut two, told them niggas take a hike\nThen it's on to the next one, on, on to the next one\nHard to move on when you always regret one\n\nI wonder sometimes\nI wonder if I was wrong\nTryna do right by you got me here\nNow all I am is alone\n\nCause her eyes\nAnd those hips\nAnd that (ass)\nDon't compare, at all (no)\nAnd at best, all they do is distract me\nBut now, deep down, when I face it\n\nAll I want is you\nAll I want is you (now)\nAll I want is you now\nNow that you're gone, gone, gone\n\n#Miguel #JCole #AllIWantIsYou #RnB #TikTok", 'thumbnails': {'default': {'url': 'https://i.ytimg.com/vi/n7PVhQPaFNY/default.jpg', 'width': 120, 'height': 90}, 'medium': {'url': 'https://i.ytimg.com/vi/n7PVhQPaFNY/mqdefault.jpg', 'width': 320, 'height': 180}, 'high': {'url': 'https://i.ytimg.com/vi/n7PVhQPaFNY/hqdefault.jpg', 'width': 480, 'height': 360}, 'standard': {'url': 'https://i.ytimg.com/vi/n7PVhQPaFNY/sddefault.jpg', 'width': 640, 'height': 480}, 'maxres': {'url': 'https://i.ytimg.com/vi/n7PVhQPaFNY/maxresdefault.jpg', 'width': 1280, 'height': 720}}, 'channelTitle': 'Louis Cao', 'playlistId': 'PLdydBfVeaGAZ9jWhIrrhqcQgwkUp6irJX', 'position': 48, 'resourceId': {'kind': 'youtube#video', 'videoId': 'n7PVhQPaFNY'}, 'videoOwnerChannelTitle': 'MiguelVEVO', 'videoOwnerChannelId': 'UCpOt14iqkbd6QjtBHicTXKQ'}}
2026-05-12 22:19:13,840 - backend.services.youtube_service - INFO - Searching YouTube for: Trae The Truth in Ibiza J. Cole
2026-05-12 22:19:14,210 - backend.services.youtube_service - DEBUG - Found video ID: R5L2w_NdYMo
2026-05-12 22:19:14,210 - backend.services.youtube_service - INFO - Adding video R5L2w_NdYMo to playlist PLdydBfVeaGAZ9jWhIrrhqcQgwkUp6irJX
2026-05-12 22:19:14,429 - backend.services.youtube_service - DEBUG - Added video: {'kind': 'youtube#playlistItem', 'etag': 'qJnMoUnkUjULQNBhpb4x4f7wTIs', 'id': 'UExkeWRCZlZlYUdBWjlqV2hJcnJocWNRZ3drVXA2aXJKWC5ENjI1QUI0MDI5NEQzODFE', 'snippet': {'publishedAt': '2026-05-13T02:19:14Z', 'channelId': 'UC4y2DnxkoJWE7ZQ05MHd8Tw', 'title': 'J. Cole - Trae The Truth In Ibiza (Official Audio)', 'description': 'J. Cole - Might Delete Later is out now\nhttps://JCole.lnk.to/MightDeleteLater\n\nConnect with J. Cole:\nhttps://www.instagram.com/realcoleworld/\nhttps://twitter.com/jcolenc\nhttps://www.facebook.com/JColeMusic/\n\nConnect with Dreamville:\nhttp://dreamville.com/\nhttps://www.instagram.com/dreamville\nhttps://twitter.com/Dreamville\nhttps://www.facebook.com/dreamville\n\n#JCole #MightDeleteLater #Dreamville', 'thumbnails': {'default': {'url': 'https://i.ytimg.com/vi/R5L2w_NdYMo/default.jpg', 'width': 120, 'height': 90}, 'medium': {'url': 'https://i.ytimg.com/vi/R5L2w_NdYMo/mqdefault.jpg', 'width': 320, 'height': 180}, 'high': {'url': 'https://i.ytimg.com/vi/R5L2w_NdYMo/hqdefault.jpg', 'width': 480, 'height': 360}, 'standard': {'url': 'https://i.ytimg.com/vi/R5L2w_NdYMo/sddefault.jpg', 'width': 640, 'height': 480}, 'maxres': {'url': 'https://i.ytimg.com/vi/R5L2w_NdYMo/maxresdefault.jpg', 'width': 1280, 'height': 720}}, 'channelTitle': 'Louis Cao', 'playlistId': 'PLdydBfVeaGAZ9jWhIrrhqcQgwkUp6irJX', 'position': 49, 'resourceId': {'kind': 'youtube#video', 'videoId': 'R5L2w_NdYMo'}, 'videoOwnerChannelTitle': 'J. Cole', 'videoOwnerChannelId': 'UCnc6db-y3IU7CkT_yeVXdVg'}}
2026-05-12 22:19:14,430 - backend.services.youtube_service - INFO - Searching YouTube for: Thinkin Bout You Frank Ocean
2026-05-12 22:19:14,799 - backend.services.youtube_service - DEBUG - Found video ID: F-6OLCvO7MA
2026-05-12 22:19:14,799 - backend.services.youtube_service - INFO - Adding video F-6OLCvO7MA to playlist PLdydBfVeaGAZ9jWhIrrhqcQgwkUp6irJX
2026-05-12 22:19:15,089 - backend.services.youtube_service - DEBUG - Added video: {'kind': 'youtube#playlistItem', 'etag': 'b2nFuHBJy3cfT0j6OA-_gGIeA9s', 'id': 'UExkeWRCZlZlYUdBWjlqV2hJcnJocWNRZ3drVXA2aXJKWC44QzVGQUU2QjE2NDgxM0M4', 'snippet': {'publishedAt': '2026-05-13T02:19:14Z', 'channelId': 'UC4y2DnxkoJWE7ZQ05MHd8Tw', 'title': 'Frank Ocean - Thinkin’ bout you  (Lyrics)', 'description': '', 'thumbnails': {'default': {'url': 'https://i.ytimg.com/vi/F-6OLCvO7MA/default.jpg', 'width': 120, 'height': 90}, 'medium': {'url': 'https://i.ytimg.com/vi/F-6OLCvO7MA/mqdefault.jpg', 'width': 320, 'height': 180}, 'high': {'url': 'https://i.ytimg.com/vi/F-6OLCvO7MA/hqdefault.jpg', 'width': 480, 'height': 360}, 'standard': {'url': 'https://i.ytimg.com/vi/F-6OLCvO7MA/sddefault.jpg', 'width': 640, 'height': 480}, 'maxres': {'url': 'https://i.ytimg.com/vi/F-6OLCvO7MA/maxresdefault.jpg', 'width': 1280, 'height': 720}}, 'channelTitle': 'Louis Cao', 'playlistId': 'PLdydBfVeaGAZ9jWhIrrhqcQgwkUp6irJX', 'position': 50, 'resourceId': {'kind': 'youtube#video', 'videoId': 'F-6OLCvO7MA'}, 'videoOwnerChannelTitle': 'Luuuldoc Lyrics', 'videoOwnerChannelId': 'UCgUDFDPi-xj-i6rFvDRux1A'}}
2026-05-12 22:19:15,090 - backend.services.youtube_service - INFO - Searching YouTube for: Sidewalks The Weeknd
2026-05-12 22:19:15,404 - backend.services.youtube_service - DEBUG - Found video ID: sK-T-cmznY8
2026-05-12 22:19:15,405 - backend.services.youtube_service - INFO - Adding video sK-T-cmznY8 to playlist PLdydBfVeaGAZ9jWhIrrhqcQgwkUp6irJX
2026-05-12 22:19:15,764 - backend.services.youtube_service - DEBUG - Added video: {'kind': 'youtube#playlistItem', 'etag': 'RhgxGy17q5D4U2zAGhrGrqi-RZ4', 'id': 'UExkeWRCZlZlYUdBWjlqV2hJcnJocWNRZ3drVXA2aXJKWC4xMzgwMzBERjQ4NjEzNUE5', 'snippet': {'publishedAt': '2026-05-13T02:19:15Z', 'channelId': 'UC4y2DnxkoJWE7ZQ05MHd8Tw', 'title': 'The Weeknd - Sidewalks (Audio) ft. Kendrick Lamar', 'description': 'Music video by The Weeknd performing Sidewalks (Audio).© 2023 The Weeknd XO, Inc., Manufactured and Marketed by Republic Records, a Division of UMG Recordings, Inc.', 'thumbnails': {'default': {'url': 'https://i.ytimg.com/vi/sK-T-cmznY8/default.jpg', 'width': 120, 'height': 90}, 'medium': {'url': 'https://i.ytimg.com/vi/sK-T-cmznY8/mqdefault.jpg', 'width': 320, 'height': 180}, 'high': {'url': 'https://i.ytimg.com/vi/sK-T-cmznY8/hqdefault.jpg', 'width': 480, 'height': 360}, 'standard': {'url': 'https://i.ytimg.com/vi/sK-T-cmznY8/sddefault.jpg', 'width': 640, 'height': 480}, 'maxres': {'url': 'https://i.ytimg.com/vi/sK-T-cmznY8/maxresdefault.jpg', 'width': 1280, 'height': 720}}, 'channelTitle': 'Louis Cao', 'playlistId': 'PLdydBfVeaGAZ9jWhIrrhqcQgwkUp6irJX', 'position': 51, 'resourceId': {'kind': 'youtube#video', 'videoId': 'sK-T-cmznY8'}, 'videoOwnerChannelTitle': 'TheWeekndVEVO', 'videoOwnerChannelId': 'UCF_fDSgPpBQuh1MsUTgIARQ'}}
2026-05-12 22:19:15,764 - backend.services.youtube_service - INFO - Searching YouTube for: Better Khalid
2026-05-12 22:19:16,090 - backend.services.youtube_service - DEBUG - Found video ID: x3bfa3DZ8JM
2026-05-12 22:19:16,090 - backend.services.youtube_service - INFO - Adding video x3bfa3DZ8JM to playlist PLdydBfVeaGAZ9jWhIrrhqcQgwkUp6irJX
2026-05-12 22:19:16,852 - backend.services.youtube_service - DEBUG - Added video: {'kind': 'youtube#playlistItem', 'etag': 'AXp7jaDkEpHssxmlcJ1C_Amle6Q', 'id': 'UExkeWRCZlZlYUdBWjlqV2hJcnJocWNRZ3drVXA2aXJKWC4zMEQ1MEIyRTFGNzhDQzFB', 'snippet': {'publishedAt': '2026-05-13T02:19:16Z', 'channelId': 'UC4y2DnxkoJWE7ZQ05MHd8Tw', 'title': 'Khalid - Better (Official Video)', 'description': '"Better" by Khalid\nListen to Khalid: https://Khalid.lnk.to/listenYD\n\nListen to the new WATTS x Khalid single "Feels" https://smarturl.it/WATTSxKhalidxFeels\n\nWatch more Khalid videos: https://Khalid.lnk.to/listenYD/youtube\n\nSubscribe to the official Khalid YouTube channel: https://Khalid.lnk.to/subscribeYD\n\nFollow Khalid:\nFacebook: https://Khalid.lnk.to/followFI\nInstagram: https://Khalid.lnk.to/followII\nTwitter: https://Khalid.lnk.to/followTI\nSpotify: https://Khalid.lnk.to/followSI\nWebsite: https://Khalid.lnk.to/followWI\nYouTube: https://Khalid.lnk.to/subscribeYD\n\nLyrics:\nNothing feels better than this\nNothing feels better\nNothing feels better than this\nNothing feels better, oh no\nWe don\'t gotta hide, this is what you like\nI\'ll admit\nNothing feels better than this\n\n#Better #Khalid #OfficialVideo', 'thumbnails': {'default': {'url': 'https://i.ytimg.com/vi/x3bfa3DZ8JM/default.jpg', 'width': 120, 'height': 90}, 'medium': {'url': 'https://i.ytimg.com/vi/x3bfa3DZ8JM/mqdefault.jpg', 'width': 320, 'height': 180}, 'high': {'url': 'https://i.ytimg.com/vi/x3bfa3DZ8JM/hqdefault.jpg', 'width': 480, 'height': 360}, 'standard': {'url': 'https://i.ytimg.com/vi/x3bfa3DZ8JM/sddefault.jpg', 'width': 640, 'height': 480}, 'maxres': {'url': 'https://i.ytimg.com/vi/x3bfa3DZ8JM/maxresdefault.jpg', 'width': 1280, 'height': 720}}, 'channelTitle': 'Louis Cao', 'playlistId': 'PLdydBfVeaGAZ9jWhIrrhqcQgwkUp6irJX', 'position': 52, 'resourceId': {'kind': 'youtube#video', 'videoId': 'x3bfa3DZ8JM'}, 'videoOwnerChannelTitle': 'KhalidVEVO', 'videoOwnerChannelId': 'UCcN-NDV03eHs6oLd1pe2r8w'}}
2026-05-12 22:19:16,853 - backend.services.youtube_service - INFO - Searching YouTube for: Christmas Lights Coldplay
2026-05-12 22:19:17,282 - backend.services.youtube_service - DEBUG - Found video ID: z1rYmzQ8C9Q
2026-05-12 22:19:17,282 - backend.services.youtube_service - INFO - Adding video z1rYmzQ8C9Q to playlist PLdydBfVeaGAZ9jWhIrrhqcQgwkUp6irJX
2026-05-12 22:19:17,518 - backend.services.youtube_service - DEBUG - Added video: {'kind': 'youtube#playlistItem', 'etag': 'OPUnsaNIWl_g8QA7h1a4ejYWMKI', 'id': 'UExkeWRCZlZlYUdBWjlqV2hJcnJocWNRZ3drVXA2aXJKWC42Qzk5MkEzQjVFQjYwRDA4', 'snippet': {'publishedAt': '2026-05-13T02:19:17Z', 'channelId': 'UC4y2DnxkoJWE7ZQ05MHd8Tw', 'title': 'Coldplay - Christmas Lights (Official Video)', 'description': "Coldplay's tenth studio album Moon Music available to listen/ buy now! https://coldplay.lnk.to/MoonMusic 🌙\n\nColdplay - Christmas Lights was released in 2010.\n\nSubscribe for more content from Coldplay:\nhttps://bit.ly/subscribecoldplay\n\nSee more official videos from Coldplay here:\nhttps://www.youtube.com/playlist?list=PLsvoYlzBrLFAJd4hNQSHw1lYjDKeQB_iU\n\nFOLLOW COLDPLAY\nWebsite: http://www.coldplay.com \nInstagram: http://instagram.com/coldplay\nTwitter: https://twitter.com/coldplay\nFacebook: https://www.facebook.com/coldplay\nTiktok: https://www.tiktok.com/@coldplay\nSpotify: https://bit.ly/coldplayspotify\n\nABOUT COLDPLAY\nSince forming at university in London, Coldplay have gone on to become one of the planet’s most popular acts, selling more than 100 million copies of their nine Number One albums, which have spawned a string of hits including Yellow, Clocks, Fix You, Paradise, Viva La Vida, A Sky Full Of Stars, Hymn For The Weekend, Adventure Of A Lifetime, Orphans and, most recently, Higher Power and My Universe.\n\n#Coldplay #ChristmasLights #Christmas #MoonMusic", 'thumbnails': {'default': {'url': 'https://i.ytimg.com/vi/z1rYmzQ8C9Q/default.jpg', 'width': 120, 'height': 90}, 'medium': {'url': 'https://i.ytimg.com/vi/z1rYmzQ8C9Q/mqdefault.jpg', 'width': 320, 'height': 180}, 'high': {'url': 'https://i.ytimg.com/vi/z1rYmzQ8C9Q/hqdefault.jpg', 'width': 480, 'height': 360}, 'standard': {'url': 'https://i.ytimg.com/vi/z1rYmzQ8C9Q/sddefault.jpg', 'width': 640, 'height': 480}, 'maxres': {'url': 'https://i.ytimg.com/vi/z1rYmzQ8C9Q/maxresdefault.jpg', 'width': 1280, 'height': 720}}, 'channelTitle': 'Louis Cao', 'playlistId': 'PLdydBfVeaGAZ9jWhIrrhqcQgwkUp6irJX', 'position': 53, 'resourceId': {'kind': 'youtube#video', 'videoId': 'z1rYmzQ8C9Q'}, 'videoOwnerChannelTitle': 'Coldplay', 'videoOwnerChannelId': 'UCDPM_n1atn2ijUwHd0NNRQw'}}
2026-05-12 22:19:17,519 - backend.services.youtube_service - INFO - Searching YouTube for: Don't Let Me Drown Burna Boy
2026-05-12 22:19:17,951 - backend.services.youtube_service - DEBUG - Found video ID: h35Nhha7qQI
2026-05-12 22:19:17,952 - backend.services.youtube_service - INFO - Adding video h35Nhha7qQI to playlist PLdydBfVeaGAZ9jWhIrrhqcQgwkUp6irJX
2026-05-12 22:19:18,774 - backend.services.youtube_service - DEBUG - Added video: {'kind': 'youtube#playlistItem', 'etag': '8JGUuEhClqBe78hx-FEIhUgKSFs', 'id': 'UExkeWRCZlZlYUdBWjlqV2hJcnJocWNRZ3drVXA2aXJKWC41NTZEOThBNThFOUVGQkVB', 'snippet': {'publishedAt': '2026-05-13T02:19:18Z', 'channelId': 'UC4y2DnxkoJWE7ZQ05MHd8Tw', 'title': "Burna Boy - Don't Let Me Drown (From F1® The Movie) [Official Video]", 'description': "Burna Boy - Don't Let Me Drown (From F1® The Movie)\nDownload/stream: https://F1TheAlbum.lnk.to/dlmd\n\nStream & Shop ‘F1 The Album’ out now: https://F1TheAlbum.lnk.to/F1TAID\nPre-Order 'No Sign of Weakness' out July 11th: https://burna.lnk.to/nosignofweakness\n\nF1® The Movie is streaming exclusively on Apple TV December 12\n\nLink: https://apple.co/F1-\n\n\nListen to Burna Boy\nYouTube: https://Burna.lnk.to/YouTube\nSoundcloud: https://Burna.lnk.to/SoundCloud\nApple Music: https://Burna.lnk.to/Apple\nSpotify: https://Burna.lnk.to/Spotify\nDeezer: https://Burna.lnk.to/Deezer\nBoomplay: https://Burna.lnk.to/Boomplay\n\n\n\nThe official YouTube channel of Atlantic Records artist Burna Boy. Subscribe for the latest music videos, performances, and more.", 'thumbnails': {'default': {'url': 'https://i.ytimg.com/vi/h35Nhha7qQI/default.jpg', 'width': 120, 'height': 90}, 'medium': {'url': 'https://i.ytimg.com/vi/h35Nhha7qQI/mqdefault.jpg', 'width': 320, 'height': 180}, 'high': {'url': 'https://i.ytimg.com/vi/h35Nhha7qQI/hqdefault.jpg', 'width': 480, 'height': 360}, 'standard': {'url': 'https://i.ytimg.com/vi/h35Nhha7qQI/sddefault.jpg', 'width': 640, 'height': 480}, 'maxres': {'url': 'https://i.ytimg.com/vi/h35Nhha7qQI/maxresdefault.jpg', 'width': 1280, 'height': 720}}, 'channelTitle': 'Louis Cao', 'playlistId': 'PLdydBfVeaGAZ9jWhIrrhqcQgwkUp6irJX', 'position': 54, 'resourceId': {'kind': 'youtube#video', 'videoId': 'h35Nhha7qQI'}, 'videoOwnerChannelTitle': 'Burna Boy', 'videoOwnerChannelId': 'UCEzDdNqNkT-7rSfSGSr1hWg'}}
2026-05-12 22:19:18,774 - backend.services.youtube_service - INFO - Searching YouTube for: Sacrifices (with EARTHGANG & J. Cole feat. Smino & Saba) Dreamville
2026-05-12 22:19:19,290 - backend.services.youtube_service - DEBUG - Found video ID: ANzgMYgoJsA
2026-05-12 22:19:19,291 - backend.services.youtube_service - INFO - Adding video ANzgMYgoJsA to playlist PLdydBfVeaGAZ9jWhIrrhqcQgwkUp6irJX
2026-05-12 22:19:19,508 - backend.services.youtube_service - DEBUG - Added video: {'kind': 'youtube#playlistItem', 'etag': 'jiTF-7L615xLlMIGxhzNHfpKP6E', 'id': 'UExkeWRCZlZlYUdBWjlqV2hJcnJocWNRZ3drVXA2aXJKWC43NERCMDIzQzFBMERCMEE3', 'snippet': {'publishedAt': '2026-05-13T02:19:19Z', 'channelId': 'UC4y2DnxkoJWE7ZQ05MHd8Tw', 'title': 'Dreamville - Sacrifices ft. EARTHGANG, J. Cole, Smino & Saba (Official Music Video)', 'description': 'Dreamville - Sacrifices ft. EARTHGANG, J. Cole, Smino & Saba (Official Music Video)\nStream Revenge of the Dreamers III - https://dreamville.lnk.to/ROTD3\n\nRevenge Documentary - https://dreamville.lnk.to/REVENGEdoc \n\nFollow Dreamville:\nhttps://www.instagram.com/dreamville/\nhttps://twitter.com/Dreamville\nhttps://www.facebook.com/dreamville\n\n#Sacrifices #Dreamville #ROTD3', 'thumbnails': {'default': {'url': 'https://i.ytimg.com/vi/ANzgMYgoJsA/default.jpg', 'width': 120, 'height': 90}, 'medium': {'url': 'https://i.ytimg.com/vi/ANzgMYgoJsA/mqdefault.jpg', 'width': 320, 'height': 180}, 'high': {'url': 'https://i.ytimg.com/vi/ANzgMYgoJsA/hqdefault.jpg', 'width': 480, 'height': 360}, 'standard': {'url': 'https://i.ytimg.com/vi/ANzgMYgoJsA/sddefault.jpg', 'width': 640, 'height': 480}, 'maxres': {'url': 'https://i.ytimg.com/vi/ANzgMYgoJsA/maxresdefault.jpg', 'width': 1280, 'height': 720}}, 'channelTitle': 'Louis Cao', 'playlistId': 'PLdydBfVeaGAZ9jWhIrrhqcQgwkUp6irJX', 'position': 55, 'resourceId': {'kind': 'youtube#video', 'videoId': 'ANzgMYgoJsA'}, 'videoOwnerChannelTitle': 'Dreamville', 'videoOwnerChannelId': 'UC9U8CIOx3nTimoKC8j0y-oA'}}
2026-05-12 22:19:19,509 - backend.services.youtube_service - INFO - Searching YouTube for: Tiramisu Don Toliver
2026-05-12 22:19:19,888 - backend.services.youtube_service - DEBUG - Found video ID: KlhuSz0HbcE
2026-05-12 22:19:19,888 - backend.services.youtube_service - INFO - Adding video KlhuSz0HbcE to playlist PLdydBfVeaGAZ9jWhIrrhqcQgwkUp6irJX
2026-05-12 22:19:20,112 - backend.services.youtube_service - DEBUG - Added video: {'kind': 'youtube#playlistItem', 'etag': 'jbt1Y232Ev0t6j5d83HC6Gc0KJY', 'id': 'UExkeWRCZlZlYUdBWjlqV2hJcnJocWNRZ3drVXA2aXJKWC5GNjAwN0Y0QTFGOTVDMEMy', 'snippet': {'publishedAt': '2026-05-13T02:19:19Z', 'channelId': 'UC4y2DnxkoJWE7ZQ05MHd8Tw', 'title': 'Don Toliver - Tiramisu [Official Music Video]', 'description': "Don Toliver - Tiramisu\n'TIRAMISU', OUT NOW! 🍰\nSTREAM/DL HERE: https://DonToliver.lnk.to/tiramisu \n\nSubscribe to Don’s YouTube channel: https://dontoliver.lnk.to/YTSubscribe\n\nFollow Don Toliver\nhttps://www.instagram.com/dontoliver\nhttps://www.tiktok.com/@dontolivermusic\nhttps://twitter.com/dontoliver\nhttps://soundcloud.com/dontoliver\nhttps://www.facebook.com/DonToliver/\n\n#DonToliver #Tiramisu #OfficialMusicVideo", 'thumbnails': {'default': {'url': 'https://i.ytimg.com/vi/KlhuSz0HbcE/default.jpg', 'width': 120, 'height': 90}, 'medium': {'url': 'https://i.ytimg.com/vi/KlhuSz0HbcE/mqdefault.jpg', 'width': 320, 'height': 180}, 'high': {'url': 'https://i.ytimg.com/vi/KlhuSz0HbcE/hqdefault.jpg', 'width': 480, 'height': 360}, 'standard': {'url': 'https://i.ytimg.com/vi/KlhuSz0HbcE/sddefault.jpg', 'width': 640, 'height': 480}, 'maxres': {'url': 'https://i.ytimg.com/vi/KlhuSz0HbcE/maxresdefault.jpg', 'width': 1280, 'height': 720}}, 'channelTitle': 'Louis Cao', 'playlistId': 'PLdydBfVeaGAZ9jWhIrrhqcQgwkUp6irJX', 'position': 56, 'resourceId': {'kind': 'youtube#video', 'videoId': 'KlhuSz0HbcE'}, 'videoOwnerChannelTitle': 'Don Toliver', 'videoOwnerChannelId': 'UCgT01FILdWB9BsXBXKjpQ7A'}}
2026-05-12 22:19:20,113 - backend.services.youtube_service - INFO - Searching YouTube for: The Hype Twenty One Pilots
2026-05-12 22:19:20,512 - backend.services.youtube_service - DEBUG - Found video ID: Io2hbcrAYBw
2026-05-12 22:19:20,513 - backend.services.youtube_service - INFO - Adding video Io2hbcrAYBw to playlist PLdydBfVeaGAZ9jWhIrrhqcQgwkUp6irJX
2026-05-12 22:19:20,719 - backend.services.youtube_service - DEBUG - Added video: {'kind': 'youtube#playlistItem', 'etag': 'nl9COLb0L-LWwKVhFSSNoW2RZRM', 'id': 'UExkeWRCZlZlYUdBWjlqV2hJcnJocWNRZ3drVXA2aXJKWC5CQkEwRDA0MDkwNUM2MDY1', 'snippet': {'publishedAt': '2026-05-13T02:19:20Z', 'channelId': 'UC4y2DnxkoJWE7ZQ05MHd8Tw', 'title': 'twenty one pilots: The Hype (Official Video)', 'description': 'twenty one pilots: The Hype (Official Video)\nofficial video for "The Hype" from the album \'TRENCH\' - available now on Fueled By Ramen.  \nStream / Download TRENCH: http://top.lnk.to/trench\n\nLYRICS\nSometimes I feel cold, even paralyzed,\nMy interior world needs to sanitize,\nI\'ve got to step through or I\'ll dissipate,\nI\'ll record my step through for my basement tapes.\n\nNice to know my kind will be on my side,\nI don\'t believe the hype.\nAnd you know you\'re a terrible sight,\nBut you\'ll be just fine,\nJust don\'t believe the hype.\n\nYeah they might be talking behind your head,\nYour exterior world can step off instead,\nIt might take some friends and a warmer shirt,\nBut you don\'t get thick skin without getting burnt.\n\nNo, I don\'t know which way I\'m going,\nBut I can hear my way around.\n\nSubscribe for more official content from twenty one pilots: https://top.lnk.to/subscribe \n\nSite: https://TOP.lnk.to/website\nStore: https://TOP.lnk.to/store\nSpotify: https://TOP.lnk.to/spotify\nApple Music: https://TOP.lnk.to/apple\nAmazon Music: https://TOP.lnk.to/amazon\nInstagram: https://TOP.lnk.to/instagram\nTwitter: https://TOP.lnk.to/twitter\nFacebook: https://TOP.lnk.to/facebook\nTikTok: https://TOP.lnk.to/tiktok\nYouTube: https://TOP.lnk.to/youtube\n\n#twentyonepilots #TheHype #Trench', 'thumbnails': {'default': {'url': 'https://i.ytimg.com/vi/Io2hbcrAYBw/default.jpg', 'width': 120, 'height': 90}, 'medium': {'url': 'https://i.ytimg.com/vi/Io2hbcrAYBw/mqdefault.jpg', 'width': 320, 'height': 180}, 'high': {'url': 'https://i.ytimg.com/vi/Io2hbcrAYBw/hqdefault.jpg', 'width': 480, 'height': 360}, 'standard': {'url': 'https://i.ytimg.com/vi/Io2hbcrAYBw/sddefault.jpg', 'width': 640, 'height': 480}, 'maxres': {'url': 'https://i.ytimg.com/vi/Io2hbcrAYBw/maxresdefault.jpg', 'width': 1280, 'height': 720}}, 'channelTitle': 'Louis Cao', 'playlistId': 'PLdydBfVeaGAZ9jWhIrrhqcQgwkUp6irJX', 'position': 57, 'resourceId': {'kind': 'youtube#video', 'videoId': 'Io2hbcrAYBw'}, 'videoOwnerChannelTitle': 'twenty one pilots', 'videoOwnerChannelId': 'UCBQZwaNPFfJ1gZ1fLZpAEGw'}}
2026-05-12 22:19:20,720 - backend.services.youtube_service - INFO - Searching YouTube for: Two High Moon Taxi
2026-05-12 22:19:21,240 - backend.services.youtube_service - DEBUG - Found video ID: v7gQRGhVGDE
2026-05-12 22:19:21,240 - backend.services.youtube_service - INFO - Adding video v7gQRGhVGDE to playlist PLdydBfVeaGAZ9jWhIrrhqcQgwkUp6irJX
2026-05-12 22:19:21,278 - backend.services.youtube_service - ERROR - Failed to add video to playlist: <HttpError 403 when requesting https://youtube.googleapis.com/youtube/v3/playlistItems?part=snippet&alt=json returned "The request cannot be completed because you have exceeded your <a href="/youtube/v3/getting-started#quota">quota</a>.". Details: "[{'message': 'The request cannot be completed because you have exceeded your <a href="/youtube/v3/getting-started#quota">quota</a>.', 'domain': 'youtube.quota', 'reason': 'quotaExceeded'}]">
2026-05-12 22:19:21,279 - backend.services.youtube_service - INFO - Searching YouTube for: Excavate (feat. Saint Claire) Macklemore
2026-05-12 22:19:21,397 - backend.services.youtube_service - ERROR - Failed to search video: <HttpError 403 when requesting https://youtube.googleapis.com/youtube/v3/search?part=snippet&q=Excavate+%28feat.+Saint+Claire%29+Macklemore&type=video&maxResults=1&alt=json returned "The request cannot be completed because you have exceeded your <a href="/youtube/v3/getting-started#quota">quota</a>.". Details: "[{'message': 'The request cannot be completed because you have exceeded your <a href="/youtube/v3/getting-started#quota">quota</a>.', 'domain': 'youtube.quota', 'reason': 'quotaExceeded'}]">
2026-05-12 22:19:21,397 - backend.services.youtube_service - INFO - Searching YouTube for: Heavenly Maybe Gengahr
2026-05-12 22:19:21,445 - backend.services.youtube_service - ERROR - Failed to search video: <HttpError 403 when requesting https://youtube.googleapis.com/youtube/v3/search?part=snippet&q=Heavenly+Maybe+Gengahr&type=video&maxResults=1&alt=json returned "The request cannot be completed because you have exceeded your <a href="/youtube/v3/getting-started#quota">quota</a>.". Details: "[{'message': 'The request cannot be completed because you have exceeded your <a href="/youtube/v3/getting-started#quota">quota</a>.', 'domain': 'youtube.quota', 'reason': 'quotaExceeded'}]">
2026-05-12 22:19:21,445 - backend.services.youtube_service - INFO - Searching YouTube for: Let's Go Back Jungle
2026-05-12 22:19:21,481 - backend.services.youtube_service - ERROR - Failed to search video: <HttpError 403 when requesting https://youtube.googleapis.com/youtube/v3/search?part=snippet&q=Let%27s+Go+Back+Jungle&type=video&maxResults=1&alt=json returned "The request cannot be completed because you have exceeded your <a href="/youtube/v3/getting-started#quota">quota</a>.". Details: "[{'message': 'The request cannot be completed because you have exceeded your <a href="/youtube/v3/getting-started#quota">quota</a>.', 'domain': 'youtube.quota', 'reason': 'quotaExceeded'}]">
2026-05-12 22:19:21,482 - backend.services.youtube_service - INFO - Searching YouTube for: Keep Moving Jungle
2026-05-12 22:19:21,944 - backend.services.youtube_service - DEBUG - Found video ID: 7-lWzQd_xeQ
2026-05-12 22:19:21,944 - backend.services.youtube_service - INFO - Adding video 7-lWzQd_xeQ to playlist PLdydBfVeaGAZ9jWhIrrhqcQgwkUp6irJX
2026-05-12 22:19:21,976 - backend.services.youtube_service - ERROR - Failed to add video to playlist: <HttpError 403 when requesting https://youtube.googleapis.com/youtube/v3/playlistItems?part=snippet&alt=json returned "The request cannot be completed because you have exceeded your <a href="/youtube/v3/getting-started#quota">quota</a>.". Details: "[{'message': 'The request cannot be completed because you have exceeded your <a href="/youtube/v3/getting-started#quota">quota</a>.', 'domain': 'youtube.quota', 'reason': 'quotaExceeded'}]">
2026-05-12 22:19:21,977 - backend.services.youtube_service - INFO - Searching YouTube for: Save Tonight Eagle-Eye Cherry
2026-05-12 22:19:22,008 - backend.services.youtube_service - ERROR - Failed to search video: <HttpError 403 when requesting https://youtube.googleapis.com/youtube/v3/search?part=snippet&q=Save+Tonight+Eagle-Eye+Cherry&type=video&maxResults=1&alt=json returned "The request cannot be completed because you have exceeded your <a href="/youtube/v3/getting-started#quota">quota</a>.". Details: "[{'message': 'The request cannot be completed because you have exceeded your <a href="/youtube/v3/getting-started#quota">quota</a>.', 'domain': 'youtube.quota', 'reason': 'quotaExceeded'}]">
2026-05-12 22:19:22,008 - backend.services.youtube_service - INFO - Searching YouTube for: Sadie Goth Babe
2026-05-12 22:19:22,049 - backend.services.youtube_service - ERROR - Failed to search video: <HttpError 403 when requesting https://youtube.googleapis.com/youtube/v3/search?part=snippet&q=Sadie+Goth+Babe&type=video&maxResults=1&alt=json returned "The request cannot be completed because you have exceeded your <a href="/youtube/v3/getting-started#quota">quota</a>.". Details: "[{'message': 'The request cannot be completed because you have exceeded your <a href="/youtube/v3/getting-started#quota">quota</a>.', 'domain': 'youtube.quota', 'reason': 'quotaExceeded'}]">
2026-05-12 22:19:22,049 - backend.services.youtube_service - INFO - Searching YouTube for: Evergreen (feat. Caamp) Richy Mitch & The Coal Miners
2026-05-12 22:19:22,354 - backend.services.youtube_service - DEBUG - Found video ID: YrkPp-TwQk4
2026-05-12 22:19:22,355 - backend.services.youtube_service - INFO - Adding video YrkPp-TwQk4 to playlist PLdydBfVeaGAZ9jWhIrrhqcQgwkUp6irJX
2026-05-12 22:19:22,396 - backend.services.youtube_service - ERROR - Failed to add video to playlist: <HttpError 403 when requesting https://youtube.googleapis.com/youtube/v3/playlistItems?part=snippet&alt=json returned "The request cannot be completed because you have exceeded your <a href="/youtube/v3/getting-started#quota">quota</a>.". Details: "[{'message': 'The request cannot be completed because you have exceeded your <a href="/youtube/v3/getting-started#quota">quota</a>.', 'domain': 'youtube.quota', 'reason': 'quotaExceeded'}]">
2026-05-12 22:19:22,397 - backend.services.youtube_service - INFO - Searching YouTube for: Clouds BUNT.
2026-05-12 22:19:22,430 - backend.services.youtube_service - ERROR - Failed to search video: <HttpError 403 when requesting https://youtube.googleapis.com/youtube/v3/search?part=snippet&q=Clouds+BUNT.&type=video&maxResults=1&alt=json returned "The request cannot be completed because you have exceeded your <a href="/youtube/v3/getting-started#quota">quota</a>.". Details: "[{'message': 'The request cannot be completed because you have exceeded your <a href="/youtube/v3/getting-started#quota">quota</a>.', 'domain': 'youtube.quota', 'reason': 'quotaExceeded'}]">
2026-05-12 22:19:22,430 - backend.services.youtube_service - INFO - Searching YouTube for: Maple Syrup The Backseat Lovers
2026-05-12 22:19:22,462 - backend.services.youtube_service - ERROR - Failed to search video: <HttpError 403 when requesting https://youtube.googleapis.com/youtube/v3/search?part=snippet&q=Maple+Syrup+The+Backseat+Lovers&type=video&maxResults=1&alt=json returned "The request cannot be completed because you have exceeded your <a href="/youtube/v3/getting-started#quota">quota</a>.". Details: "[{'message': 'The request cannot be completed because you have exceeded your <a href="/youtube/v3/getting-started#quota">quota</a>.', 'domain': 'youtube.quota', 'reason': 'quotaExceeded'}]">
2026-05-12 22:19:22,463 - backend.services.youtube_service - INFO - Searching YouTube for: Snap Out Of It Arctic Monkeys
2026-05-12 22:19:22,496 - backend.services.youtube_service - ERROR - Failed to search video: <HttpError 403 when requesting https://youtube.googleapis.com/youtube/v3/search?part=snippet&q=Snap+Out+Of+It+Arctic+Monkeys&type=video&maxResults=1&alt=json returned "The request cannot be completed because you have exceeded your <a href="/youtube/v3/getting-started#quota">quota</a>.". Details: "[{'message': 'The request cannot be completed because you have exceeded your <a href="/youtube/v3/getting-started#quota">quota</a>.', 'domain': 'youtube.quota', 'reason': 'quotaExceeded'}]">
2026-05-12 22:19:22,497 - backend.services.youtube_service - INFO - Searching YouTube for: Scar Tissue Red Hot Chili Peppers
2026-05-12 22:19:22,530 - backend.services.youtube_service - ERROR - Failed to search video: <HttpError 403 when requesting https://youtube.googleapis.com/youtube/v3/search?part=snippet&q=Scar+Tissue+Red+Hot+Chili+Peppers&type=video&maxResults=1&alt=json returned "The request cannot be completed because you have exceeded your <a href="/youtube/v3/getting-started#quota">quota</a>.". Details: "[{'message': 'The request cannot be completed because you have exceeded your <a href="/youtube/v3/getting-started#quota">quota</a>.', 'domain': 'youtube.quota', 'reason': 'quotaExceeded'}]">
2026-05-12 22:19:22,530 - backend.services.youtube_service - INFO - Searching YouTube for: Live Well Palace
2026-05-12 22:19:22,578 - backend.services.youtube_service - ERROR - Failed to search video: <HttpError 403 when requesting https://youtube.googleapis.com/youtube/v3/search?part=snippet&q=Live+Well+Palace&type=video&maxResults=1&alt=json returned "The request cannot be completed because you have exceeded your <a href="/youtube/v3/getting-started#quota">quota</a>.". Details: "[{'message': 'The request cannot be completed because you have exceeded your <a href="/youtube/v3/getting-started#quota">quota</a>.', 'domain': 'youtube.quota', 'reason': 'quotaExceeded'}]">
2026-05-12 22:19:22,578 - backend.services.youtube_service - INFO - Searching YouTube for: In the Meantime Spacehog
2026-05-12 22:19:22,644 - backend.services.youtube_service - ERROR - Failed to search video: <HttpError 403 when requesting https://youtube.googleapis.com/youtube/v3/search?part=snippet&q=In+the+Meantime+Spacehog&type=video&maxResults=1&alt=json returned "The request cannot be completed because you have exceeded your <a href="/youtube/v3/getting-started#quota">quota</a>.". Details: "[{'message': 'The request cannot be completed because you have exceeded your <a href="/youtube/v3/getting-started#quota">quota</a>.', 'domain': 'youtube.quota', 'reason': 'quotaExceeded'}]">
2026-05-12 22:19:22,645 - backend.services.youtube_service - INFO - Searching YouTube for: Sober P!nk
2026-05-12 22:19:22,693 - backend.services.youtube_service - ERROR - Failed to search video: <HttpError 403 when requesting https://youtube.googleapis.com/youtube/v3/search?part=snippet&q=Sober+P%21nk&type=video&maxResults=1&alt=json returned "The request cannot be completed because you have exceeded your <a href="/youtube/v3/getting-started#quota">quota</a>.". Details: "[{'message': 'The request cannot be completed because you have exceeded your <a href="/youtube/v3/getting-started#quota">quota</a>.', 'domain': 'youtube.quota', 'reason': 'quotaExceeded'}]">
2026-05-12 22:19:22,694 - backend.services.youtube_service - INFO - Searching YouTube for: Foreplay Jalen Santoy
2026-05-12 22:19:22,767 - backend.services.youtube_service - ERROR - Failed to search video: <HttpError 403 when requesting https://youtube.googleapis.com/youtube/v3/search?part=snippet&q=Foreplay+Jalen+Santoy&type=video&maxResults=1&alt=json returned "The request cannot be completed because you have exceeded your <a href="/youtube/v3/getting-started#quota">quota</a>.". Details: "[{'message': 'The request cannot be completed because you have exceeded your <a href="/youtube/v3/getting-started#quota">quota</a>.', 'domain': 'youtube.quota', 'reason': 'quotaExceeded'}]">
2026-05-12 22:19:22,768 - backend.services.youtube_service - INFO - Searching YouTube for: Stay For A While Victor Ray
2026-05-12 22:19:22,821 - backend.services.youtube_service - ERROR - Failed to search video: <HttpError 403 when requesting https://youtube.googleapis.com/youtube/v3/search?part=snippet&q=Stay+For+A+While+Victor+Ray&type=video&maxResults=1&alt=json returned "The request cannot be completed because you have exceeded your <a href="/youtube/v3/getting-started#quota">quota</a>.". Details: "[{'message': 'The request cannot be completed because you have exceeded your <a href="/youtube/v3/getting-started#quota">quota</a>.', 'domain': 'youtube.quota', 'reason': 'quotaExceeded'}]">
2026-05-12 22:19:22,822 - backend.services.youtube_service - INFO - Searching YouTube for: London Mackenzy Mackay
2026-05-12 22:19:22,873 - backend.services.youtube_service - ERROR - Failed to search video: <HttpError 403 when requesting https://youtube.googleapis.com/youtube/v3/search?part=snippet&q=London+Mackenzy+Mackay&type=video&maxResults=1&alt=json returned "The request cannot be completed because you have exceeded your <a href="/youtube/v3/getting-started#quota">quota</a>.". Details: "[{'message': 'The request cannot be completed because you have exceeded your <a href="/youtube/v3/getting-started#quota">quota</a>.', 'domain': 'youtube.quota', 'reason': 'quotaExceeded'}]">
2026-05-12 22:19:22,873 - backend.services.youtube_service - INFO - Searching YouTube for: Stockholm Chillide
2026-05-12 22:19:22,914 - backend.services.youtube_service - ERROR - Failed to search video: <HttpError 403 when requesting https://youtube.googleapis.com/youtube/v3/search?part=snippet&q=Stockholm+Chillide&type=video&maxResults=1&alt=json returned "The request cannot be completed because you have exceeded your <a href="/youtube/v3/getting-started#quota">quota</a>.". Details: "[{'message': 'The request cannot be completed because you have exceeded your <a href="/youtube/v3/getting-started#quota">quota</a>.', 'domain': 'youtube.quota', 'reason': 'quotaExceeded'}]">
2026-05-12 22:19:22,914 - backend.services.youtube_service - INFO - Searching YouTube for: Don't Wanna Fight Alabama Shakes
2026-05-12 22:19:23,043 - backend.services.youtube_service - ERROR - Failed to search video: <HttpError 403 when requesting https://youtube.googleapis.com/youtube/v3/search?part=snippet&q=Don%27t+Wanna+Fight+Alabama+Shakes&type=video&maxResults=1&alt=json returned "The request cannot be completed because you have exceeded your <a href="/youtube/v3/getting-started#quota">quota</a>.". Details: "[{'message': 'The request cannot be completed because you have exceeded your <a href="/youtube/v3/getting-started#quota">quota</a>.', 'domain': 'youtube.quota', 'reason': 'quotaExceeded'}]">
2026-05-12 22:19:23,044 - backend.services.youtube_service - INFO - Searching YouTube for: Mary Jane's Last Dance Tom Petty and the Heartbreakers
2026-05-12 22:19:23,154 - backend.services.youtube_service - ERROR - Failed to search video: <HttpError 403 when requesting https://youtube.googleapis.com/youtube/v3/search?part=snippet&q=Mary+Jane%27s+Last+Dance+Tom+Petty+and+the+Heartbreakers&type=video&maxResults=1&alt=json returned "The request cannot be completed because you have exceeded your <a href="/youtube/v3/getting-started#quota">quota</a>.". Details: "[{'message': 'The request cannot be completed because you have exceeded your <a href="/youtube/v3/getting-started#quota">quota</a>.', 'domain': 'youtube.quota', 'reason': 'quotaExceeded'}]">
2026-05-12 22:19:23,155 - backend.services.youtube_service - INFO - Searching YouTube for: Everlong Foo Fighters
2026-05-12 22:19:23,185 - backend.services.youtube_service - ERROR - Failed to search video: <HttpError 403 when requesting https://youtube.googleapis.com/youtube/v3/search?part=snippet&q=Everlong+Foo+Fighters&type=video&maxResults=1&alt=json returned "The request cannot be completed because you have exceeded your <a href="/youtube/v3/getting-started#quota">quota</a>.". Details: "[{'message': 'The request cannot be completed because you have exceeded your <a href="/youtube/v3/getting-started#quota">quota</a>.', 'domain': 'youtube.quota', 'reason': 'quotaExceeded'}]">
2026-05-12 22:19:23,186 - backend.services.youtube_service - INFO - Searching YouTube for: New Person, Same Old Mistakes Tame Impala
2026-05-12 22:19:23,218 - backend.services.youtube_service - ERROR - Failed to search video: <HttpError 403 when requesting https://youtube.googleapis.com/youtube/v3/search?part=snippet&q=New+Person%2C+Same+Old+Mistakes+Tame+Impala&type=video&maxResults=1&alt=json returned "The request cannot be completed because you have exceeded your <a href="/youtube/v3/getting-started#quota">quota</a>.". Details: "[{'message': 'The request cannot be completed because you have exceeded your <a href="/youtube/v3/getting-started#quota">quota</a>.', 'domain': 'youtube.quota', 'reason': 'quotaExceeded'}]">
2026-05-12 22:19:23,219 - backend.services.youtube_service - INFO - Searching YouTube for: Rock with You - Single Version Michael Jackson
2026-05-12 22:19:23,312 - backend.services.youtube_service - ERROR - Failed to search video: <HttpError 403 when requesting https://youtube.googleapis.com/youtube/v3/search?part=snippet&q=Rock+with+You+-+Single+Version+Michael+Jackson&type=video&maxResults=1&alt=json returned "The request cannot be completed because you have exceeded your <a href="/youtube/v3/getting-started#quota">quota</a>.". Details: "[{'message': 'The request cannot be completed because you have exceeded your <a href="/youtube/v3/getting-started#quota">quota</a>.', 'domain': 'youtube.quota', 'reason': 'quotaExceeded'}]">
2026-05-12 22:19:23,313 - backend.services.youtube_service - INFO - Searching YouTube for: Still Dreaming Nas
2026-05-12 22:19:23,395 - backend.services.youtube_service - ERROR - Failed to search video: <HttpError 403 when requesting https://youtube.googleapis.com/youtube/v3/search?part=snippet&q=Still+Dreaming+Nas&type=video&maxResults=1&alt=json returned "The request cannot be completed because you have exceeded your <a href="/youtube/v3/getting-started#quota">quota</a>.". Details: "[{'message': 'The request cannot be completed because you have exceeded your <a href="/youtube/v3/getting-started#quota">quota</a>.', 'domain': 'youtube.quota', 'reason': 'quotaExceeded'}]">
2026-05-12 22:19:23,396 - backend.services.youtube_service - INFO - Searching YouTube for: 20 Min Lil Uzi Vert
2026-05-12 22:19:23,435 - backend.services.youtube_service - ERROR - Failed to search video: <HttpError 403 when requesting https://youtube.googleapis.com/youtube/v3/search?part=snippet&q=20+Min+Lil+Uzi+Vert&type=video&maxResults=1&alt=json returned "The request cannot be completed because you have exceeded your <a href="/youtube/v3/getting-started#quota">quota</a>.". Details: "[{'message': 'The request cannot be completed because you have exceeded your <a href="/youtube/v3/getting-started#quota">quota</a>.', 'domain': 'youtube.quota', 'reason': 'quotaExceeded'}]">
2026-05-12 22:19:23,435 - backend.services.youtube_service - INFO - Searching YouTube for: Walking The Wire Imagine Dragons
2026-05-12 22:19:23,505 - backend.services.youtube_service - ERROR - Failed to search video: <HttpError 403 when requesting https://youtube.googleapis.com/youtube/v3/search?part=snippet&q=Walking+The+Wire+Imagine+Dragons&type=video&maxResults=1&alt=json returned "The request cannot be completed because you have exceeded your <a href="/youtube/v3/getting-started#quota">quota</a>.". Details: "[{'message': 'The request cannot be completed because you have exceeded your <a href="/youtube/v3/getting-started#quota">quota</a>.', 'domain': 'youtube.quota', 'reason': 'quotaExceeded'}]">
2026-05-12 22:19:23,506 - backend.services.youtube_service - INFO - Searching YouTube for: In My Place Coldplay
2026-05-12 22:19:23,556 - backend.services.youtube_service - ERROR - Failed to search video: <HttpError 403 when requesting https://youtube.googleapis.com/youtube/v3/search?part=snippet&q=In+My+Place+Coldplay&type=video&maxResults=1&alt=json returned "The request cannot be completed because you have exceeded your <a href="/youtube/v3/getting-started#quota">quota</a>.". Details: "[{'message': 'The request cannot be completed because you have exceeded your <a href="/youtube/v3/getting-started#quota">quota</a>.', 'domain': 'youtube.quota', 'reason': 'quotaExceeded'}]">
2026-05-12 22:19:23,557 - backend.services.youtube_service - INFO - Searching YouTube for: The Funeral Band of Horses
2026-05-12 22:19:23,626 - backend.services.youtube_service - ERROR - Failed to search video: <HttpError 403 when requesting https://youtube.googleapis.com/youtube/v3/search?part=snippet&q=The+Funeral+Band+of+Horses&type=video&maxResults=1&alt=json returned "The request cannot be completed because you have exceeded your <a href="/youtube/v3/getting-started#quota">quota</a>.". Details: "[{'message': 'The request cannot be completed because you have exceeded your <a href="/youtube/v3/getting-started#quota">quota</a>.', 'domain': 'youtube.quota', 'reason': 'quotaExceeded'}]">
2026-05-12 22:19:23,627 - backend.services.youtube_service - INFO - Searching YouTube for: Team Lorde
2026-05-12 22:19:23,680 - backend.services.youtube_service - ERROR - Failed to search video: <HttpError 403 when requesting https://youtube.googleapis.com/youtube/v3/search?part=snippet&q=Team+Lorde&type=video&maxResults=1&alt=json returned "The request cannot be completed because you have exceeded your <a href="/youtube/v3/getting-started#quota">quota</a>.". Details: "[{'message': 'The request cannot be completed because you have exceeded your <a href="/youtube/v3/getting-started#quota">quota</a>.', 'domain': 'youtube.quota', 'reason': 'quotaExceeded'}]">
2026-05-12 22:19:23,681 - backend.services.youtube_service - INFO - Searching YouTube for: Ink Coldplay
2026-05-12 22:19:23,713 - backend.services.youtube_service - ERROR - Failed to search video: <HttpError 403 when requesting https://youtube.googleapis.com/youtube/v3/search?part=snippet&q=Ink+Coldplay&type=video&maxResults=1&alt=json returned "The request cannot be completed because you have exceeded your <a href="/youtube/v3/getting-started#quota">quota</a>.". Details: "[{'message': 'The request cannot be completed because you have exceeded your <a href="/youtube/v3/getting-started#quota">quota</a>.', 'domain': 'youtube.quota', 'reason': 'quotaExceeded'}]">
2026-05-12 22:19:23,713 - backend.services.youtube_service - INFO - Searching YouTube for: Nice To Meet You Myles Smith
2026-05-12 22:19:23,744 - backend.services.youtube_service - ERROR - Failed to search video: <HttpError 403 when requesting https://youtube.googleapis.com/youtube/v3/search?part=snippet&q=Nice+To+Meet+You+Myles+Smith&type=video&maxResults=1&alt=json returned "The request cannot be completed because you have exceeded your <a href="/youtube/v3/getting-started#quota">quota</a>.". Details: "[{'message': 'The request cannot be completed because you have exceeded your <a href="/youtube/v3/getting-started#quota">quota</a>.', 'domain': 'youtube.quota', 'reason': 'quotaExceeded'}]">
2026-05-12 22:19:23,744 - backend.services.youtube_service - INFO - Searching YouTube for: From Gold Novo Amor
2026-05-12 22:19:23,781 - backend.services.youtube_service - ERROR - Failed to search video: <HttpError 403 when requesting https://youtube.googleapis.com/youtube/v3/search?part=snippet&q=From+Gold+Novo+Amor&type=video&maxResults=1&alt=json returned "The request cannot be completed because you have exceeded your <a href="/youtube/v3/getting-started#quota">quota</a>.". Details: "[{'message': 'The request cannot be completed because you have exceeded your <a href="/youtube/v3/getting-started#quota">quota</a>.', 'domain': 'youtube.quota', 'reason': 'quotaExceeded'}]">
2026-05-12 22:19:23,781 - backend.services.youtube_service - INFO - Searching YouTube for: Saturday Nights Khalid
2026-05-12 22:19:23,812 - backend.services.youtube_service - ERROR - Failed to search video: <HttpError 403 when requesting https://youtube.googleapis.com/youtube/v3/search?part=snippet&q=Saturday+Nights+Khalid&type=video&maxResults=1&alt=json returned "The request cannot be completed because you have exceeded your <a href="/youtube/v3/getting-started#quota">quota</a>.". Details: "[{'message': 'The request cannot be completed because you have exceeded your <a href="/youtube/v3/getting-started#quota">quota</a>.', 'domain': 'youtube.quota', 'reason': 'quotaExceeded'}]">
2026-05-12 22:19:23,813 - backend.services.youtube_service - INFO - Searching YouTube for: on one tonight Gunna
2026-05-12 22:19:23,865 - backend.services.youtube_service - ERROR - Failed to search video: <HttpError 403 when requesting https://youtube.googleapis.com/youtube/v3/search?part=snippet&q=on+one+tonight+Gunna&type=video&maxResults=1&alt=json returned "The request cannot be completed because you have exceeded your <a href="/youtube/v3/getting-started#quota">quota</a>.". Details: "[{'message': 'The request cannot be completed because you have exceeded your <a href="/youtube/v3/getting-started#quota">quota</a>.', 'domain': 'youtube.quota', 'reason': 'quotaExceeded'}]">
2026-05-12 22:19:23,865 - backend.services.youtube_service - INFO - Searching YouTube for: Everyday (feat. Rod Stewart, Miguel & Mark Ronson) A$AP Rocky
2026-05-12 22:19:23,906 - backend.services.youtube_service - ERROR - Failed to search video: <HttpError 403 when requesting https://youtube.googleapis.com/youtube/v3/search?part=snippet&q=Everyday+%28feat.+Rod+Stewart%2C+Miguel+%26+Mark+Ronson%29+A%24AP+Rocky&type=video&maxResults=1&alt=json returned "The request cannot be completed because you have exceeded your <a href="/youtube/v3/getting-started#quota">quota</a>.". Details: "[{'message': 'The request cannot be completed because you have exceeded your <a href="/youtube/v3/getting-started#quota">quota</a>.', 'domain': 'youtube.quota', 'reason': 'quotaExceeded'}]">
2026-05-12 22:19:23,906 - backend.services.youtube_service - INFO - Searching YouTube for: 16 Baby Keem
2026-05-12 22:19:23,953 - backend.services.youtube_service - ERROR - Failed to search video: <HttpError 403 when requesting https://youtube.googleapis.com/youtube/v3/search?part=snippet&q=16+Baby+Keem&type=video&maxResults=1&alt=json returned "The request cannot be completed because you have exceeded your <a href="/youtube/v3/getting-started#quota">quota</a>.". Details: "[{'message': 'The request cannot be completed because you have exceeded your <a href="/youtube/v3/getting-started#quota">quota</a>.', 'domain': 'youtube.quota', 'reason': 'quotaExceeded'}]">
2026-05-12 22:19:23,953 - backend.services.youtube_service - INFO - Searching YouTube for: Coming Home Leon Bridges
2026-05-12 22:19:24,021 - backend.services.youtube_service - ERROR - Failed to search video: <HttpError 403 when requesting https://youtube.googleapis.com/youtube/v3/search?part=snippet&q=Coming+Home+Leon+Bridges&type=video&maxResults=1&alt=json returned "The request cannot be completed because you have exceeded your <a href="/youtube/v3/getting-started#quota">quota</a>.". Details: "[{'message': 'The request cannot be completed because you have exceeded your <a href="/youtube/v3/getting-started#quota">quota</a>.', 'domain': 'youtube.quota', 'reason': 'quotaExceeded'}]">
2026-05-12 22:19:24,022 - backend.services.youtube_service - INFO - Searching YouTube for: Paradise - Live in Buenos Aires Coldplay
2026-05-12 22:19:24,091 - backend.services.youtube_service - ERROR - Failed to search video: <HttpError 403 when requesting https://youtube.googleapis.com/youtube/v3/search?part=snippet&q=Paradise+-+Live+in+Buenos+Aires+Coldplay&type=video&maxResults=1&alt=json returned "The request cannot be completed because you have exceeded your <a href="/youtube/v3/getting-started#quota">quota</a>.". Details: "[{'message': 'The request cannot be completed because you have exceeded your <a href="/youtube/v3/getting-started#quota">quota</a>.', 'domain': 'youtube.quota', 'reason': 'quotaExceeded'}]">
2026-05-12 22:19:24,092 - backend.services.youtube_service - INFO - Searching YouTube for: Sunday Bloody Sunday - Remastered 2008 U2
2026-05-12 22:19:24,142 - backend.services.youtube_service - ERROR - Failed to search video: <HttpError 403 when requesting https://youtube.googleapis.com/youtube/v3/search?part=snippet&q=Sunday+Bloody+Sunday+-+Remastered+2008+U2&type=video&maxResults=1&alt=json returned "The request cannot be completed because you have exceeded your <a href="/youtube/v3/getting-started#quota">quota</a>.". Details: "[{'message': 'The request cannot be completed because you have exceeded your <a href="/youtube/v3/getting-started#quota">quota</a>.', 'domain': 'youtube.quota', 'reason': 'quotaExceeded'}]">
2026-05-12 22:19:24,143 - backend.services.youtube_service - INFO - Searching YouTube for: Fake It Til You Make It DREAMERS
2026-05-12 22:19:24,173 - backend.services.youtube_service - ERROR - Failed to search video: <HttpError 403 when requesting https://youtube.googleapis.com/youtube/v3/search?part=snippet&q=Fake+It+Til+You+Make+It+DREAMERS&type=video&maxResults=1&alt=json returned "The request cannot be completed because you have exceeded your <a href="/youtube/v3/getting-started#quota">quota</a>.". Details: "[{'message': 'The request cannot be completed because you have exceeded your <a href="/youtube/v3/getting-started#quota">quota</a>.', 'domain': 'youtube.quota', 'reason': 'quotaExceeded'}]">
2026-05-12 22:19:24,174 - backend.services.youtube_service - INFO - Searching YouTube for: The Legend Begins Marc Streitenfeld
2026-05-12 22:19:24,239 - backend.services.youtube_service - ERROR - Failed to search video: <HttpError 403 when requesting https://youtube.googleapis.com/youtube/v3/search?part=snippet&q=The+Legend+Begins+Marc+Streitenfeld&type=video&maxResults=1&alt=json returned "The request cannot be completed because you have exceeded your <a href="/youtube/v3/getting-started#quota">quota</a>.". Details: "[{'message': 'The request cannot be completed because you have exceeded your <a href="/youtube/v3/getting-started#quota">quota</a>.', 'domain': 'youtube.quota', 'reason': 'quotaExceeded'}]">
2026-05-12 22:19:24,240 - backend.services.youtube_service - INFO - Searching YouTube for: Rey's Theme John Williams
2026-05-12 22:19:24,357 - backend.services.youtube_service - ERROR - Failed to search video: <HttpError 403 when requesting https://youtube.googleapis.com/youtube/v3/search?part=snippet&q=Rey%27s+Theme+John+Williams&type=video&maxResults=1&alt=json returned "The request cannot be completed because you have exceeded your <a href="/youtube/v3/getting-started#quota">quota</a>.". Details: "[{'message': 'The request cannot be completed because you have exceeded your <a href="/youtube/v3/getting-started#quota">quota</a>.', 'domain': 'youtube.quota', 'reason': 'quotaExceeded'}]">
2026-05-12 22:19:24,357 - backend.services.youtube_service - INFO - Searching YouTube for: Across the Stars (Love Theme from "Star Wars: Attack of the Clones") John Williams
2026-05-12 22:19:24,427 - backend.services.youtube_service - ERROR - Failed to search video: <HttpError 403 when requesting https://youtube.googleapis.com/youtube/v3/search?part=snippet&q=Across+the+Stars+%28Love+Theme+from+%22Star+Wars%3A+Attack+of+the+Clones%22%29+John+Williams&type=video&maxResults=1&alt=json returned "The request cannot be completed because you have exceeded your <a href="/youtube/v3/getting-started#quota">quota</a>.". Details: "[{'message': 'The request cannot be completed because you have exceeded your <a href="/youtube/v3/getting-started#quota">quota</a>.', 'domain': 'youtube.quota', 'reason': 'quotaExceeded'}]">
2026-05-12 22:19:24,427 - backend.services.youtube_service - INFO - Searching YouTube for: Cold Little Heart - Radio Edit Michael Kiwanuka
2026-05-12 22:19:24,457 - backend.services.youtube_service - ERROR - Failed to search video: <HttpError 403 when requesting https://youtube.googleapis.com/youtube/v3/search?part=snippet&q=Cold+Little+Heart+-+Radio+Edit+Michael+Kiwanuka&type=video&maxResults=1&alt=json returned "The request cannot be completed because you have exceeded your <a href="/youtube/v3/getting-started#quota">quota</a>.". Details: "[{'message': 'The request cannot be completed because you have exceeded your <a href="/youtube/v3/getting-started#quota">quota</a>.', 'domain': 'youtube.quota', 'reason': 'quotaExceeded'}]">
2026-05-12 22:19:24,457 - backend.services.youtube_service - INFO - Searching YouTube for: Black Moon Rising Black Pumas
2026-05-12 22:19:24,584 - backend.services.youtube_service - ERROR - Failed to search video: <HttpError 403 when requesting https://youtube.googleapis.com/youtube/v3/search?part=snippet&q=Black+Moon+Rising+Black+Pumas&type=video&maxResults=1&alt=json returned "The request cannot be completed because you have exceeded your <a href="/youtube/v3/getting-started#quota">quota</a>.". Details: "[{'message': 'The request cannot be completed because you have exceeded your <a href="/youtube/v3/getting-started#quota">quota</a>.', 'domain': 'youtube.quota', 'reason': 'quotaExceeded'}]">
2026-05-12 22:19:24,584 - backend.services.youtube_service - INFO - Searching YouTube for: De Selby (Part 2) Hozier
2026-05-12 22:19:24,633 - backend.services.youtube_service - ERROR - Failed to search video: <HttpError 403 when requesting https://youtube.googleapis.com/youtube/v3/search?part=snippet&q=De+Selby+%28Part+2%29+Hozier&type=video&maxResults=1&alt=json returned "The request cannot be completed because you have exceeded your <a href="/youtube/v3/getting-started#quota">quota</a>.". Details: "[{'message': 'The request cannot be completed because you have exceeded your <a href="/youtube/v3/getting-started#quota">quota</a>.', 'domain': 'youtube.quota', 'reason': 'quotaExceeded'}]">
2026-05-12 22:19:24,633 - backend.services.youtube_service - INFO - Searching YouTube for: One More Night Michael Kiwanuka
2026-05-12 22:19:24,672 - backend.services.youtube_service - ERROR - Failed to search video: <HttpError 403 when requesting https://youtube.googleapis.com/youtube/v3/search?part=snippet&q=One+More+Night+Michael+Kiwanuka&type=video&maxResults=1&alt=json returned "The request cannot be completed because you have exceeded your <a href="/youtube/v3/getting-started#quota">quota</a>.". Details: "[{'message': 'The request cannot be completed because you have exceeded your <a href="/youtube/v3/getting-started#quota">quota</a>.', 'domain': 'youtube.quota', 'reason': 'quotaExceeded'}]">
2026-05-12 22:19:24,673 - backend.services.youtube_service - INFO - Searching YouTube for: Snowman Sia
2026-05-12 22:19:24,723 - backend.services.youtube_service - ERROR - Failed to search video: <HttpError 403 when requesting https://youtube.googleapis.com/youtube/v3/search?part=snippet&q=Snowman+Sia&type=video&maxResults=1&alt=json returned "The request cannot be completed because you have exceeded your <a href="/youtube/v3/getting-started#quota">quota</a>.". Details: "[{'message': 'The request cannot be completed because you have exceeded your <a href="/youtube/v3/getting-started#quota">quota</a>.', 'domain': 'youtube.quota', 'reason': 'quotaExceeded'}]">
2026-05-12 22:19:24,724 - backend.services.youtube_service - INFO - Searching YouTube for: High No More Hajaj
2026-05-12 22:19:24,755 - backend.services.youtube_service - ERROR - Failed to search video: <HttpError 403 when requesting https://youtube.googleapis.com/youtube/v3/search?part=snippet&q=High+No+More+Hajaj&type=video&maxResults=1&alt=json returned "The request cannot be completed because you have exceeded your <a href="/youtube/v3/getting-started#quota">quota</a>.". Details: "[{'message': 'The request cannot be completed because you have exceeded your <a href="/youtube/v3/getting-started#quota">quota</a>.', 'domain': 'youtube.quota', 'reason': 'quotaExceeded'}]">
2026-05-12 22:19:24,756 - backend.services.youtube_service - INFO - Searching YouTube for: Colors Black Pumas
2026-05-12 22:19:24,804 - backend.services.youtube_service - ERROR - Failed to search video: <HttpError 403 when requesting https://youtube.googleapis.com/youtube/v3/search?part=snippet&q=Colors+Black+Pumas&type=video&maxResults=1&alt=json returned "The request cannot be completed because you have exceeded your <a href="/youtube/v3/getting-started#quota">quota</a>.". Details: "[{'message': 'The request cannot be completed because you have exceeded your <a href="/youtube/v3/getting-started#quota">quota</a>.', 'domain': 'youtube.quota', 'reason': 'quotaExceeded'}]">
2026-05-12 22:19:24,804 - backend.services.youtube_service - INFO - Searching YouTube for: Happy People (with Teddy Swims & Jac Ross) X Ambassadors
2026-05-12 22:19:24,911 - backend.services.youtube_service - ERROR - Failed to search video: <HttpError 403 when requesting https://youtube.googleapis.com/youtube/v3/search?part=snippet&q=Happy+People+%28with+Teddy+Swims+%26+Jac+Ross%29+X+Ambassadors&type=video&maxResults=1&alt=json returned "The request cannot be completed because you have exceeded your <a href="/youtube/v3/getting-started#quota">quota</a>.". Details: "[{'message': 'The request cannot be completed because you have exceeded your <a href="/youtube/v3/getting-started#quota">quota</a>.', 'domain': 'youtube.quota', 'reason': 'quotaExceeded'}]">
2026-05-12 22:19:24,912 - backend.services.youtube_service - INFO - Searching YouTube for: What Would I Change It To (feat. Aluna) Avicii
2026-05-12 22:19:24,950 - backend.services.youtube_service - ERROR - Failed to search video: <HttpError 403 when requesting https://youtube.googleapis.com/youtube/v3/search?part=snippet&q=What+Would+I+Change+It+To+%28feat.+Aluna%29+Avicii&type=video&maxResults=1&alt=json returned "The request cannot be completed because you have exceeded your <a href="/youtube/v3/getting-started#quota">quota</a>.". Details: "[{'message': 'The request cannot be completed because you have exceeded your <a href="/youtube/v3/getting-started#quota">quota</a>.', 'domain': 'youtube.quota', 'reason': 'quotaExceeded'}]">
2026-05-12 22:19:24,950 - backend.services.youtube_service - INFO - Searching YouTube for: Pink + White Frank Ocean
2026-05-12 22:19:25,021 - backend.services.youtube_service - ERROR - Failed to search video: <HttpError 403 when requesting https://youtube.googleapis.com/youtube/v3/search?part=snippet&q=Pink+%2B+White+Frank+Ocean&type=video&maxResults=1&alt=json returned "The request cannot be completed because you have exceeded your <a href="/youtube/v3/getting-started#quota">quota</a>.". Details: "[{'message': 'The request cannot be completed because you have exceeded your <a href="/youtube/v3/getting-started#quota">quota</a>.', 'domain': 'youtube.quota', 'reason': 'quotaExceeded'}]">
2026-05-12 22:19:25,022 - backend.services.youtube_service - INFO - Searching YouTube for: Water Flow Klyne
2026-05-12 22:19:25,061 - backend.services.youtube_service - ERROR - Failed to search video: <HttpError 403 when requesting https://youtube.googleapis.com/youtube/v3/search?part=snippet&q=Water+Flow+Klyne&type=video&maxResults=1&alt=json returned "The request cannot be completed because you have exceeded your <a href="/youtube/v3/getting-started#quota">quota</a>.". Details: "[{'message': 'The request cannot be completed because you have exceeded your <a href="/youtube/v3/getting-started#quota">quota</a>.', 'domain': 'youtube.quota', 'reason': 'quotaExceeded'}]">
2026-05-12 22:19:25,061 - backend.services.youtube_service - INFO - Searching YouTube for: Backslide Twenty One Pilots
2026-05-12 22:19:25,131 - backend.services.youtube_service - ERROR - Failed to search video: <HttpError 403 when requesting https://youtube.googleapis.com/youtube/v3/search?part=snippet&q=Backslide+Twenty+One+Pilots&type=video&maxResults=1&alt=json returned "The request cannot be completed because you have exceeded your <a href="/youtube/v3/getting-started#quota">quota</a>.". Details: "[{'message': 'The request cannot be completed because you have exceeded your <a href="/youtube/v3/getting-started#quota">quota</a>.', 'domain': 'youtube.quota', 'reason': 'quotaExceeded'}]">
2026-05-12 22:19:25,131 - backend.services.youtube_service - INFO - Searching YouTube for: Cowboy Boots Macklemore & Ryan Lewis
2026-05-12 22:19:25,165 - backend.services.youtube_service - ERROR - Failed to search video: <HttpError 403 when requesting https://youtube.googleapis.com/youtube/v3/search?part=snippet&q=Cowboy+Boots+Macklemore+%26+Ryan+Lewis&type=video&maxResults=1&alt=json returned "The request cannot be completed because you have exceeded your <a href="/youtube/v3/getting-started#quota">quota</a>.". Details: "[{'message': 'The request cannot be completed because you have exceeded your <a href="/youtube/v3/getting-started#quota">quota</a>.', 'domain': 'youtube.quota', 'reason': 'quotaExceeded'}]">
2026-05-12 22:19:25,165 - backend.services.youtube_service - INFO - Searching YouTube for: Iris The Goo Goo Dolls
2026-05-12 22:19:25,242 - backend.services.youtube_service - ERROR - Failed to search video: <HttpError 403 when requesting https://youtube.googleapis.com/youtube/v3/search?part=snippet&q=Iris+The+Goo+Goo+Dolls&type=video&maxResults=1&alt=json returned "The request cannot be completed because you have exceeded your <a href="/youtube/v3/getting-started#quota">quota</a>.". Details: "[{'message': 'The request cannot be completed because you have exceeded your <a href="/youtube/v3/getting-started#quota">quota</a>.', 'domain': 'youtube.quota', 'reason': 'quotaExceeded'}]">
2026-05-12 22:19:25,243 - backend.services.youtube_service - INFO - Searching YouTube for: Homecoming Kanye West
2026-05-12 22:19:25,279 - backend.services.youtube_service - ERROR - Failed to search video: <HttpError 403 when requesting https://youtube.googleapis.com/youtube/v3/search?part=snippet&q=Homecoming+Kanye+West&type=video&maxResults=1&alt=json returned "The request cannot be completed because you have exceeded your <a href="/youtube/v3/getting-started#quota">quota</a>.". Details: "[{'message': 'The request cannot be completed because you have exceeded your <a href="/youtube/v3/getting-started#quota">quota</a>.', 'domain': 'youtube.quota', 'reason': 'quotaExceeded'}]">
2026-05-12 22:19:25,280 - backend.services.youtube_service - INFO - Searching YouTube for: Hate It Or Love It The Game
2026-05-12 22:19:25,352 - backend.services.youtube_service - ERROR - Failed to search video: <HttpError 403 when requesting https://youtube.googleapis.com/youtube/v3/search?part=snippet&q=Hate+It+Or+Love+It+The+Game&type=video&maxResults=1&alt=json returned "The request cannot be completed because you have exceeded your <a href="/youtube/v3/getting-started#quota">quota</a>.". Details: "[{'message': 'The request cannot be completed because you have exceeded your <a href="/youtube/v3/getting-started#quota">quota</a>.', 'domain': 'youtube.quota', 'reason': 'quotaExceeded'}]">
2026-05-12 22:19:25,353 - backend.services.youtube_service - INFO - Searching YouTube for: Waiting On the World to Change John Mayer
2026-05-12 22:19:25,404 - backend.services.youtube_service - ERROR - Failed to search video: <HttpError 403 when requesting https://youtube.googleapis.com/youtube/v3/search?part=snippet&q=Waiting+On+the+World+to+Change+John+Mayer&type=video&maxResults=1&alt=json returned "The request cannot be completed because you have exceeded your <a href="/youtube/v3/getting-started#quota">quota</a>.". Details: "[{'message': 'The request cannot be completed because you have exceeded your <a href="/youtube/v3/getting-started#quota">quota</a>.', 'domain': 'youtube.quota', 'reason': 'quotaExceeded'}]">
2026-05-12 22:19:25,405 - backend.services.youtube_service - INFO - Searching YouTube for: Orange Blossoms GoldFord
2026-05-12 22:19:25,455 - backend.services.youtube_service - ERROR - Failed to search video: <HttpError 403 when requesting https://youtube.googleapis.com/youtube/v3/search?part=snippet&q=Orange+Blossoms+GoldFord&type=video&maxResults=1&alt=json returned "The request cannot be completed because you have exceeded your <a href="/youtube/v3/getting-started#quota">quota</a>.". Details: "[{'message': 'The request cannot be completed because you have exceeded your <a href="/youtube/v3/getting-started#quota">quota</a>.', 'domain': 'youtube.quota', 'reason': 'quotaExceeded'}]">
2026-05-12 22:19:25,456 - backend.services.youtube_service - INFO - Searching YouTube for: You Should Probably Leave Chris Stapleton
2026-05-12 22:19:25,485 - backend.services.youtube_service - ERROR - Failed to search video: <HttpError 403 when requesting https://youtube.googleapis.com/youtube/v3/search?part=snippet&q=You+Should+Probably+Leave+Chris+Stapleton&type=video&maxResults=1&alt=json returned "The request cannot be completed because you have exceeded your <a href="/youtube/v3/getting-started#quota">quota</a>.". Details: "[{'message': 'The request cannot be completed because you have exceeded your <a href="/youtube/v3/getting-started#quota">quota</a>.', 'domain': 'youtube.quota', 'reason': 'quotaExceeded'}]">
2026-05-12 22:19:25,485 - backend.services.youtube_service - INFO - Searching YouTube for: Drink Water (feat. Jon Bellion and Fireboy DML) Jon Batiste
2026-05-12 22:19:25,520 - backend.services.youtube_service - ERROR - Failed to search video: <HttpError 403 when requesting https://youtube.googleapis.com/youtube/v3/search?part=snippet&q=Drink+Water+%28feat.+Jon+Bellion+and+Fireboy+DML%29+Jon+Batiste&type=video&maxResults=1&alt=json returned "The request cannot be completed because you have exceeded your <a href="/youtube/v3/getting-started#quota">quota</a>.". Details: "[{'message': 'The request cannot be completed because you have exceeded your <a href="/youtube/v3/getting-started#quota">quota</a>.', 'domain': 'youtube.quota', 'reason': 'quotaExceeded'}]">
2026-05-12 22:19:25,521 - backend.services.youtube_service - INFO - Searching YouTube for: The Message Nas
2026-05-12 22:19:25,646 - backend.services.youtube_service - ERROR - Failed to search video: <HttpError 403 when requesting https://youtube.googleapis.com/youtube/v3/search?part=snippet&q=The+Message+Nas&type=video&maxResults=1&alt=json returned "The request cannot be completed because you have exceeded your <a href="/youtube/v3/getting-started#quota">quota</a>.". Details: "[{'message': 'The request cannot be completed because you have exceeded your <a href="/youtube/v3/getting-started#quota">quota</a>.', 'domain': 'youtube.quota', 'reason': 'quotaExceeded'}]">
2026-05-12 22:19:25,647 - backend.services.youtube_service - INFO - Searching YouTube for: Red Leather Future
2026-05-12 22:19:25,697 - backend.services.youtube_service - ERROR - Failed to search video: <HttpError 403 when requesting https://youtube.googleapis.com/youtube/v3/search?part=snippet&q=Red+Leather+Future&type=video&maxResults=1&alt=json returned "The request cannot be completed because you have exceeded your <a href="/youtube/v3/getting-started#quota">quota</a>.". Details: "[{'message': 'The request cannot be completed because you have exceeded your <a href="/youtube/v3/getting-started#quota">quota</a>.', 'domain': 'youtube.quota', 'reason': 'quotaExceeded'}]">
2026-05-12 22:19:25,698 - backend.services.youtube_service - INFO - Searching YouTube for: Huntin’ Wabbitz J. Cole
2026-05-12 22:19:25,734 - backend.services.youtube_service - ERROR - Failed to search video: <HttpError 403 when requesting https://youtube.googleapis.com/youtube/v3/search?part=snippet&q=Huntin%E2%80%99+Wabbitz+J.+Cole&type=video&maxResults=1&alt=json returned "The request cannot be completed because you have exceeded your <a href="/youtube/v3/getting-started#quota">quota</a>.". Details: "[{'message': 'The request cannot be completed because you have exceeded your <a href="/youtube/v3/getting-started#quota">quota</a>.', 'domain': 'youtube.quota', 'reason': 'quotaExceeded'}]">
2026-05-12 22:19:25,735 - backend.services.youtube_service - INFO - Searching YouTube for: The One That You Call Mackenzy Mackay
2026-05-12 22:19:25,773 - backend.services.youtube_service - ERROR - Failed to search video: <HttpError 403 when requesting https://youtube.googleapis.com/youtube/v3/search?part=snippet&q=The+One+That+You+Call+Mackenzy+Mackay&type=video&maxResults=1&alt=json returned "The request cannot be completed because you have exceeded your <a href="/youtube/v3/getting-started#quota">quota</a>.". Details: "[{'message': 'The request cannot be completed because you have exceeded your <a href="/youtube/v3/getting-started#quota">quota</a>.', 'domain': 'youtube.quota', 'reason': 'quotaExceeded'}]">
2026-05-12 22:19:25,774 - backend.services.youtube_service - INFO - Searching YouTube for: Holiday KSI
2026-05-12 22:19:25,857 - backend.services.youtube_service - ERROR - Failed to search video: <HttpError 403 when requesting https://youtube.googleapis.com/youtube/v3/search?part=snippet&q=Holiday+KSI&type=video&maxResults=1&alt=json returned "The request cannot be completed because you have exceeded your <a href="/youtube/v3/getting-started#quota">quota</a>.". Details: "[{'message': 'The request cannot be completed because you have exceeded your <a href="/youtube/v3/getting-started#quota">quota</a>.', 'domain': 'youtube.quota', 'reason': 'quotaExceeded'}]">
2026-05-12 22:19:25,858 - backend.services.youtube_service - INFO - Searching YouTube for: Tequila Shots Kid Cudi
2026-05-12 22:19:25,889 - backend.services.youtube_service - ERROR - Failed to search video: <HttpError 403 when requesting https://youtube.googleapis.com/youtube/v3/search?part=snippet&q=Tequila+Shots+Kid+Cudi&type=video&maxResults=1&alt=json returned "The request cannot be completed because you have exceeded your <a href="/youtube/v3/getting-started#quota">quota</a>.". Details: "[{'message': 'The request cannot be completed because you have exceeded your <a href="/youtube/v3/getting-started#quota">quota</a>.', 'domain': 'youtube.quota', 'reason': 'quotaExceeded'}]">
2026-05-12 22:19:25,890 - backend.services.youtube_service - INFO - Searching YouTube for: Falling Down - Bonus Track Lil Peep
2026-05-12 22:19:25,968 - backend.services.youtube_service - ERROR - Failed to search video: <HttpError 403 when requesting https://youtube.googleapis.com/youtube/v3/search?part=snippet&q=Falling+Down+-+Bonus+Track+Lil+Peep&type=video&maxResults=1&alt=json returned "The request cannot be completed because you have exceeded your <a href="/youtube/v3/getting-started#quota">quota</a>.". Details: "[{'message': 'The request cannot be completed because you have exceeded your <a href="/youtube/v3/getting-started#quota">quota</a>.', 'domain': 'youtube.quota', 'reason': 'quotaExceeded'}]">
2026-05-12 22:19:25,968 - backend.services.youtube_service - INFO - Searching YouTube for: Violet Isaac App
2026-05-12 22:19:25,997 - backend.services.youtube_service - ERROR - Failed to search video: <HttpError 403 when requesting https://youtube.googleapis.com/youtube/v3/search?part=snippet&q=Violet+Isaac+App&type=video&maxResults=1&alt=json returned "The request cannot be completed because you have exceeded your <a href="/youtube/v3/getting-started#quota">quota</a>.". Details: "[{'message': 'The request cannot be completed because you have exceeded your <a href="/youtube/v3/getting-started#quota">quota</a>.', 'domain': 'youtube.quota', 'reason': 'quotaExceeded'}]">
2026-05-12 22:19:25,997 - backend.services.youtube_service - INFO - Searching YouTube for: Shifty Cam Stillson
2026-05-12 22:19:26,066 - backend.services.youtube_service - ERROR - Failed to search video: <HttpError 403 when requesting https://youtube.googleapis.com/youtube/v3/search?part=snippet&q=Shifty+Cam+Stillson&type=video&maxResults=1&alt=json returned "The request cannot be completed because you have exceeded your <a href="/youtube/v3/getting-started#quota">quota</a>.". Details: "[{'message': 'The request cannot be completed because you have exceeded your <a href="/youtube/v3/getting-started#quota">quota</a>.', 'domain': 'youtube.quota', 'reason': 'quotaExceeded'}]">
2026-05-12 22:19:26,067 - backend.services.youtube_service - INFO - Searching YouTube for: Martin & Gina Polo G
2026-05-12 22:19:26,098 - backend.services.youtube_service - ERROR - Failed to search video: <HttpError 403 when requesting https://youtube.googleapis.com/youtube/v3/search?part=snippet&q=Martin+%26+Gina+Polo+G&type=video&maxResults=1&alt=json returned "The request cannot be completed because you have exceeded your <a href="/youtube/v3/getting-started#quota">quota</a>.". Details: "[{'message': 'The request cannot be completed because you have exceeded your <a href="/youtube/v3/getting-started#quota">quota</a>.', 'domain': 'youtube.quota', 'reason': 'quotaExceeded'}]">
2026-05-12 22:19:26,099 - backend.services.youtube_service - INFO - Searching YouTube for: 2055 Sleepy Hallow
2026-05-12 22:19:26,180 - backend.services.youtube_service - ERROR - Failed to search video: <HttpError 403 when requesting https://youtube.googleapis.com/youtube/v3/search?part=snippet&q=2055+Sleepy+Hallow&type=video&maxResults=1&alt=json returned "The request cannot be completed because you have exceeded your <a href="/youtube/v3/getting-started#quota">quota</a>.". Details: "[{'message': 'The request cannot be completed because you have exceeded your <a href="/youtube/v3/getting-started#quota">quota</a>.', 'domain': 'youtube.quota', 'reason': 'quotaExceeded'}]">
2026-05-12 22:19:26,181 - backend.services.youtube_service - INFO - Searching YouTube for: Don't Look Back in Anger Oasis
2026-05-12 22:19:26,244 - backend.services.youtube_service - ERROR - Failed to search video: <HttpError 403 when requesting https://youtube.googleapis.com/youtube/v3/search?part=snippet&q=Don%27t+Look+Back+in+Anger+Oasis&type=video&maxResults=1&alt=json returned "The request cannot be completed because you have exceeded your <a href="/youtube/v3/getting-started#quota">quota</a>.". Details: "[{'message': 'The request cannot be completed because you have exceeded your <a href="/youtube/v3/getting-started#quota">quota</a>.', 'domain': 'youtube.quota', 'reason': 'quotaExceeded'}]">
2026-05-12 22:19:26,245 - backend.services.youtube_service - INFO - Searching YouTube for: LET EM GO Matt Hansen
2026-05-12 22:19:26,275 - backend.services.youtube_service - ERROR - Failed to search video: <HttpError 403 when requesting https://youtube.googleapis.com/youtube/v3/search?part=snippet&q=LET+EM+GO+Matt+Hansen&type=video&maxResults=1&alt=json returned "The request cannot be completed because you have exceeded your <a href="/youtube/v3/getting-started#quota">quota</a>.". Details: "[{'message': 'The request cannot be completed because you have exceeded your <a href="/youtube/v3/getting-started#quota">quota</a>.', 'domain': 'youtube.quota', 'reason': 'quotaExceeded'}]">
2026-05-12 22:19:26,275 - backend.services.youtube_service - INFO - Searching YouTube for: Mess Is Mine Vance Joy
2026-05-12 22:19:26,311 - backend.services.youtube_service - ERROR - Failed to search video: <HttpError 403 when requesting https://youtube.googleapis.com/youtube/v3/search?part=snippet&q=Mess+Is+Mine+Vance+Joy&type=video&maxResults=1&alt=json returned "The request cannot be completed because you have exceeded your <a href="/youtube/v3/getting-started#quota">quota</a>.". Details: "[{'message': 'The request cannot be completed because you have exceeded your <a href="/youtube/v3/getting-started#quota">quota</a>.', 'domain': 'youtube.quota', 'reason': 'quotaExceeded'}]">
2026-05-12 22:19:26,312 - backend.services.youtube_service - INFO - Searching YouTube for: I Ain't Worried OneRepublic
2026-05-12 22:19:26,342 - backend.services.youtube_service - ERROR - Failed to search video: <HttpError 403 when requesting https://youtube.googleapis.com/youtube/v3/search?part=snippet&q=I+Ain%27t+Worried+OneRepublic&type=video&maxResults=1&alt=json returned "The request cannot be completed because you have exceeded your <a href="/youtube/v3/getting-started#quota">quota</a>.". Details: "[{'message': 'The request cannot be completed because you have exceeded your <a href="/youtube/v3/getting-started#quota">quota</a>.', 'domain': 'youtube.quota', 'reason': 'quotaExceeded'}]">
2026-05-12 22:19:26,342 - backend.services.youtube_service - INFO - Searching YouTube for: Smells Like Teen Spirit Nirvana
2026-05-12 22:19:26,414 - backend.services.youtube_service - ERROR - Failed to search video: <HttpError 403 when requesting https://youtube.googleapis.com/youtube/v3/search?part=snippet&q=Smells+Like+Teen+Spirit+Nirvana&type=video&maxResults=1&alt=json returned "The request cannot be completed because you have exceeded your <a href="/youtube/v3/getting-started#quota">quota</a>.". Details: "[{'message': 'The request cannot be completed because you have exceeded your <a href="/youtube/v3/getting-started#quota">quota</a>.', 'domain': 'youtube.quota', 'reason': 'quotaExceeded'}]">
2026-05-12 22:19:26,414 - backend.services.youtube_service - INFO - Searching YouTube for: Wonderwall - Remastered Oasis
2026-05-12 22:19:26,488 - backend.services.youtube_service - ERROR - Failed to search video: <HttpError 403 when requesting https://youtube.googleapis.com/youtube/v3/search?part=snippet&q=Wonderwall+-+Remastered+Oasis&type=video&maxResults=1&alt=json returned "The request cannot be completed because you have exceeded your <a href="/youtube/v3/getting-started#quota">quota</a>.". Details: "[{'message': 'The request cannot be completed because you have exceeded your <a href="/youtube/v3/getting-started#quota">quota</a>.', 'domain': 'youtube.quota', 'reason': 'quotaExceeded'}]">
2026-05-12 22:19:26,489 - backend.services.youtube_service - INFO - Searching YouTube for: Genghis Khan Miike Snow
2026-05-12 22:19:26,522 - backend.services.youtube_service - ERROR - Failed to search video: <HttpError 403 when requesting https://youtube.googleapis.com/youtube/v3/search?part=snippet&q=Genghis+Khan+Miike+Snow&type=video&maxResults=1&alt=json returned "The request cannot be completed because you have exceeded your <a href="/youtube/v3/getting-started#quota">quota</a>.". Details: "[{'message': 'The request cannot be completed because you have exceeded your <a href="/youtube/v3/getting-started#quota">quota</a>.', 'domain': 'youtube.quota', 'reason': 'quotaExceeded'}]">
2026-05-12 22:19:26,522 - backend.services.youtube_service - INFO - Searching YouTube for: Stargazing Myles Smith
2026-05-12 22:19:26,595 - backend.services.youtube_service - ERROR - Failed to search video: <HttpError 403 when requesting https://youtube.googleapis.com/youtube/v3/search?part=snippet&q=Stargazing+Myles+Smith&type=video&maxResults=1&alt=json returned "The request cannot be completed because you have exceeded your <a href="/youtube/v3/getting-started#quota">quota</a>.". Details: "[{'message': 'The request cannot be completed because you have exceeded your <a href="/youtube/v3/getting-started#quota">quota</a>.', 'domain': 'youtube.quota', 'reason': 'quotaExceeded'}]">
2026-05-12 22:19:26,595 - backend.services.youtube_service - INFO - Searching YouTube for: Slow It Down Benson Boone
2026-05-12 22:19:26,631 - backend.services.youtube_service - ERROR - Failed to search video: <HttpError 403 when requesting https://youtube.googleapis.com/youtube/v3/search?part=snippet&q=Slow+It+Down+Benson+Boone&type=video&maxResults=1&alt=json returned "The request cannot be completed because you have exceeded your <a href="/youtube/v3/getting-started#quota">quota</a>.". Details: "[{'message': 'The request cannot be completed because you have exceeded your <a href="/youtube/v3/getting-started#quota">quota</a>.', 'domain': 'youtube.quota', 'reason': 'quotaExceeded'}]">
2026-05-12 22:19:26,632 - backend.services.youtube_service - INFO - Searching YouTube for: Lake Michigan Rogue Wave
2026-05-12 22:19:26,692 - backend.services.youtube_service - ERROR - Failed to search video: <HttpError 403 when requesting https://youtube.googleapis.com/youtube/v3/search?part=snippet&q=Lake+Michigan+Rogue+Wave&type=video&maxResults=1&alt=json returned "The request cannot be completed because you have exceeded your <a href="/youtube/v3/getting-started#quota">quota</a>.". Details: "[{'message': 'The request cannot be completed because you have exceeded your <a href="/youtube/v3/getting-started#quota">quota</a>.', 'domain': 'youtube.quota', 'reason': 'quotaExceeded'}]">
2026-05-12 22:19:26,693 - backend.services.youtube_service - INFO - Searching YouTube for: Fast Car Jonas Blue
2026-05-12 22:19:26,724 - backend.services.youtube_service - ERROR - Failed to search video: <HttpError 403 when requesting https://youtube.googleapis.com/youtube/v3/search?part=snippet&q=Fast+Car+Jonas+Blue&type=video&maxResults=1&alt=json returned "The request cannot be completed because you have exceeded your <a href="/youtube/v3/getting-started#quota">quota</a>.". Details: "[{'message': 'The request cannot be completed because you have exceeded your <a href="/youtube/v3/getting-started#quota">quota</a>.', 'domain': 'youtube.quota', 'reason': 'quotaExceeded'}]">
2026-05-12 22:19:26,724 - backend.services.youtube_service - INFO - Searching YouTube for: Burn Tom Walker
2026-05-12 22:19:26,779 - backend.services.youtube_service - ERROR - Failed to search video: <HttpError 403 when requesting https://youtube.googleapis.com/youtube/v3/search?part=snippet&q=Burn+Tom+Walker&type=video&maxResults=1&alt=json returned "The request cannot be completed because you have exceeded your <a href="/youtube/v3/getting-started#quota">quota</a>.". Details: "[{'message': 'The request cannot be completed because you have exceeded your <a href="/youtube/v3/getting-started#quota">quota</a>.', 'domain': 'youtube.quota', 'reason': 'quotaExceeded'}]">
2026-05-12 22:19:26,779 - backend.services.youtube_service - INFO - Searching YouTube for: Head Underwater Tom Walker
2026-05-12 22:19:26,853 - backend.services.youtube_service - ERROR - Failed to search video: <HttpError 403 when requesting https://youtube.googleapis.com/youtube/v3/search?part=snippet&q=Head+Underwater+Tom+Walker&type=video&maxResults=1&alt=json returned "The request cannot be completed because you have exceeded your <a href="/youtube/v3/getting-started#quota">quota</a>.". Details: "[{'message': 'The request cannot be completed because you have exceeded your <a href="/youtube/v3/getting-started#quota">quota</a>.', 'domain': 'youtube.quota', 'reason': 'quotaExceeded'}]">
2026-05-12 22:19:26,854 - backend.services.youtube_service - INFO - Searching YouTube for: How Do I Say Goodbye Dean Lewis
2026-05-12 22:19:26,941 - backend.services.youtube_service - ERROR - Failed to search video: <HttpError 403 when requesting https://youtube.googleapis.com/youtube/v3/search?part=snippet&q=How+Do+I+Say+Goodbye+Dean+Lewis&type=video&maxResults=1&alt=json returned "The request cannot be completed because you have exceeded your <a href="/youtube/v3/getting-started#quota">quota</a>.". Details: "[{'message': 'The request cannot be completed because you have exceeded your <a href="/youtube/v3/getting-started#quota">quota</a>.', 'domain': 'youtube.quota', 'reason': 'quotaExceeded'}]">
2026-05-12 22:19:26,942 - backend.services.youtube_service - INFO - Searching YouTube for: I Try Macy Gray
2026-05-12 22:19:26,980 - backend.services.youtube_service - ERROR - Failed to search video: <HttpError 403 when requesting https://youtube.googleapis.com/youtube/v3/search?part=snippet&q=I+Try+Macy+Gray&type=video&maxResults=1&alt=json returned "The request cannot be completed because you have exceeded your <a href="/youtube/v3/getting-started#quota">quota</a>.". Details: "[{'message': 'The request cannot be completed because you have exceeded your <a href="/youtube/v3/getting-started#quota">quota</a>.', 'domain': 'youtube.quota', 'reason': 'quotaExceeded'}]">
2026-05-12 22:19:26,981 - backend.services.youtube_service - INFO - Searching YouTube for: labour Paris Paloma
2026-05-12 22:19:27,080 - backend.services.youtube_service - ERROR - Failed to search video: <HttpError 403 when requesting https://youtube.googleapis.com/youtube/v3/search?part=snippet&q=labour+Paris+Paloma&type=video&maxResults=1&alt=json returned "The request cannot be completed because you have exceeded your <a href="/youtube/v3/getting-started#quota">quota</a>.". Details: "[{'message': 'The request cannot be completed because you have exceeded your <a href="/youtube/v3/getting-started#quota">quota</a>.', 'domain': 'youtube.quota', 'reason': 'quotaExceeded'}]">
2026-05-12 22:19:27,080 - backend.services.youtube_service - INFO - Searching YouTube for: Never Forget You Noisettes
2026-05-12 22:19:27,128 - backend.services.youtube_service - ERROR - Failed to search video: <HttpError 403 when requesting https://youtube.googleapis.com/youtube/v3/search?part=snippet&q=Never+Forget+You+Noisettes&type=video&maxResults=1&alt=json returned "The request cannot be completed because you have exceeded your <a href="/youtube/v3/getting-started#quota">quota</a>.". Details: "[{'message': 'The request cannot be completed because you have exceeded your <a href="/youtube/v3/getting-started#quota">quota</a>.', 'domain': 'youtube.quota', 'reason': 'quotaExceeded'}]">
2026-05-12 22:19:27,129 - backend.services.youtube_service - INFO - Searching YouTube for: Just A Cloud Away Pharrell Williams
2026-05-12 22:19:27,182 - backend.services.youtube_service - ERROR - Failed to search video: <HttpError 403 when requesting https://youtube.googleapis.com/youtube/v3/search?part=snippet&q=Just+A+Cloud+Away+Pharrell+Williams&type=video&maxResults=1&alt=json returned "The request cannot be completed because you have exceeded your <a href="/youtube/v3/getting-started#quota">quota</a>.". Details: "[{'message': 'The request cannot be completed because you have exceeded your <a href="/youtube/v3/getting-started#quota">quota</a>.', 'domain': 'youtube.quota', 'reason': 'quotaExceeded'}]">
2026-05-12 22:19:27,182 - backend.services.youtube_service - INFO - Searching YouTube for: Booster Seat Spacey Jane
2026-05-12 22:19:27,214 - backend.services.youtube_service - ERROR - Failed to search video: <HttpError 403 when requesting https://youtube.googleapis.com/youtube/v3/search?part=snippet&q=Booster+Seat+Spacey+Jane&type=video&maxResults=1&alt=json returned "The request cannot be completed because you have exceeded your <a href="/youtube/v3/getting-started#quota">quota</a>.". Details: "[{'message': 'The request cannot be completed because you have exceeded your <a href="/youtube/v3/getting-started#quota">quota</a>.', 'domain': 'youtube.quota', 'reason': 'quotaExceeded'}]">
2026-05-12 22:19:27,215 - backend.services.youtube_service - INFO - Searching YouTube for: Shotgun George Ezra
2026-05-12 22:19:27,280 - backend.services.youtube_service - ERROR - Failed to search video: <HttpError 403 when requesting https://youtube.googleapis.com/youtube/v3/search?part=snippet&q=Shotgun+George+Ezra&type=video&maxResults=1&alt=json returned "The request cannot be completed because you have exceeded your <a href="/youtube/v3/getting-started#quota">quota</a>.". Details: "[{'message': 'The request cannot be completed because you have exceeded your <a href="/youtube/v3/getting-started#quota">quota</a>.', 'domain': 'youtube.quota', 'reason': 'quotaExceeded'}]">
2026-05-12 22:19:27,280 - backend.services.youtube_service - INFO - Searching YouTube for: So Good B.o.B
2026-05-12 22:19:27,353 - backend.services.youtube_service - ERROR - Failed to search video: <HttpError 403 when requesting https://youtube.googleapis.com/youtube/v3/search?part=snippet&q=So+Good+B.o.B&type=video&maxResults=1&alt=json returned "The request cannot be completed because you have exceeded your <a href="/youtube/v3/getting-started#quota">quota</a>.". Details: "[{'message': 'The request cannot be completed because you have exceeded your <a href="/youtube/v3/getting-started#quota">quota</a>.', 'domain': 'youtube.quota', 'reason': 'quotaExceeded'}]">
2026-05-12 22:19:27,354 - backend.services.youtube_service - INFO - Searching YouTube for: Pumped Up Kicks Foster The People
2026-05-12 22:19:27,392 - backend.services.youtube_service - ERROR - Failed to search video: <HttpError 403 when requesting https://youtube.googleapis.com/youtube/v3/search?part=snippet&q=Pumped+Up+Kicks+Foster+The+People&type=video&maxResults=1&alt=json returned "The request cannot be completed because you have exceeded your <a href="/youtube/v3/getting-started#quota">quota</a>.". Details: "[{'message': 'The request cannot be completed because you have exceeded your <a href="/youtube/v3/getting-started#quota">quota</a>.', 'domain': 'youtube.quota', 'reason': 'quotaExceeded'}]">
2026-05-12 22:19:27,393 - backend.services.youtube_service - INFO - Searching YouTube for: Found What I've Been Looking For Tom Grennan
2026-05-12 22:19:27,429 - backend.services.youtube_service - ERROR - Failed to search video: <HttpError 403 when requesting https://youtube.googleapis.com/youtube/v3/search?part=snippet&q=Found+What+I%27ve+Been+Looking+For+Tom+Grennan&type=video&maxResults=1&alt=json returned "The request cannot be completed because you have exceeded your <a href="/youtube/v3/getting-started#quota">quota</a>.". Details: "[{'message': 'The request cannot be completed because you have exceeded your <a href="/youtube/v3/getting-started#quota">quota</a>.', 'domain': 'youtube.quota', 'reason': 'quotaExceeded'}]">
2026-05-12 22:19:27,430 - backend.services.youtube_service - INFO - Searching YouTube for: Trouble Cage The Elephant
2026-05-12 22:19:27,465 - backend.services.youtube_service - ERROR - Failed to search video: <HttpError 403 when requesting https://youtube.googleapis.com/youtube/v3/search?part=snippet&q=Trouble+Cage+The+Elephant&type=video&maxResults=1&alt=json returned "The request cannot be completed because you have exceeded your <a href="/youtube/v3/getting-started#quota">quota</a>.". Details: "[{'message': 'The request cannot be completed because you have exceeded your <a href="/youtube/v3/getting-started#quota">quota</a>.', 'domain': 'youtube.quota', 'reason': 'quotaExceeded'}]">
2026-05-12 22:19:27,465 - backend.services.youtube_service - INFO - Searching YouTube for: Put Your Records On Ritt Momney
2026-05-12 22:19:27,506 - backend.services.youtube_service - ERROR - Failed to search video: <HttpError 403 when requesting https://youtube.googleapis.com/youtube/v3/search?part=snippet&q=Put+Your+Records+On+Ritt+Momney&type=video&maxResults=1&alt=json returned "The request cannot be completed because you have exceeded your <a href="/youtube/v3/getting-started#quota">quota</a>.". Details: "[{'message': 'The request cannot be completed because you have exceeded your <a href="/youtube/v3/getting-started#quota">quota</a>.', 'domain': 'youtube.quota', 'reason': 'quotaExceeded'}]">
2026-05-12 22:19:27,506 - backend.services.youtube_service - INFO - Searching YouTube for: My Number Foals
2026-05-12 22:19:27,537 - backend.services.youtube_service - ERROR - Failed to search video: <HttpError 403 when requesting https://youtube.googleapis.com/youtube/v3/search?part=snippet&q=My+Number+Foals&type=video&maxResults=1&alt=json returned "The request cannot be completed because you have exceeded your <a href="/youtube/v3/getting-started#quota">quota</a>.". Details: "[{'message': 'The request cannot be completed because you have exceeded your <a href="/youtube/v3/getting-started#quota">quota</a>.', 'domain': 'youtube.quota', 'reason': 'quotaExceeded'}]">
2026-05-12 22:19:27,537 - backend.services.youtube_service - INFO - Searching YouTube for: Run Away to Mars TALK
2026-05-12 22:19:27,569 - backend.services.youtube_service - ERROR - Failed to search video: <HttpError 403 when requesting https://youtube.googleapis.com/youtube/v3/search?part=snippet&q=Run+Away+to+Mars+TALK&type=video&maxResults=1&alt=json returned "The request cannot be completed because you have exceeded your <a href="/youtube/v3/getting-started#quota">quota</a>.". Details: "[{'message': 'The request cannot be completed because you have exceeded your <a href="/youtube/v3/getting-started#quota">quota</a>.', 'domain': 'youtube.quota', 'reason': 'quotaExceeded'}]">
2026-05-12 22:19:27,569 - backend.services.youtube_service - INFO - Searching YouTube for: Tripping Over Air Aidan Bissett
2026-05-12 22:19:27,642 - backend.services.youtube_service - ERROR - Failed to search video: <HttpError 403 when requesting https://youtube.googleapis.com/youtube/v3/search?part=snippet&q=Tripping+Over+Air+Aidan+Bissett&type=video&maxResults=1&alt=json returned "The request cannot be completed because you have exceeded your <a href="/youtube/v3/getting-started#quota">quota</a>.". Details: "[{'message': 'The request cannot be completed because you have exceeded your <a href="/youtube/v3/getting-started#quota">quota</a>.', 'domain': 'youtube.quota', 'reason': 'quotaExceeded'}]">
2026-05-12 22:19:27,642 - backend.services.youtube_service - INFO - Searching YouTube for: Lil Boo Thang Paul Russell
2026-05-12 22:19:27,685 - backend.services.youtube_service - ERROR - Failed to search video: <HttpError 403 when requesting https://youtube.googleapis.com/youtube/v3/search?part=snippet&q=Lil+Boo+Thang+Paul+Russell&type=video&maxResults=1&alt=json returned "The request cannot be completed because you have exceeded your <a href="/youtube/v3/getting-started#quota">quota</a>.". Details: "[{'message': 'The request cannot be completed because you have exceeded your <a href="/youtube/v3/getting-started#quota">quota</a>.', 'domain': 'youtube.quota', 'reason': 'quotaExceeded'}]">
2026-05-12 22:19:27,685 - backend.services.youtube_service - INFO - Searching YouTube for: Dial Drunk (with Post Malone) Noah Kahan
2026-05-12 22:19:27,739 - backend.services.youtube_service - ERROR - Failed to search video: <HttpError 403 when requesting https://youtube.googleapis.com/youtube/v3/search?part=snippet&q=Dial+Drunk+%28with+Post+Malone%29+Noah+Kahan&type=video&maxResults=1&alt=json returned "The request cannot be completed because you have exceeded your <a href="/youtube/v3/getting-started#quota">quota</a>.". Details: "[{'message': 'The request cannot be completed because you have exceeded your <a href="/youtube/v3/getting-started#quota">quota</a>.', 'domain': 'youtube.quota', 'reason': 'quotaExceeded'}]">
2026-05-12 22:19:27,739 - backend.services.youtube_service - INFO - Searching YouTube for: Right Now Confetti
2026-05-12 22:19:27,783 - backend.services.youtube_service - ERROR - Failed to search video: <HttpError 403 when requesting https://youtube.googleapis.com/youtube/v3/search?part=snippet&q=Right+Now+Confetti&type=video&maxResults=1&alt=json returned "The request cannot be completed because you have exceeded your <a href="/youtube/v3/getting-started#quota">quota</a>.". Details: "[{'message': 'The request cannot be completed because you have exceeded your <a href="/youtube/v3/getting-started#quota">quota</a>.', 'domain': 'youtube.quota', 'reason': 'quotaExceeded'}]">
2026-05-12 22:19:27,783 - backend.services.youtube_service - INFO - Searching YouTube for: Spectrum (Say My Name) - Calvin Harris Remix Florence + The Machine
2026-05-12 22:19:27,840 - backend.services.youtube_service - ERROR - Failed to search video: <HttpError 403 when requesting https://youtube.googleapis.com/youtube/v3/search?part=snippet&q=Spectrum+%28Say+My+Name%29+-+Calvin+Harris+Remix+Florence+%2B+The+Machine&type=video&maxResults=1&alt=json returned "The request cannot be completed because you have exceeded your <a href="/youtube/v3/getting-started#quota">quota</a>.". Details: "[{'message': 'The request cannot be completed because you have exceeded your <a href="/youtube/v3/getting-started#quota">quota</a>.', 'domain': 'youtube.quota', 'reason': 'quotaExceeded'}]">
2026-05-12 22:19:27,841 - backend.services.youtube_service - INFO - Searching YouTube for: Know Your Worth Khalid
2026-05-12 22:19:27,908 - backend.services.youtube_service - ERROR - Failed to search video: <HttpError 403 when requesting https://youtube.googleapis.com/youtube/v3/search?part=snippet&q=Know+Your+Worth+Khalid&type=video&maxResults=1&alt=json returned "The request cannot be completed because you have exceeded your <a href="/youtube/v3/getting-started#quota">quota</a>.". Details: "[{'message': 'The request cannot be completed because you have exceeded your <a href="/youtube/v3/getting-started#quota">quota</a>.', 'domain': 'youtube.quota', 'reason': 'quotaExceeded'}]">
2026-05-12 22:19:27,908 - backend.services.youtube_service - INFO - Searching YouTube for: Left Hand Free alt-J
2026-05-12 22:19:27,965 - backend.services.youtube_service - ERROR - Failed to search video: <HttpError 403 when requesting https://youtube.googleapis.com/youtube/v3/search?part=snippet&q=Left+Hand+Free+alt-J&type=video&maxResults=1&alt=json returned "The request cannot be completed because you have exceeded your <a href="/youtube/v3/getting-started#quota">quota</a>.". Details: "[{'message': 'The request cannot be completed because you have exceeded your <a href="/youtube/v3/getting-started#quota">quota</a>.', 'domain': 'youtube.quota', 'reason': 'quotaExceeded'}]">
2026-05-12 22:19:27,965 - backend.services.youtube_service - INFO - Searching YouTube for: A Moment Apart ODESZA
2026-05-12 22:19:28,016 - backend.services.youtube_service - ERROR - Failed to search video: <HttpError 403 when requesting https://youtube.googleapis.com/youtube/v3/search?part=snippet&q=A+Moment+Apart+ODESZA&type=video&maxResults=1&alt=json returned "The request cannot be completed because you have exceeded your <a href="/youtube/v3/getting-started#quota">quota</a>.". Details: "[{'message': 'The request cannot be completed because you have exceeded your <a href="/youtube/v3/getting-started#quota">quota</a>.', 'domain': 'youtube.quota', 'reason': 'quotaExceeded'}]">
2026-05-12 22:19:28,017 - backend.services.youtube_service - INFO - Searching YouTube for: Cocoon Milky Chance
2026-05-12 22:19:28,068 - backend.services.youtube_service - ERROR - Failed to search video: <HttpError 403 when requesting https://youtube.googleapis.com/youtube/v3/search?part=snippet&q=Cocoon+Milky+Chance&type=video&maxResults=1&alt=json returned "The request cannot be completed because you have exceeded your <a href="/youtube/v3/getting-started#quota">quota</a>.". Details: "[{'message': 'The request cannot be completed because you have exceeded your <a href="/youtube/v3/getting-started#quota">quota</a>.', 'domain': 'youtube.quota', 'reason': 'quotaExceeded'}]">
2026-05-12 22:19:28,069 - backend.services.youtube_service - INFO - Searching YouTube for: Living In A Haze Milky Chance
2026-05-12 22:19:28,099 - backend.services.youtube_service - ERROR - Failed to search video: <HttpError 403 when requesting https://youtube.googleapis.com/youtube/v3/search?part=snippet&q=Living+In+A+Haze+Milky+Chance&type=video&maxResults=1&alt=json returned "The request cannot be completed because you have exceeded your <a href="/youtube/v3/getting-started#quota">quota</a>.". Details: "[{'message': 'The request cannot be completed because you have exceeded your <a href="/youtube/v3/getting-started#quota">quota</a>.', 'domain': 'youtube.quota', 'reason': 'quotaExceeded'}]">
2026-05-12 22:19:28,100 - backend.services.youtube_service - INFO - Searching YouTube for: Comfortable Victor Ray
2026-05-12 22:19:28,150 - backend.services.youtube_service - ERROR - Failed to search video: <HttpError 403 when requesting https://youtube.googleapis.com/youtube/v3/search?part=snippet&q=Comfortable+Victor+Ray&type=video&maxResults=1&alt=json returned "The request cannot be completed because you have exceeded your <a href="/youtube/v3/getting-started#quota">quota</a>.". Details: "[{'message': 'The request cannot be completed because you have exceeded your <a href="/youtube/v3/getting-started#quota">quota</a>.', 'domain': 'youtube.quota', 'reason': 'quotaExceeded'}]">
2026-05-12 22:19:28,150 - backend.services.youtube_service - INFO - Searching YouTube for: Sweater Weather The Neighbourhood
2026-05-12 22:19:28,192 - backend.services.youtube_service - ERROR - Failed to search video: <HttpError 403 when requesting https://youtube.googleapis.com/youtube/v3/search?part=snippet&q=Sweater+Weather+The+Neighbourhood&type=video&maxResults=1&alt=json returned "The request cannot be completed because you have exceeded your <a href="/youtube/v3/getting-started#quota">quota</a>.". Details: "[{'message': 'The request cannot be completed because you have exceeded your <a href="/youtube/v3/getting-started#quota">quota</a>.', 'domain': 'youtube.quota', 'reason': 'quotaExceeded'}]">
2026-05-12 22:19:28,192 - backend.services.youtube_service - INFO - Searching YouTube for: Dummy Portugal. The Man
2026-05-12 22:19:28,267 - backend.services.youtube_service - ERROR - Failed to search video: <HttpError 403 when requesting https://youtube.googleapis.com/youtube/v3/search?part=snippet&q=Dummy+Portugal.+The+Man&type=video&maxResults=1&alt=json returned "The request cannot be completed because you have exceeded your <a href="/youtube/v3/getting-started#quota">quota</a>.". Details: "[{'message': 'The request cannot be completed because you have exceeded your <a href="/youtube/v3/getting-started#quota">quota</a>.', 'domain': 'youtube.quota', 'reason': 'quotaExceeded'}]">
2026-05-12 22:19:28,268 - backend.services.youtube_service - INFO - Searching YouTube for: 3 Nights Dominic Fike
2026-05-12 22:19:28,305 - backend.services.youtube_service - ERROR - Failed to search video: <HttpError 403 when requesting https://youtube.googleapis.com/youtube/v3/search?part=snippet&q=3+Nights+Dominic+Fike&type=video&maxResults=1&alt=json returned "The request cannot be completed because you have exceeded your <a href="/youtube/v3/getting-started#quota">quota</a>.". Details: "[{'message': 'The request cannot be completed because you have exceeded your <a href="/youtube/v3/getting-started#quota">quota</a>.', 'domain': 'youtube.quota', 'reason': 'quotaExceeded'}]">
2026-05-12 22:19:28,306 - backend.services.youtube_service - INFO - Searching YouTube for: Can You Hear The Music Ludwig Göransson
2026-05-12 22:19:28,379 - backend.services.youtube_service - ERROR - Failed to search video: <HttpError 403 when requesting https://youtube.googleapis.com/youtube/v3/search?part=snippet&q=Can+You+Hear+The+Music+Ludwig+G%C3%B6ransson&type=video&maxResults=1&alt=json returned "The request cannot be completed because you have exceeded your <a href="/youtube/v3/getting-started#quota">quota</a>.". Details: "[{'message': 'The request cannot be completed because you have exceeded your <a href="/youtube/v3/getting-started#quota">quota</a>.', 'domain': 'youtube.quota', 'reason': 'quotaExceeded'}]">
2026-05-12 22:19:28,379 - backend.services.youtube_service - INFO - Searching YouTube for: Realest (with Eminem) Ez Mil
2026-05-12 22:19:28,429 - backend.services.youtube_service - ERROR - Failed to search video: <HttpError 403 when requesting https://youtube.googleapis.com/youtube/v3/search?part=snippet&q=Realest+%28with+Eminem%29+Ez+Mil&type=video&maxResults=1&alt=json returned "The request cannot be completed because you have exceeded your <a href="/youtube/v3/getting-started#quota">quota</a>.". Details: "[{'message': 'The request cannot be completed because you have exceeded your <a href="/youtube/v3/getting-started#quota">quota</a>.', 'domain': 'youtube.quota', 'reason': 'quotaExceeded'}]">
2026-05-12 22:19:28,430 - backend.services.youtube_service - INFO - Searching YouTube for: Infinite Eminem
2026-05-12 22:19:28,461 - backend.services.youtube_service - ERROR - Failed to search video: <HttpError 403 when requesting https://youtube.googleapis.com/youtube/v3/search?part=snippet&q=Infinite+Eminem&type=video&maxResults=1&alt=json returned "The request cannot be completed because you have exceeded your <a href="/youtube/v3/getting-started#quota">quota</a>.". Details: "[{'message': 'The request cannot be completed because you have exceeded your <a href="/youtube/v3/getting-started#quota">quota</a>.', 'domain': 'youtube.quota', 'reason': 'quotaExceeded'}]">
2026-05-12 22:19:28,461 - backend.services.youtube_service - INFO - Searching YouTube for: Get Lucky (feat. Pharrell Williams and Nile Rodgers) Daft Punk
2026-05-12 22:19:28,513 - backend.services.youtube_service - ERROR - Failed to search video: <HttpError 403 when requesting https://youtube.googleapis.com/youtube/v3/search?part=snippet&q=Get+Lucky+%28feat.+Pharrell+Williams+and+Nile+Rodgers%29+Daft+Punk&type=video&maxResults=1&alt=json returned "The request cannot be completed because you have exceeded your <a href="/youtube/v3/getting-started#quota">quota</a>.". Details: "[{'message': 'The request cannot be completed because you have exceeded your <a href="/youtube/v3/getting-started#quota">quota</a>.', 'domain': 'youtube.quota', 'reason': 'quotaExceeded'}]">
2026-05-12 22:21:12,592 - backend.services.ytmusic_service - INFO - ytmusicapi using browser headers /Users/louiscao/Desktop/PROJECT LIST/playlist_converter/backend/browser_headers.json (OAuth skipped; TV client env not required)
2026-05-12 22:21:12,741 - backend.services.ytmusic_service - WARNING - get_library_playlists: mobile client failed (Server returned HTTP 400: Bad Request.
Request contains an invalid argument.); trying WEB_REMIX
2026-05-12 22:21:13,305 - backend.services.ytmusic_service - WARNING - get_playlist(LM): mobile client failed (Server returned HTTP 400: Bad Request.
Request contains an invalid argument.); trying WEB_REMIX
2026-05-12 22:21:21,223 - backend.services.youtube_service - INFO - Listing user's YouTube playlists...
2026-05-12 22:21:21,374 - backend.services.youtube_service - ERROR - Failed to list playlists: <HttpError 403 when requesting https://youtube.googleapis.com/youtube/v3/playlists?part=snippet%2CcontentDetails&mine=true&maxResults=50&alt=json returned "The request cannot be completed because you have exceeded your <a href="/youtube/v3/getting-started#quota">quota</a>.". Details: "[{'message': 'The request cannot be completed because you have exceeded your <a href="/youtube/v3/getting-started#quota">quota</a>.', 'domain': 'youtube.quota', 'reason': 'quotaExceeded'}]">
2026-05-12 22:24:46,006 - backend.services.ytmusic_service - INFO - ytmusicapi using browser headers /Users/louiscao/Desktop/PROJECT LIST/playlist_converter/backend/browser_headers.json (OAuth skipped; TV client env not required)
2026-05-12 22:24:46,792 - backend.services.ytmusic_service - WARNING - get_library_playlists: mobile client failed (Server returned HTTP 400: Bad Request.
Request contains an invalid argument.); trying WEB_REMIX
2026-05-12 22:24:48,185 - backend.services.ytmusic_service - WARNING - get_playlist(LM): mobile client failed (Server returned HTTP 400: Bad Request.
Request contains an invalid argument.); trying WEB_REMIX
2026-05-12 22:24:49,228 - backend.services.youtube_service - INFO - Listing user's YouTube playlists...
2026-05-12 22:24:49,757 - backend.services.youtube_service - WARNING - YouTube quota pressure; sleeping 75s then retry (1/3)
2026-05-12 22:25:09,789 - backend.services.spotify_service - INFO - Fetching user playlists from Spotify...
2026-05-12 22:25:10,031 - backend.services.spotify_service - DEBUG - Received 4 playlists
2026-05-12 22:25:10,286 - backend.services.youtube_service - INFO - Listing user's YouTube playlists...
2026-05-12 22:25:10,410 - backend.services.youtube_service - WARNING - YouTube quota pressure; sleeping 75s then retry (1/3)
2026-05-12 22:26:25,504 - backend.services.youtube_service - WARNING - YouTube quota pressure; sleeping 75s then retry (2/3)
2026-05-12 22:27:40,600 - backend.services.youtube_service - ERROR - Failed to list playlists: <HttpError 403 when requesting https://youtube.googleapis.com/youtube/v3/playlists?part=snippet%2CcontentDetails&mine=true&maxResults=50&alt=json returned "The request cannot be completed because you have exceeded your <a href="/youtube/v3/getting-started#quota">quota</a>.". Details: "[{'message': 'The request cannot be completed because you have exceeded your <a href="/youtube/v3/getting-started#quota">quota</a>.', 'domain': 'youtube.quota', 'reason': 'quotaExceeded'}]">
2026-05-12 22:30:03,095 - backend.services.spotify_service - INFO - Fetching user playlists from Spotify...
2026-05-12 22:30:03,348 - backend.services.spotify_service - DEBUG - Received 4 playlists
2026-05-12 22:30:03,530 - backend.services.youtube_service - INFO - Listing user's YouTube playlists...
2026-05-12 22:30:03,653 - backend.services.youtube_service - WARNING - YouTube quota pressure; sleeping 75s then retry (1/3)
2026-05-12 22:34:33,579 - backend.services.spotify_service - INFO - Fetching user playlists from Spotify...
2026-05-12 22:34:33,787 - backend.services.spotify_service - DEBUG - Received 4 playlists
2026-05-12 22:34:34,071 - backend.services.youtube_service - INFO - Listing user's YouTube playlists...
2026-05-12 22:34:34,220 - backend.services.youtube_service - ERROR - YouTube Data API daily quota or project cap exceeded — waiting will not fix this until quota resets (usually midnight Pacific) or you raise the quota in Google Cloud Console. <HttpError 403 when requesting https://youtube.googleapis.com/youtube/v3/playlists?part=snippet%2CcontentDetails&mine=true&maxResults=50&alt=json returned "The request cannot be completed because you have exceeded your <a href="/youtube/v3/getting-started#quota">quota</a>.". Details: "[{'message': 'The request cannot be completed because you have exceeded your <a href="/youtube/v3/getting-started#quota">quota</a>.', 'domain': 'youtube.quota', 'reason': 'quotaExceeded'}]">
2026-05-12 22:34:34,221 - backend.services.youtube_service - ERROR - Failed to list playlists: <HttpError 403 when requesting https://youtube.googleapis.com/youtube/v3/playlists?part=snippet%2CcontentDetails&mine=true&maxResults=50&alt=json returned "The request cannot be completed because you have exceeded your <a href="/youtube/v3/getting-started#quota">quota</a>.". Details: "[{'message': 'The request cannot be completed because you have exceeded your <a href="/youtube/v3/getting-started#quota">quota</a>.', 'domain': 'youtube.quota', 'reason': 'quotaExceeded'}]">
2026-05-13 10:42:57,598 - backend.services.ytmusic_service - INFO - ytmusicapi using browser headers /Users/louiscao/Desktop/PROJECT LIST/playlist_converter/backend/browser_headers.json (OAuth skipped; TV client env not required)
2026-05-13 10:42:57,849 - backend.services.ytmusic_service - WARNING - get_library_playlists: mobile client failed (Server returned HTTP 400: Bad Request.
Request contains an invalid argument.); trying WEB_REMIX
2026-05-13 10:42:58,517 - backend.services.ytmusic_service - WARNING - get_playlist(LM): mobile client failed (Server returned HTTP 400: Bad Request.
Request contains an invalid argument.); trying WEB_REMIX
2026-05-13 10:43:15,425 - backend.services.youtube_service - INFO - Listing user's YouTube playlists...
2026-05-13 10:43:16,670 - backend.services.youtube_service - DEBUG - Listed 15 playlists (incl. system lists)
2026-05-13 10:43:42,132 - backend.services.spotify_service - INFO - Fetching user playlists from Spotify...
2026-05-13 10:43:42,381 - backend.services.spotify_service - DEBUG - Received 4 playlists
2026-05-13 10:43:42,612 - backend.services.youtube_service - INFO - Listing user's YouTube playlists...
2026-05-13 10:43:43,842 - backend.services.youtube_service - DEBUG - Listed 15 playlists (incl. system lists)
2026-05-13 10:43:51,032 - backend.services.spotify_service - INFO - Fetched 179 saved (liked) tracks from Spotify
2026-05-13 10:43:51,065 - backend.services.youtube_service - INFO - Searching YouTube for: Ooh Ahh (My Life Be Like) [feat. Tobymac] Grits
2026-05-13 10:43:52,774 - backend.services.youtube_service - DEBUG - Found video ID: 83mhHOytg4U
2026-05-13 10:43:52,776 - backend.services.youtube_service - INFO - Adding video 83mhHOytg4U to playlist PLdydBfVeaGAZ9jWhIrrhqcQgwkUp6irJX
2026-05-13 10:43:53,076 - backend.services.youtube_service - DEBUG - Added video: {'kind': 'youtube#playlistItem', 'etag': 'pGLRuU2Xl31O5OwAOhXFPLZeFWE', 'id': 'UExkeWRCZlZlYUdBWjlqV2hJcnJocWNRZ3drVXA2aXJKWC4wNEU1MTI4NkZEMzVBN0JF', 'snippet': {'publishedAt': '2026-05-13T14:43:52Z', 'channelId': 'UC4y2DnxkoJWE7ZQ05MHd8Tw', 'title': 'GRITS - Ooh Ahh (My Life Be Like) (feat. tobyMac) OFFICIAL AUDIO', 'description': "Official audio 'Ooh Ahh (My Life Be Like)' by GRITS featuring tobyMac\n\nDownload or stream the song here: https://Gotee.lnk.to/zH9CHYo\n\nConnect with GRTIS:\nFacebook: http://smarturl.it/Gritsfb\n\nLyrics:\n\nMy life be like\nOoh aah (yeah), ooh ooh\nMy life be like (yeah)\nOoh aah, ooh aah (yeah), ooh ooh\nOoh aah (yeah), ooh ooh\nMy life be like (yeah)\nOoh aah, ooh aah (yeah), ooh ooh\nMy life be like (yeah)\n\nIt's times like these that make me say\nLord if you see me please come my way\nLeavin' bread crumbs for when I stray\nRely on sacrifice and the price you paid\nFeel me like a fingertip (fa-finger tip, fa-finger tip)\nSometimes I fall I slip\nMy heartfelt desire be more like you\nTryin' not to quench your fire with the things I do\n\nI'm on an island by my lonesome stranded\nLow key and stayin' candid\nReflect on all the things I try my hand at\nSearch for the equations to persuasions I'm used to\nFinding comfort in the zones of closet bones I get loose to\nA mountainous fountain\nSpinnin' and monsoonin', grinnin' it's high octane\nExplosive how I came\nRollin' down hills 'cause life's a hassle\nEncircled by my folly like a moat surround a castle\nStay afloat, catch a second wind\nThin\nIs the air I breathe\nTeary eyed nose runnin' wipe the snot on my sleeve\nI'm callin' on the Savior to be all that I need\nPlease forgive me my behavior had me lost at light speed\n\nIt's times like these that make me say\nLord if you see me please come my way\nLeavin' bread crumbs for when I stray\nRely on sacrifice and the price you paid\nFeel me like a fingertip (fa-finger tip, fa-finger tip)\nSometimes I fall I slip\nMy heartfelt desire be more like you\nTryin' not to quench your fire with the things I do\n\nThe fear of never fallin' in love\nAnd the tears after losin' the feelings of what you thought love was\nLike the dirt still up under the rug (My life be like)\nBad characteristics covered in Christs blood\nThe joy of new birth and the pain of growin' up\nThe bliss between givin' my all and givin' up\nThe highs and lows\nPaths and roads I chose\nIn the cold I froze\nTryin' to ease my woes\nIn this world of sin\nClothes too thin to fend\nSo to God I send\nWords of help to win\nIn grumblings so deep letters could never express\nSo the sound of Ooh Aah beneath my breath projects\n\nIt's times like these that make me say\nLord if you see me please come my way\nLeavin' bread crumbs for when I stray\nRely on sacrifice and the price you paid\nFeel me like a fingertip (fa-finger tip, fa-finger tip)\nSometimes I fall I slip\nMy heartfelt desire be more like you\nTryin' not to quench your fire with the things I do\n\n(TobyMac)\nMy life be like\nOoh Aah Ooh\nDum dum ditty\nHere come that boy from the Capital City\nLast up on the Grits new ditty\nBut eight bars or the truth well do (uh)\nI believe there's a bride that's stunning\nAnd I believe in the Kingdom Coming\nI believe if you seek the truth\nYou don't need to look far 'cause it's gonna find you\nSo why oh why do I trip and stumble?\nAnd ooh aah as commitment crumbles?\nI can't believe that I'm here again....\n\nIt's times like these that make me say\nLord if you see me please come my way\nLeavin' bread crumbs for when I stray\nRely on sacrifice and the price you paid\nFeel me like a fingertip (fa-finger tip, fa-finger tip)\nSometimes I fall I slip\nMy heartfelt desire be more like you\nTryin' not to quench your fire with the things I do\nIt's times like these that make me say\nLord if you see me please come my way\nLeavin' bread crumbs for when I stray\nRely on sacrifice and the price you paid\nFeel me like a fingertip (fa-finger tip, fa-finger tip)\nSometimes I fall I slip\nMy heartfelt desire be more like you\nTryin' not to quench your fire with the things I do\n\nFa-finger tip, fa-finger tip\nFa-finger tip, fa-finger tip\nMy life be like\nFa-finger tip, fa-finger tip\nFa-finger tip, fa-finger tip\nMa-ma-my life be like\nFa-finger tip, fa-finger tip\nFa-finger tip, fa-finger tip\nMy life be like\nFa-finger tip, fa-finger tip\nFa-finger tip, fa-finger tip\nMy life be like", 'thumbnails': {'default': {'url': 'https://i.ytimg.com/vi/83mhHOytg4U/default.jpg', 'width': 120, 'height': 90}, 'medium': {'url': 'https://i.ytimg.com/vi/83mhHOytg4U/mqdefault.jpg', 'width': 320, 'height': 180}, 'high': {'url': 'https://i.ytimg.com/vi/83mhHOytg4U/hqdefault.jpg', 'width': 480, 'height': 360}, 'standard': {'url': 'https://i.ytimg.com/vi/83mhHOytg4U/sddefault.jpg', 'width': 640, 'height': 480}, 'maxres': {'url': 'https://i.ytimg.com/vi/83mhHOytg4U/maxresdefault.jpg', 'width': 1280, 'height': 720}}, 'channelTitle': 'Louis Cao', 'playlistId': 'PLdydBfVeaGAZ9jWhIrrhqcQgwkUp6irJX', 'position': 58, 'resourceId': {'kind': 'youtube#video', 'videoId': '83mhHOytg4U'}, 'videoOwnerChannelTitle': 'Gotee Records', 'videoOwnerChannelId': 'UCtQgk1uPFjXq9DsvSVEuvKA'}}
2026-05-13 10:43:53,077 - backend.services.youtube_service - INFO - Searching YouTube for: 4 Your Eyez Only J. Cole
2026-05-13 10:43:54,994 - backend.services.youtube_service - DEBUG - Found video ID: g_W9af_CQDs
2026-05-13 10:43:54,996 - backend.services.youtube_service - INFO - Adding video g_W9af_CQDs to playlist PLdydBfVeaGAZ9jWhIrrhqcQgwkUp6irJX
2026-05-13 10:43:55,239 - backend.services.youtube_service - DEBUG - Added video: {'kind': 'youtube#playlistItem', 'etag': 'mswJCDAU6Yagdv2877W1xWMgkFQ', 'id': 'UExkeWRCZlZlYUdBWjlqV2hJcnJocWNRZ3drVXA2aXJKWC4wMTYxQzVBRDI1NEVDQUZE', 'snippet': {'publishedAt': '2026-05-13T14:43:55Z', 'channelId': 'UC4y2DnxkoJWE7ZQ05MHd8Tw', 'title': 'J. Cole - 4 Your Eyes Only [Explicit]', 'description': "Last Track on J. Cole's album    4 Your Eyes Only\n\n#lucidknow", 'thumbnails': {'default': {'url': 'https://i.ytimg.com/vi/g_W9af_CQDs/default.jpg', 'width': 120, 'height': 90}, 'medium': {'url': 'https://i.ytimg.com/vi/g_W9af_CQDs/mqdefault.jpg', 'width': 320, 'height': 180}, 'high': {'url': 'https://i.ytimg.com/vi/g_W9af_CQDs/hqdefault.jpg', 'width': 480, 'height': 360}, 'standard': {'url': 'https://i.ytimg.com/vi/g_W9af_CQDs/sddefault.jpg', 'width': 640, 'height': 480}, 'maxres': {'url': 'https://i.ytimg.com/vi/g_W9af_CQDs/maxresdefault.jpg', 'width': 1280, 'height': 720}}, 'channelTitle': 'Louis Cao', 'playlistId': 'PLdydBfVeaGAZ9jWhIrrhqcQgwkUp6irJX', 'position': 59, 'resourceId': {'kind': 'youtube#video', 'videoId': 'g_W9af_CQDs'}, 'videoOwnerChannelTitle': 'Connect', 'videoOwnerChannelId': 'UCtms0NoXTnkYAGp_F_-zZiQ'}}
2026-05-13 10:43:55,240 - backend.services.youtube_service - INFO - Searching YouTube for: Within You, Within Me - Remix Meltt
2026-05-13 10:43:57,120 - backend.services.youtube_service - DEBUG - Found video ID: GVHi_srFPa0
2026-05-13 10:43:57,123 - backend.services.youtube_service - INFO - Adding video GVHi_srFPa0 to playlist PLdydBfVeaGAZ9jWhIrrhqcQgwkUp6irJX
2026-05-13 10:43:57,335 - backend.services.youtube_service - DEBUG - Added video: {'kind': 'youtube#playlistItem', 'etag': 'h1_l8Pe_1Jc0YtaVg1Yk9RnP4F4', 'id': 'UExkeWRCZlZlYUdBWjlqV2hJcnJocWNRZ3drVXA2aXJKWC4zMUEyMkQwOTk0NTg4MDgw', 'snippet': {'publishedAt': '2026-05-13T14:43:57Z', 'channelId': 'UC4y2DnxkoJWE7ZQ05MHd8Tw', 'title': 'Meltt - Within You, Within Me (Official Music Video)', 'description': "Official Music Video for Meltt's new single “Within You, Within Me”\n\nStream or buy here: https://linktr.ee/meltt\n\nCONNECT\nSpotify: https://open.spotify.com/artist/2iHrc69sZgyWFBAhLpS3oH?si=vST1eZtxQfGRjYW2YGWj6A\nInstagram: https://www.instagram.com/melttmusic/\nTikTok: https://www.tiktok.com/@meltt_music\nFacebook: https://www.facebook.com/MelttMusic/\nWebsite: https://www.meltt.ca/\n\nDirector: Sterling Larose\nEditor/Animation: Sterling Larose\nProducer: Tristan Matharu\nExecutive Producer: Ross Allen\nProducer/ 1st AD: Hayley Gray\nAssistant Producer: Adam Whitaker\n\nChoreographer & Dancer 01: Helen Dang\nDancer 02: Ali Lalonde\n\nDirector of Photography: Mitch Baxter\nSteadicam Operator: Leo Harim\n1st AC: Ben Hopper\n2nd AC: John Flemming\n\nGaffer: Jesse Wicklund\nBest Person LX: Adrianna Hankins\nBoard Op: David Goodfellow\nLamp Op: Cody Preston\n\nKey Grip: Owen Meelker\nBest Person/Grip: Tristan Matharu\n\nCasting Director: Chey Petrich\nMakeup and Hair: Miel Enage\nMakeup and Hair Assist: Sophia Gamboa\nStylist: Landon Wieler\nStills Photographer: Ryan NG\nColour: David Tomiak\n\nSwings: Megan Kelly, James Turner, James Porter & Ian Winkler\n\n\nLyrics:\n\nIf you think you know yourself\nWell you don’t\nYou don’t\n\nYou’re too afraid to lose control\nTo let go\nAnd just float\n\nAll of these dreams\nWithin you\nWithin me\nSomehow\nI feel\nPart of you\nIs part of me\n\nIf you try to find yourself\nOn your own\nWell you won’t\n\nBut if you learn to love yourself\nWhen you’re low\nWell maybe there’s hope\n\nAll of these dreams\nWithin you\nWithin me\nSomehow\nI feel\nPart of you\nIs part of me\n\nDeep underwater\nYour emotions\nCall to you\n“Go where the wind blows\nAll of this time spent hesitating”\n\nDown by the water\nCross the ocean\nI should go\nGo where the tides pull\nAll of our lives to rearrange them\n\nWith you I feel I find myself\nI let go\nAnd we float\n\nAll of these dreams\nWithin you\nWithin me\nSomehow\nI feel\nPart of you\nIs part of me\n\nSupported by CreativeBC and the Province of British Columbia.\n\n#meltt #music #foryou #musicvideo  #animation", 'thumbnails': {'default': {'url': 'https://i.ytimg.com/vi/GVHi_srFPa0/default.jpg', 'width': 120, 'height': 90}, 'medium': {'url': 'https://i.ytimg.com/vi/GVHi_srFPa0/mqdefault.jpg', 'width': 320, 'height': 180}, 'high': {'url': 'https://i.ytimg.com/vi/GVHi_srFPa0/hqdefault.jpg', 'width': 480, 'height': 360}, 'standard': {'url': 'https://i.ytimg.com/vi/GVHi_srFPa0/sddefault.jpg', 'width': 640, 'height': 480}, 'maxres': {'url': 'https://i.ytimg.com/vi/GVHi_srFPa0/maxresdefault.jpg', 'width': 1280, 'height': 720}}, 'channelTitle': 'Louis Cao', 'playlistId': 'PLdydBfVeaGAZ9jWhIrrhqcQgwkUp6irJX', 'position': 60, 'resourceId': {'kind': 'youtube#video', 'videoId': 'GVHi_srFPa0'}, 'videoOwnerChannelTitle': 'Meltt', 'videoOwnerChannelId': 'UCccaXT5m1KjzMKfjaN2J8Sg'}}
2026-05-13 10:43:57,338 - backend.services.youtube_service - INFO - Searching YouTube for: Right Thing Bayonne
2026-05-13 10:43:59,298 - backend.services.youtube_service - DEBUG - Found video ID: P1xNba5WQvg
2026-05-13 10:43:59,301 - backend.services.youtube_service - INFO - Adding video P1xNba5WQvg to playlist PLdydBfVeaGAZ9jWhIrrhqcQgwkUp6irJX
2026-05-13 10:43:59,530 - backend.services.youtube_service - DEBUG - Added video: {'kind': 'youtube#playlistItem', 'etag': 'cgDj6S7SIvAuuApWKlo0VmzhopI', 'id': 'UExkeWRCZlZlYUdBWjlqV2hJcnJocWNRZ3drVXA2aXJKWC42QzdBMzlBQzQzRjQ0QkQy', 'snippet': {'publishedAt': '2026-05-13T14:43:59Z', 'channelId': 'UC4y2DnxkoJWE7ZQ05MHd8Tw', 'title': 'Bayonne - Right Thing (Official Video)', 'description': '"Right Thing" | Out Now:\nhttps://bayonne.ffm.to/rightthing\n\nPre-order ‘Filters\': https://bayonne.merchtable.com/\n\n2026 TOUR DATES\nTickets: https://bnds.us/ptrrfq\n\nSep 2 - Amsterdam, NL - Paradiso\nSep 4 - London, UK - Oslo Hackney \nSep 7 - Paris, FR - Le Popup du Label \nSep 9 - Vienna, AT - B72\nSep 10 - Prague, CZ - Cafe V Lese\nSep 12 - Warsaw, PL - Bardzo\nSep 13 - Berlin, DE - Mikropol\nSep 14 - Copenhagen, DK - Rust\nSep 15 - Stockholm, SE - Debaser\nSep 16 - Oslo, NO - Salt\nSep 18 - Hamburg, DE - Reeperbahn Festival \n\nSep 27 - Oklahoma City, OK - Beer City Music Hall \nSep 28 - Kansas City, MO - Record Bar \nSep 29 - Minneapolis, MN - 7th St. Entry \nSep 30 - Chicago, IL - Lincoln Hall \nOct 2 - Indianapolis, IN - Hi-Fi \nOct 3 -Detroit, MI - Loving Touch \nOct 4 - Cleveland, OH - Mahall’s \nOct 5 - Buffalo, NY - Buffalo Iron Works\nOct 7 - Boston, MA - The Armory \nOct 8 - Philadelphia, PA - Milkboy \nOct 9 - New York, NY - Le Poisson Rouge \nOct 10 - Washington, DC - Union Stage\nOct 11 - Richmond, VA - The Camel \nOct 13 - Durham, NC - Pinhook \nOct 14 - Asheville, NC - Revival \nOct 15 - Atlanta, GA - Aisle 5 \nOct 17 - Nashville, TN - Blue Room \nOct 18 - New Orleans, LA - Gasa Gasa \nOct 23 - Dallas, TX - Club Dada \nOct 24 - Austin, TX - Mohawk \nNov 10 - Santa Fe, NM - Meow Wolf \nNov 11 - Denver, CO - Bluebird \nNov 13 - Salt Lake City, UT - Kilby Court \nNov 14 - Boise, UD - The Shrine\nNov 16 - Seattle, WA - Barboza \nNov 17 - Portland, OR - Mississippi Studios \nNov 18 - Eugene, OR - Hult Center \nNov 20 - San Francisco, CA - Brick & Mortar \nNov 21 - Los Angeles, CA - Lodge Room\nNov 24 - Phoenix, AZ - Valley Bar', 'thumbnails': {'default': {'url': 'https://i.ytimg.com/vi/P1xNba5WQvg/default.jpg', 'width': 120, 'height': 90}, 'medium': {'url': 'https://i.ytimg.com/vi/P1xNba5WQvg/mqdefault.jpg', 'width': 320, 'height': 180}, 'high': {'url': 'https://i.ytimg.com/vi/P1xNba5WQvg/hqdefault.jpg', 'width': 480, 'height': 360}, 'standard': {'url': 'https://i.ytimg.com/vi/P1xNba5WQvg/sddefault.jpg', 'width': 640, 'height': 480}, 'maxres': {'url': 'https://i.ytimg.com/vi/P1xNba5WQvg/maxresdefault.jpg', 'width': 1280, 'height': 720}}, 'channelTitle': 'Louis Cao', 'playlistId': 'PLdydBfVeaGAZ9jWhIrrhqcQgwkUp6irJX', 'position': 61, 'resourceId': {'kind': 'youtube#video', 'videoId': 'P1xNba5WQvg'}, 'videoOwnerChannelTitle': 'Bayonne Music', 'videoOwnerChannelId': 'UC5myfTq55L5QgVHzBD6wcRg'}}
2026-05-13 10:43:59,531 - backend.services.youtube_service - INFO - Searching YouTube for: Shoota (feat. Lil Uzi Vert) Playboi Carti
2026-05-13 10:44:01,473 - backend.services.youtube_service - DEBUG - Found video ID: j3EwWAMWM6Q
2026-05-13 10:44:01,476 - backend.services.youtube_service - INFO - Adding video j3EwWAMWM6Q to playlist PLdydBfVeaGAZ9jWhIrrhqcQgwkUp6irJX
2026-05-13 10:44:01,710 - backend.services.youtube_service - DEBUG - Added video: {'kind': 'youtube#playlistItem', 'etag': 'ClkKcDSanZugtFuoo_hbWspIbBU', 'id': 'UExkeWRCZlZlYUdBWjlqV2hJcnJocWNRZ3drVXA2aXJKWC41OURENDc2NEM1MDI5Mjky', 'snippet': {'publishedAt': '2026-05-13T14:44:01Z', 'channelId': 'UC4y2DnxkoJWE7ZQ05MHd8Tw', 'title': 'Playboi Carti - Shoota (Audio) ft. Lil Uzi Vert', 'description': '* LOVE 4L *+ DIE LIT *+\nhttp://smarturl.it/dielit', 'thumbnails': {'default': {'url': 'https://i.ytimg.com/vi/j3EwWAMWM6Q/default.jpg', 'width': 120, 'height': 90}, 'medium': {'url': 'https://i.ytimg.com/vi/j3EwWAMWM6Q/mqdefault.jpg', 'width': 320, 'height': 180}, 'high': {'url': 'https://i.ytimg.com/vi/j3EwWAMWM6Q/hqdefault.jpg', 'width': 480, 'height': 360}, 'standard': {'url': 'https://i.ytimg.com/vi/j3EwWAMWM6Q/sddefault.jpg', 'width': 640, 'height': 480}, 'maxres': {'url': 'https://i.ytimg.com/vi/j3EwWAMWM6Q/maxresdefault.jpg', 'width': 1280, 'height': 720}}, 'channelTitle': 'Louis Cao', 'playlistId': 'PLdydBfVeaGAZ9jWhIrrhqcQgwkUp6irJX', 'position': 62, 'resourceId': {'kind': 'youtube#video', 'videoId': 'j3EwWAMWM6Q'}, 'videoOwnerChannelTitle': 'Playboi Carti', 'videoOwnerChannelId': 'UC652oRUvX1onwrrZ8ADJRPw'}}
2026-05-13 10:44:01,711 - backend.services.youtube_service - INFO - Searching YouTube for: keep steady sosocamo
2026-05-13 10:44:03,597 - backend.services.youtube_service - DEBUG - Found video ID: lO9VVg4P3Eg
2026-05-13 10:44:03,597 - backend.services.youtube_service - INFO - Adding video lO9VVg4P3Eg to playlist PLdydBfVeaGAZ9jWhIrrhqcQgwkUp6irJX
2026-05-13 10:44:03,826 - backend.services.youtube_service - DEBUG - Added video: {'kind': 'youtube#playlistItem', 'etag': 'IqVWRf3hFl5ULYydH44Cucstfcc', 'id': 'UExkeWRCZlZlYUdBWjlqV2hJcnJocWNRZ3drVXA2aXJKWC4wRjhFM0MxMTU1MEUzQ0VB', 'snippet': {'publishedAt': '2026-05-13T14:44:03Z', 'channelId': 'UC4y2DnxkoJWE7ZQ05MHd8Tw', 'title': 'sosocamo - keep steady (Official Music Video)', 'description': 'sosocamo - keep steady (Official Music Video)\n\nFollow sosocamo:\nhttps://www.instagram.com/sosocamo/\nhttps://www.tiktok.com/@sosocamo\n\ncatch sosocamo in your city:\nhttps://www.sosocamo.com/shows\n\n#sosocamo #keepsteady', 'thumbnails': {'default': {'url': 'https://i.ytimg.com/vi/lO9VVg4P3Eg/default.jpg', 'width': 120, 'height': 90}, 'medium': {'url': 'https://i.ytimg.com/vi/lO9VVg4P3Eg/mqdefault.jpg', 'width': 320, 'height': 180}, 'high': {'url': 'https://i.ytimg.com/vi/lO9VVg4P3Eg/hqdefault.jpg', 'width': 480, 'height': 360}, 'standard': {'url': 'https://i.ytimg.com/vi/lO9VVg4P3Eg/sddefault.jpg', 'width': 640, 'height': 480}, 'maxres': {'url': 'https://i.ytimg.com/vi/lO9VVg4P3Eg/maxresdefault.jpg', 'width': 1280, 'height': 720}}, 'channelTitle': 'Louis Cao', 'playlistId': 'PLdydBfVeaGAZ9jWhIrrhqcQgwkUp6irJX', 'position': 63, 'resourceId': {'kind': 'youtube#video', 'videoId': 'lO9VVg4P3Eg'}, 'videoOwnerChannelTitle': 'sosocamo', 'videoOwnerChannelId': 'UC9dJBYOZY3ukxv39LM-EeuQ'}}
2026-05-13 10:44:03,827 - backend.services.youtube_service - INFO - Searching YouTube for: Dark Thoughts Lil Tecca
2026-05-13 10:44:05,852 - backend.services.youtube_service - DEBUG - Found video ID: Xtq_A2NnHKQ
2026-05-13 10:44:05,854 - backend.services.youtube_service - INFO - Adding video Xtq_A2NnHKQ to playlist PLdydBfVeaGAZ9jWhIrrhqcQgwkUp6irJX
2026-05-13 10:44:06,183 - backend.services.youtube_service - DEBUG - Added video: {'kind': 'youtube#playlistItem', 'etag': 'O8nw_vgABjjUNyFasvA_IeEusF4', 'id': 'UExkeWRCZlZlYUdBWjlqV2hJcnJocWNRZ3drVXA2aXJKWC5CNTZFOTNGQzZEODg1RUQx', 'snippet': {'publishedAt': '2026-05-13T14:44:05Z', 'channelId': 'UC4y2DnxkoJWE7ZQ05MHd8Tw', 'title': 'Lil Tecca - Dark Thoughts (Official Video)', 'description': '"Dark Thoughts" is OUT NOW: http://LilTecca.lnk.to/DarkThoughts\n\nText me: +1 (917) 809-7303\n\nFollow Lil Tecca:\nhttps://tecca.co\nhttps://instagram.com/liltecca\nhttps://twitter.com/liltecca\nhttps://tiktok.com/@lil.tecca\nhttps://www.facebook.com/LilTecca/\n\n#DarkThoughts #LilTecca #Dopamine\n\nDirected by Gualo Hawes', 'thumbnails': {'default': {'url': 'https://i.ytimg.com/vi/Xtq_A2NnHKQ/default.jpg', 'width': 120, 'height': 90}, 'medium': {'url': 'https://i.ytimg.com/vi/Xtq_A2NnHKQ/mqdefault.jpg', 'width': 320, 'height': 180}, 'high': {'url': 'https://i.ytimg.com/vi/Xtq_A2NnHKQ/hqdefault.jpg', 'width': 480, 'height': 360}, 'standard': {'url': 'https://i.ytimg.com/vi/Xtq_A2NnHKQ/sddefault.jpg', 'width': 640, 'height': 480}, 'maxres': {'url': 'https://i.ytimg.com/vi/Xtq_A2NnHKQ/maxresdefault.jpg', 'width': 1280, 'height': 720}}, 'channelTitle': 'Louis Cao', 'playlistId': 'PLdydBfVeaGAZ9jWhIrrhqcQgwkUp6irJX', 'position': 64, 'resourceId': {'kind': 'youtube#video', 'videoId': 'Xtq_A2NnHKQ'}, 'videoOwnerChannelTitle': 'Lil Tecca', 'videoOwnerChannelId': 'UCOlxqtcKc-HBEQJgDsylyhA'}}
2026-05-13 10:44:06,184 - backend.services.youtube_service - INFO - Searching YouTube for: Call Moon Soul
2026-05-13 10:44:08,209 - backend.services.youtube_service - DEBUG - Found video ID: IUd39azC9jc
2026-05-13 10:44:08,212 - backend.services.youtube_service - INFO - Adding video IUd39azC9jc to playlist PLdydBfVeaGAZ9jWhIrrhqcQgwkUp6irJX
2026-05-13 10:44:08,439 - backend.services.youtube_service - DEBUG - Added video: {'kind': 'youtube#playlistItem', 'etag': 'ePhF7tr82iQOJmKvM-sRBxCkQkc', 'id': 'UExkeWRCZlZlYUdBWjlqV2hJcnJocWNRZ3drVXA2aXJKWC5CNTcxMDQ0NThBNzMxODYz', 'snippet': {'publishedAt': '2026-05-13T14:44:08Z', 'channelId': 'UC4y2DnxkoJWE7ZQ05MHd8Tw', 'title': 'Call', 'description': 'Provided to YouTube by Nettwerk\n\nCall · Moon Soul\n\nCall\n\n℗ Interstellar Music L.L.C-FZ under exclusive license to Nettwerk Music Group Inc.\n\nReleased on: 2025-04-16\n\nProducer, Engineer, Mixing Engineer, Mastering Engineer: Moon Soul\nMusic Publisher: Publishing Designee\nComposer: Conor Aidan Coogan\n\nAuto-generated by YouTube.', 'thumbnails': {'default': {'url': 'https://i.ytimg.com/vi/IUd39azC9jc/default.jpg', 'width': 120, 'height': 90}, 'medium': {'url': 'https://i.ytimg.com/vi/IUd39azC9jc/mqdefault.jpg', 'width': 320, 'height': 180}, 'high': {'url': 'https://i.ytimg.com/vi/IUd39azC9jc/hqdefault.jpg', 'width': 480, 'height': 360}, 'standard': {'url': 'https://i.ytimg.com/vi/IUd39azC9jc/sddefault.jpg', 'width': 640, 'height': 480}, 'maxres': {'url': 'https://i.ytimg.com/vi/IUd39azC9jc/maxresdefault.jpg', 'width': 1280, 'height': 720}}, 'channelTitle': 'Louis Cao', 'playlistId': 'PLdydBfVeaGAZ9jWhIrrhqcQgwkUp6irJX', 'position': 65, 'resourceId': {'kind': 'youtube#video', 'videoId': 'IUd39azC9jc'}, 'videoOwnerChannelTitle': 'Moon Soul - Topic', 'videoOwnerChannelId': 'UC3sbO_2_woyDOyVgf6V-Rlw'}}
2026-05-13 10:44:08,440 - backend.services.youtube_service - INFO - Searching YouTube for: The Way Life Goes (feat. Oh Wonder) Lil Uzi Vert
2026-05-13 10:44:10,458 - backend.services.youtube_service - DEBUG - Found video ID: Vi2XaiKhgiU
2026-05-13 10:44:10,460 - backend.services.youtube_service - INFO - Adding video Vi2XaiKhgiU to playlist PLdydBfVeaGAZ9jWhIrrhqcQgwkUp6irJX
2026-05-13 10:44:10,673 - backend.services.youtube_service - DEBUG - Added video: {'kind': 'youtube#playlistItem', 'etag': 'ppAVqcYMjQsLq5KPhAmpX5uIqWk', 'id': 'UExkeWRCZlZlYUdBWjlqV2hJcnJocWNRZ3drVXA2aXJKWC5ERkUyQTM0MzEwQjZCMTY5', 'snippet': {'publishedAt': '2026-05-13T14:44:10Z', 'channelId': 'UC4y2DnxkoJWE7ZQ05MHd8Tw', 'title': 'Lil Uzi Vert - The Way Life Goes [Official Visualizer]', 'description': 'Lil Uzi Vert - LUV is Rage 2 - OUT NOW\nDownload/Stream - https://lnk.to/LuvIsRage2\n\n‘Sampling Oh Wonder’s ‘Landslide’ - http://ohwondermusic.com/’\n\nExecutive Producer: Don Cannon\nExecutive Producer: Leighton "LakeShow" Morrison\nExecutive Producer: Tyree "DJ Drama" Simmons\nMasterer: Chris Athens\nMixer: Jason Joshua\nAdditional Mixing: Michael Piroli\nProducer, Programmer: Don Cannon\nProducer, Programmer: Ike Beatz\nRecorded by: Kesha "K. Lee" Lee\nVocals: Lil Uzi Vert\nWriter: I. Smith\nWriter: S. Woods\n\nConnect with Lil Uzi Vert:\nhttps://twitter.com/LILUZIVERT\nhttps://www.instagram.com/liluzivert/\nhttps://www.facebook.com/LilUziVert/\nhttps://soundcloud.com/liluzivert\nhttp://liluziofficial.com/\n\nIllustrations by - https://www.instagram.com/dreambiscuit\n#LilUziVert #TheWayLifeGoes #OfficialVisualizer\n\nSubscribe for more official content from Lil Uzi Vert ➤ https://Uzi.lnk.to/YouTubeSubscribe   \n\nListen to Best of Lil Uzi Vert playlist ➤ https://bit.ly/2U6weNs\r\nWatch Lil Uzi Vert’s Official Music Videos ➤ https://bit.ly/2UuvH6M', 'thumbnails': {'default': {'url': 'https://i.ytimg.com/vi/Vi2XaiKhgiU/default.jpg', 'width': 120, 'height': 90}, 'medium': {'url': 'https://i.ytimg.com/vi/Vi2XaiKhgiU/mqdefault.jpg', 'width': 320, 'height': 180}, 'high': {'url': 'https://i.ytimg.com/vi/Vi2XaiKhgiU/hqdefault.jpg', 'width': 480, 'height': 360}, 'standard': {'url': 'https://i.ytimg.com/vi/Vi2XaiKhgiU/sddefault.jpg', 'width': 640, 'height': 480}, 'maxres': {'url': 'https://i.ytimg.com/vi/Vi2XaiKhgiU/maxresdefault.jpg', 'width': 1280, 'height': 720}}, 'channelTitle': 'Louis Cao', 'playlistId': 'PLdydBfVeaGAZ9jWhIrrhqcQgwkUp6irJX', 'position': 66, 'resourceId': {'kind': 'youtube#video', 'videoId': 'Vi2XaiKhgiU'}, 'videoOwnerChannelTitle': 'LIL UZI VERT', 'videoOwnerChannelId': 'UCqwxMqUcL-XC3D9-fTP93Mg'}}
2026-05-13 10:44:10,674 - backend.services.youtube_service - INFO - Searching YouTube for: What You Saying Lil Uzi Vert
2026-05-13 10:44:12,713 - backend.services.youtube_service - DEBUG - Found video ID: s_TUESTU7_4
2026-05-13 10:44:12,716 - backend.services.youtube_service - INFO - Adding video s_TUESTU7_4 to playlist PLdydBfVeaGAZ9jWhIrrhqcQgwkUp6irJX
2026-05-13 10:44:12,916 - backend.services.youtube_service - DEBUG - Added video: {'kind': 'youtube#playlistItem', 'etag': 'iOvsa8IdVNzvIw80l05FphZXWIg', 'id': 'UExkeWRCZlZlYUdBWjlqV2hJcnJocWNRZ3drVXA2aXJKWC4xM0YyM0RDNDE4REQ1NDA0', 'snippet': {'publishedAt': '2026-05-13T14:44:12Z', 'channelId': 'UC4y2DnxkoJWE7ZQ05MHd8Tw', 'title': 'Lil Uzi Vert - What You Saying - [Official Music Video]', 'description': 'The official video for LIL UZI VERT\'s "What You Saying” - OUT NOW! \n\nStream/Download "What You Saying": https://liluzivert.lnk.to/WhatYouSaying\n\nJoin Cor(e):\nhttps://www.welcometocore.com/ \n\nConnect with LIL UZI VERT:\nhttps://x.com/LILUZIVERT\nhttps://www.instagram.com/liluzivert/\nhttps://www.tiktok.com/@liluzivert?lang=en\nhttps://www.facebook.com/LilUziVert/\nhttps://www.youtube.com/user/LILUZIVERT\n\nDIRECTOR: Charlotte Wales \n@charlottemwales\n\nPRODUCTION: Colors \n@colorscolors.tv\n\nPOST PRODUCTION: D Factory\n @dfactoryparis\n\nPRODUCTION SERVICE: PARADOXAL \n@paradoxal_residency\n\nDOP: Maddy Talias \n@maddytalias \n\nPROD DESIGNER: Lauren Nikrooz \n@laurennikrooz\n\nEDITOR: Louis Hvejsel Bork\n@louishvejselbork\n\nCOLORIST: Mathieu Caplanne \n@mathieucaplanne\n\nVIDEO COMMISSIONER: Mildred Delamota\n@millydelmota \n\nLyrics:\nI don’t even know what she say ‘cuz she foreign\nYeah she foreign\nAnd she got endurance\nLike the way she forms\nIs she gon’ perform it\nLook the same in morning (woah)\nShe don’t stop keep going (keep going)\nI don’t even know what she said but this what I hear in my head\nHuh? What? Wait\nWhat she say?\nYes\nAh, and she start breathing like…\nWoah\nLet’s go\nThen she switch the pace up\nOkay I really do get you\nWhat I make in a day, what they make in a life\nIs it cuz that I’m paid, you tryna stay the night\nYou keep rubbing all on my face, make me feel I’m your type\nI guess that we on the same page, cuz I’m just tryna strike\nOkay I really do get you\nWhat I make in a day, what they make in a life\nIs it cuz that I’m paid, you tryna stay the night\nYou keep rubbing all on my face, make me feel I’m your type\nI guess that we on the same page, cuz I’m just tryna strike\nWoah\nHuh\nKeep \nWoah\nWhat she say\nAh\nAh\nOh\nOhhhh\nYes\nI don’t even know what she say ‘cuz she foreign\nYeah she foreign\nAnd she got endurance\nLike the way she forms\nIs she gon’ perform it\nLook the same in morning (woah)\nShe don’t stop keep going (keep going)\nI don’t even know what she said but this what I hear in my head\n\n#LILUZIVERT #WhatYouSaying #WelcometoCore #Vogue \n\n2025 Cor(e)/Roc Nation Distribution', 'thumbnails': {'default': {'url': 'https://i.ytimg.com/vi/s_TUESTU7_4/default.jpg', 'width': 120, 'height': 90}, 'medium': {'url': 'https://i.ytimg.com/vi/s_TUESTU7_4/mqdefault.jpg', 'width': 320, 'height': 180}, 'high': {'url': 'https://i.ytimg.com/vi/s_TUESTU7_4/hqdefault.jpg', 'width': 480, 'height': 360}, 'standard': {'url': 'https://i.ytimg.com/vi/s_TUESTU7_4/sddefault.jpg', 'width': 640, 'height': 480}, 'maxres': {'url': 'https://i.ytimg.com/vi/s_TUESTU7_4/maxresdefault.jpg', 'width': 1280, 'height': 720}}, 'channelTitle': 'Louis Cao', 'playlistId': 'PLdydBfVeaGAZ9jWhIrrhqcQgwkUp6irJX', 'position': 67, 'resourceId': {'kind': 'youtube#video', 'videoId': 's_TUESTU7_4'}, 'videoOwnerChannelTitle': 'LIL UZI VERT', 'videoOwnerChannelId': 'UCqwxMqUcL-XC3D9-fTP93Mg'}}
2026-05-13 10:44:12,917 - backend.services.youtube_service - INFO - Searching YouTube for: Surprise AZ
2026-05-13 10:44:14,867 - backend.services.youtube_service - DEBUG - Found video ID: 7ZzvGku2sjM
2026-05-13 10:44:14,869 - backend.services.youtube_service - INFO - Adding video 7ZzvGku2sjM to playlist PLdydBfVeaGAZ9jWhIrrhqcQgwkUp6irJX
2026-05-13 10:44:15,110 - backend.services.youtube_service - DEBUG - Added video: {'kind': 'youtube#playlistItem', 'etag': 'FaDEmP7olvHKWvCiqZfHzMCvNl0', 'id': 'UExkeWRCZlZlYUdBWjlqV2hJcnJocWNRZ3drVXA2aXJKWC42MjYzMTMyQjA0QURCN0JF', 'snippet': {'publishedAt': '2026-05-13T14:44:14Z', 'channelId': 'UC4y2DnxkoJWE7ZQ05MHd8Tw', 'title': 'AZ - "Surprise" feat. Nas (Visualizer)', 'description': "Listen to ‘Doe Or Die III’ Now: https://quietmoney.lnk.to/DoeOrDieIII\nShop The ‘Doe Or Die III’ Collection: https://shop.massappeal.com/collections/vendors?q=AZ\n\n-\nLyrics:\nLet's get to it.\nYou know what it is\n\nThe journalist, the jewel dropper, New Sinatra's, it’s metaphysics,\nI move like Mustafa\nFrom coke copper\nto rope rocker,\nI post proper,\nat the Lacasa,\nflicking it in a the fox fur\nWill not slur, wraith coup\nOr drop spur,\nmy eyeballs on billions, the blocks blur\nBaller, set shit off, I'm no staller,\ndon't need jewels on my neck to reflect aura\nBest author,\nfrom Brooklyn expect torture's\nit’s five still alive, I could vibe and rep off of\nFlow silly,\nDum’s out, what's the dilly,\nit's either a hung jury or ride till they come kill me\nShot caller, never a slum watch sporter,\nfeeling like Run when he first rocked the Fedora\nChest broader, fruits and veggie, fresh waters,\nit’s power,\nI knock your cell tower out of order\n\nSurprise clowns we caught ya\nAll off guard, witness the slaughter\nYoung Pablo at the border\nJust left Cabo with a quarter\nDiablo, this a scorcher\nFuck it, Esco up the offer\n\nThe fly nigga haters accumulating, lately I'm movie making\nShorty your Uber here, what I'm calling a rude awakening\nWe spend every moment trying to get all the bros rich\nWhen rap money was slow compared to what the blow did\nWhen hustlers had more cars than stars\nIt's hard to picture that now, we rocking Richards right now\nBack then the most expensive wristwatch was like thirty thou\nThank God for Hip Hop 'cause they might've murdered me wow\nThey on you when you too low, they can't copy your style\nThey foul, that's the part about them they conveniently leaving out\nI just mind my business, some wine and eat halal\nAnd we don't gotta say we real, just what some G's about, no doubt\nWho not them street dudes? I wish it was true\nWish the raw never got in our pores, our fingertips too\nWish that I could erase what I seen in my view\nThe errors, vendettas, sealed  secrets locked up the crew\nDon't let the smooth smile have y'all fooled\nI'll show you what y'all thought y'all knew\nY'all talk, I do\nMy bracket, Valentino, burgundy croc jacket\nStocks massive, I knock this whole planet off its axis\n\nYeah\nSurprise clowns we caught ya\nAll off guard, witness the slaughter\nYoung Pablo at the border\nJust left Cabo with a quarter\nDiablo, this a scorcher\nFuck it, Esco up the offer\n-\n\nFollow AZ:\nInstagram: https://www.instagram.com/quietazmoney/\nX: https://x.com/quietAZmoney\nYoutube: https://www.youtube.com/channel/UCjwIVogi9H0SYNuV8ZKPoxg\nhttps://www.quietmoneydirect.com/", 'thumbnails': {'default': {'url': 'https://i.ytimg.com/vi/7ZzvGku2sjM/default.jpg', 'width': 120, 'height': 90}, 'medium': {'url': 'https://i.ytimg.com/vi/7ZzvGku2sjM/mqdefault.jpg', 'width': 320, 'height': 180}, 'high': {'url': 'https://i.ytimg.com/vi/7ZzvGku2sjM/hqdefault.jpg', 'width': 480, 'height': 360}, 'standard': {'url': 'https://i.ytimg.com/vi/7ZzvGku2sjM/sddefault.jpg', 'width': 640, 'height': 480}, 'maxres': {'url': 'https://i.ytimg.com/vi/7ZzvGku2sjM/maxresdefault.jpg', 'width': 1280, 'height': 720}}, 'channelTitle': 'Louis Cao', 'playlistId': 'PLdydBfVeaGAZ9jWhIrrhqcQgwkUp6irJX', 'position': 68, 'resourceId': {'kind': 'youtube#video', 'videoId': '7ZzvGku2sjM'}, 'videoOwnerChannelTitle': 'AZ Quiet Money', 'videoOwnerChannelId': 'UCjwIVogi9H0SYNuV8ZKPoxg'}}
2026-05-13 10:44:15,112 - backend.services.youtube_service - INFO - Searching YouTube for: Track and Field JJerome87
2026-05-13 10:44:16,958 - backend.services.youtube_service - DEBUG - Found video ID: 5irRXygfyLo
2026-05-13 10:44:16,960 - backend.services.youtube_service - INFO - Adding video 5irRXygfyLo to playlist PLdydBfVeaGAZ9jWhIrrhqcQgwkUp6irJX
2026-05-13 10:44:17,858 - backend.services.youtube_service - DEBUG - Added video: {'kind': 'youtube#playlistItem', 'etag': 'RMImFySsP29TggPRlm8vHEpmEcg', 'id': 'UExkeWRCZlZlYUdBWjlqV2hJcnJocWNRZ3drVXA2aXJKWC40MDNEMzA0QTBFRThFMzBE', 'snippet': {'publishedAt': '2026-05-13T14:44:17Z', 'channelId': 'UC4y2DnxkoJWE7ZQ05MHd8Tw', 'title': 'JJerome87 - Track and Field (Official Video)', 'description': "The official video for JJerome87 - Track and Field.\nTaken from the album, 'The Canyon.'\nListen to ‘Track and Field’: https://JJerome87.lnk.to/TheCanyon\n\nCredits:\nDirected by: Newman-Wallace\nOriginal Concept by: Joe Newman\nCreative Direction by:  Darcy Wallace\nArchive Producer: Tess McNally-Watson\nEditor: Lucy Berry\nAssistant Editor: Valentina West\nSenior Edit Producer: Nikki Porter\nEdit House: Final Cut LTD\nColourist: Luis Reggiardo\n\nStock footage provided by: \nGetty Image\nKino Library\nProducers Library\nPond5 / Avgeeks\nPond5 / Dogphonic\n\nSpecial thanks:\nMadeleine O'Gorman\nBex Redwood\n \nSubscribe to JJerome87’s channel: https://JJerome87.lnk.to/YouTubeSubscribe. \n \nFollow JJerome87: \nInstagram: https://www.instagram.com/jjerome87\nWeb: https://jjerome87.com/\n \nLyrics:\nWell the good times could fill a thimble\nThe saturnine fill a pool\nThough that fear could fill a canyon\nThe fear of losing you\n\nFebruary I felt the same\nthen as I do now\n \nSo take me to Track and Field\nTake me to Track and Field\nTake me to Track and Field\n\nYeah she is a triple take\nShe’s a country she’d be triple A\nBaby come away with me\nLet’s get laser eye surgery\n \nA loud Lamorna\nSinging right down the line\nHey Lamorna\nFastest over the line\nLamorna\nI like rolling you name\naround my tongue\n \nThe phone rings from the living room\nTake me to Track and Field\nTake me to Track and Field\nTake me to Track and Field\n\nHow many numbers did you call before you called me?\n \nFebruary '91\nShe got a scholarship to run run run\nBack in 1983\nJust a kid two years younger than me\n \nBut now Lamorna\nI’m at the precipice of falling for you\nIt's hard Lamoma\nbrothers in my friendship group\nOoh Lamorna\nWatching you watching you run\n \nTake me to that first goodbye\nTake me to Track and Field\nTake me to Track and Field\nTake me to Track and Field\n\nHow many numbers did you call before you called me?\nHow many numbers did you call before you called me?\n\nTake me to that first first goodbye\nHow many numbers did you call before you called me?\nTake me to that first first goodbye\nHow many numbers did you call before you called me?\n\nTake me to that first goodbye\nTake me to Track and Field\nTake me to Track and Field\nTake me to Track and  \nHow many numbers did you call before you called me?", 'thumbnails': {'default': {'url': 'https://i.ytimg.com/vi/5irRXygfyLo/default.jpg', 'width': 120, 'height': 90}, 'medium': {'url': 'https://i.ytimg.com/vi/5irRXygfyLo/mqdefault.jpg', 'width': 320, 'height': 180}, 'high': {'url': 'https://i.ytimg.com/vi/5irRXygfyLo/hqdefault.jpg', 'width': 480, 'height': 360}, 'standard': {'url': 'https://i.ytimg.com/vi/5irRXygfyLo/sddefault.jpg', 'width': 640, 'height': 480}, 'maxres': {'url': 'https://i.ytimg.com/vi/5irRXygfyLo/maxresdefault.jpg', 'width': 1280, 'height': 720}}, 'channelTitle': 'Louis Cao', 'playlistId': 'PLdydBfVeaGAZ9jWhIrrhqcQgwkUp6irJX', 'position': 69, 'resourceId': {'kind': 'youtube#video', 'videoId': '5irRXygfyLo'}, 'videoOwnerChannelTitle': 'JJerome87', 'videoOwnerChannelId': 'UCghp_G_LYn1vMPGTK9larrg'}}
2026-05-13 10:44:17,858 - backend.services.youtube_service - INFO - Searching YouTube for: American Dream Alabama Shakes
2026-05-13 10:44:19,575 - backend.services.youtube_service - DEBUG - Found video ID: AaWUQstLC7o
2026-05-13 10:44:19,576 - backend.services.youtube_service - INFO - Adding video AaWUQstLC7o to playlist PLdydBfVeaGAZ9jWhIrrhqcQgwkUp6irJX
2026-05-13 10:44:19,906 - backend.services.youtube_service - DEBUG - Added video: {'kind': 'youtube#playlistItem', 'etag': 'moKNofnlq0LvrWchK-EvIWVNpRM', 'id': 'UExkeWRCZlZlYUdBWjlqV2hJcnJocWNRZ3drVXA2aXJKWC42RTNCOEMxREI3Q0VDMjU2', 'snippet': {'publishedAt': '2026-05-13T14:44:19Z', 'channelId': 'UC4y2DnxkoJWE7ZQ05MHd8Tw', 'title': 'Alabama Shakes - American Dream (Lyric Video)', 'description': '"American Dream" Out Now! https://alabamashakes.lnk.to/AmericanDream\n\nGet tickets for the 2026 tour: https://www.alabamashakes.com/tour\n\nLyrics:\nI thought we wanted the same things\nI must be dreaming\n \nThe American dream\nPeace. Love. Happiness\nThe impossible dream\nOpportunity. Freedom\nI must be dreaming\nThe American dream\nI must be dreaming\nI must be dreaming\nThe impossible dream\nI must be dreaming\n \nWhat are we doing?\nWhat are we doing?\n \nOut of reach\nDouble speak\nGot the white house pretty and pimped out\nGun reform\nMy body my choice\nGot the big tv to show you what you didn\'t even know you wanted\nGot the E.P.A., sure is hot today\nLow grade fever, lower wage people\nHow many folks got shot this week\nIt’s enough to make you wanna go back to sleep\n \nThe American dream\nI wanna go back to sleep now\nThe impossible dream\nI can’t keep dreaming\nThe American dream\nThe impossible dream\nkeep dreaming\n\nCredits:\nWritten by Brittany Howard, Heath Fogg, and Zac Cockrell\nPublished by Limestone Listening Club Publishing (BMI)\nProduced by Alabama Shakes & Shawn Everett\nRecorded by Shawn Everett at Sound Emporium Studios & Blackbird Studios - Nashville, TN\nAssistant Engineering by Austin Brown, Steven Cordray, & Ethan Shull at Blackbird Studios\nAssistant Engineering by Skyler Chuckry at Sound Emporium Studios\nMixed by Shawn Everett at Subtle McNugget Studios - Los Angeles\nMastered by Patricia Sullivan at Bernie Grundman Mastering Hollywood, CA\nGuitar by Heath Fogg & Brittany Howard\nBass by Zac Cockrell\nDrums by Lewis Wright\nKeyboards by Lloyd Buchanan\nVocals by Brittany Howard\nA&R: Kevin Morris, Christine Stauder, Justin Eshak\nA&R Coordinator: Sundhya Alter\nA&R Administration : Gabrielle Rosen\n\nFollow:\nhttps://www.instagram.com/alabama_shakes\nhttps://www.tiktok.com/@alabamashakesofficial\nhttps://www.youtube.com/@AlabamaShakes/featured\nhttps://www.facebook.com/theAlabamaShakes/\nhttps://music.apple.com/us/artist/alabama-shakes/498509884\n\n#alabamashakes #americandream', 'thumbnails': {'default': {'url': 'https://i.ytimg.com/vi/AaWUQstLC7o/default.jpg', 'width': 120, 'height': 90}, 'medium': {'url': 'https://i.ytimg.com/vi/AaWUQstLC7o/mqdefault.jpg', 'width': 320, 'height': 180}, 'high': {'url': 'https://i.ytimg.com/vi/AaWUQstLC7o/hqdefault.jpg', 'width': 480, 'height': 360}, 'standard': {'url': 'https://i.ytimg.com/vi/AaWUQstLC7o/sddefault.jpg', 'width': 640, 'height': 480}}, 'channelTitle': 'Louis Cao', 'playlistId': 'PLdydBfVeaGAZ9jWhIrrhqcQgwkUp6irJX', 'position': 70, 'resourceId': {'kind': 'youtube#video', 'videoId': 'AaWUQstLC7o'}, 'videoOwnerChannelTitle': 'Alabama Shakes', 'videoOwnerChannelId': 'UCkDw4xg86Jlph29KqQw_Xhw'}}
2026-05-13 10:44:19,907 - backend.services.youtube_service - INFO - Searching YouTube for: No One Told Us 50 Cent
2026-05-13 10:44:21,929 - backend.services.youtube_service - DEBUG - Found video ID: QIUyh1jK1BQ
2026-05-13 10:44:21,931 - backend.services.youtube_service - INFO - Adding video QIUyh1jK1BQ to playlist PLdydBfVeaGAZ9jWhIrrhqcQgwkUp6irJX
2026-05-13 10:44:22,641 - backend.services.youtube_service - DEBUG - Added video: {'kind': 'youtube#playlistItem', 'etag': 'idvKB-TIetvY0LmYFk_MwKCb5OQ', 'id': 'UExkeWRCZlZlYUdBWjlqV2hJcnJocWNRZ3drVXA2aXJKWC43QzNCNkZENzIyMDY2MjZB', 'snippet': {'publishedAt': '2026-05-13T14:44:22Z', 'channelId': 'UC4y2DnxkoJWE7ZQ05MHd8Tw', 'title': "50 Cent Feat. Leon Thomas & Fetty Wap  - 'No One Told Us' | Extended Version", 'description': "Check out the official extended version for 'No One Told Us,' the theme song for upcoming series 'Power: Origins'  \n\nShop Now: https://www.gunitbrands.com/", 'thumbnails': {'default': {'url': 'https://i.ytimg.com/vi/QIUyh1jK1BQ/default.jpg', 'width': 120, 'height': 90}, 'medium': {'url': 'https://i.ytimg.com/vi/QIUyh1jK1BQ/mqdefault.jpg', 'width': 320, 'height': 180}, 'high': {'url': 'https://i.ytimg.com/vi/QIUyh1jK1BQ/hqdefault.jpg', 'width': 480, 'height': 360}, 'standard': {'url': 'https://i.ytimg.com/vi/QIUyh1jK1BQ/sddefault.jpg', 'width': 640, 'height': 480}, 'maxres': {'url': 'https://i.ytimg.com/vi/QIUyh1jK1BQ/maxresdefault.jpg', 'width': 1280, 'height': 720}}, 'channelTitle': 'Louis Cao', 'playlistId': 'PLdydBfVeaGAZ9jWhIrrhqcQgwkUp6irJX', 'position': 71, 'resourceId': {'kind': 'youtube#video', 'videoId': 'QIUyh1jK1BQ'}, 'videoOwnerChannelTitle': '50 Cent', 'videoOwnerChannelId': 'UC8zJedg1f4sKnyuHWeS6vyw'}}
2026-05-13 10:44:22,642 - backend.services.youtube_service - INFO - Searching YouTube for: SAME SH!T Isaiah Rashad
2026-05-13 10:44:24,281 - backend.services.youtube_service - DEBUG - Found video ID: z_8vbppalKo
2026-05-13 10:44:24,283 - backend.services.youtube_service - INFO - Adding video z_8vbppalKo to playlist PLdydBfVeaGAZ9jWhIrrhqcQgwkUp6irJX
2026-05-13 10:44:24,627 - backend.services.youtube_service - DEBUG - Added video: {'kind': 'youtube#playlistItem', 'etag': 'Sichpvc2bHOiW52OKU62Th425E0', 'id': 'UExkeWRCZlZlYUdBWjlqV2hJcnJocWNRZ3drVXA2aXJKWC5EQkE3RTJCQTJEQkFBQTcz', 'snippet': {'publishedAt': '2026-05-13T14:44:24Z', 'channelId': 'UC4y2DnxkoJWE7ZQ05MHd8Tw', 'title': 'Isaiah Rashad - SAME SH!T (Official Video)', 'description': 'itsbeenawful.com\n\nListen to SAME SH!T: https://isaiahrashad.lnk.to/SAMESHIT\n\nPre-Order \'It\'s Been Awful\'\nSpotify pre-save https://shorturl.at/ba5W6\nApple pre-save https://shorturl.at/O1Wpu\n\nTwitter: https://twitter.com/isaiahrashad\nInstagram: https://www.instagram.com/isaiahrashad/\nDiscord: https://discord.com/invite/ltkp \nTikTok: https://www.tiktok.com/@isaiahrashad\nFacebook: https://www.facebook.com/isaiahrashad\nSoundcloud: https://soundcloud.com/isaiah_rashad\nSpotify: https://open.spotify.com/artist/6aaMZ3fcfLv4tEbmY7bjRM?si=XwJpUWfGTlKKCyizEmvH7g&dl_branch=1\nApple Music: https://music.apple.com/us/artist/isaiah-rashad/605391263\n\n#IsaiahRashad #ItsBeenAwful #TDE\n\nTxDxE.com\n\nSAME SH!T CREDITS\nDirected by Omar Jones for Adele Drive @freeomarjones @adele_drive\n\nExecutive Producers: Anthony “Top Dawg” Tiffith, Anthony Moosa Tiffith @moosatde\nProduction Company: Adele Drive @adele_drive\nProducer: Farah Idrees @idr_farah & Anthony Moosa Tiffith @moosatde \nWritten by Omar Jones @freeomarjones\nDirector of Photography: Cory Burmester @cory.burmester\nProduction Designer: Matt Toth @mattt.toth\nEditor: Derrick Monks @derrickmonks | MakeMake Editing @makemakeediting\nColorist: Myles Bevan @m.y.l.e.s | ModernPost\nSound Designer | Final Mix: Colton Jackson\nVFX supervisor: Olly Caiden @ocaiden | noise @noisestudio.xyz\nArtist Mgmt: Matt Miller @mattmillertde\nTDE EP: Langston Griffith-Siebens @langstonsiebens\nStylist: Sakinah Bashir @sakinahbashir_\nTitles: Dann Gilbuena, Michael Lewis and Pat Palacio\n\nLA:\n1st AC: Paul Weidt, Eduardo Gonzalez\n2nd AC: Codi Roberts, McKay Todd\nGaffer: Eddie Reid@eddiereidfeilms\nBest Boy Electric: Kevin Williams\nElectric: Thomas King\nKey Grip: Alessandro Picasso@picasso_319\nBest Boy Grip: Gary Harvill\nGrip / Driver: Alex Schmidt, Paul Reynoso\nSteadicam: José Espinoza\n\nChattanooga, TN:\n1st AC: Joel Chivington\nSteadicam: Chris Smith \nArt Director: Elorm Srigboh\n\n1st AD: Robert "RB" Blair, Jorden Smooth@cinemacowboy.rb @jordensmooth\nProduction Manager (TDE): Henry Anguiano@bighendoooo\nProduction Coordinators: Malik Riley @imleeko, Moun Soussan@moun.sous \n\nProduction Designer Matthew Toth @mattt.toth\nArt Director: Kellie Arceneaux @kelliearceneaux_\nSet Dresser: Drew Wall @cdrewwall\nSet Dresser: Rob Luedtke @rldtke\n\nCasting Director: Copelan Cash\nAD PA: Bianca Ostojich@destinedbee\nTruck PA: Allen Amechi\nProduction Assistants: Jack Clarke, Peter Fugawa\n\n\n\nB-UNIT\nProduction Company – Dogma Studios × Twisted Hammock\nExecutive Producer: Nicholas Buckwalter\nProducers – Aryan Gupta & Sehran Khan\nUnit Production Manager – Vita Presley\n1st Assistant Director — Izzy Hameed\n\nDirector of Photography — Cory Burmester\nSteadicam Operator — Zachary Stanke\n1st AC — Erik Aguilar\n2nd AC — Bryam Aguilar\n\nGaffer — Isaac Marziali\nKey Grip — Matt Planer\nBest Boy Electric — Em Shafer\nBest Boy Grip — Jake Condon\n\nProduction Designer — Kellie Arceneaux\nArt PA — Rob Luedtke\n\nProduction Sound Mixer — Javier Covarrubias\n\nProduction Assistants – Joey Hearth, Ryan Lee, & Zeke edielson\n\nCast\nPrincipal Talent\nIsaiah Rashad — Artist\nTabitha Green — Bride\nRaven Schexnayder — Bride\nSupporting / Family\nMoses Jackson — Family\nViolet Redfield — Family\nSandra Atkins — Family\n\n\n\nPOST PRODUCTION:\nAssistant Editors: Justin Marquez @justintimemarquez and Arne Christensen @arnechristiansen \nProducer: Aymi Sanchez @aymisanchez\nExecutive Producers: Meagen Carroll @deathbyaltoids\nHead of Production: Dani DuHadway Spagnoli @dani_du\nManaging Director: Eve Kornblum @eve_makemake\n\nTitles: Dann Gilbuena\n\nSpecial Thanks:\nChattanooga Public Library\nLennox Miller\nBMR.nem', 'thumbnails': {'default': {'url': 'https://i.ytimg.com/vi/z_8vbppalKo/default.jpg', 'width': 120, 'height': 90}, 'medium': {'url': 'https://i.ytimg.com/vi/z_8vbppalKo/mqdefault.jpg', 'width': 320, 'height': 180}, 'high': {'url': 'https://i.ytimg.com/vi/z_8vbppalKo/hqdefault.jpg', 'width': 480, 'height': 360}, 'standard': {'url': 'https://i.ytimg.com/vi/z_8vbppalKo/sddefault.jpg', 'width': 640, 'height': 480}, 'maxres': {'url': 'https://i.ytimg.com/vi/z_8vbppalKo/maxresdefault.jpg', 'width': 1280, 'height': 720}}, 'channelTitle': 'Louis Cao', 'playlistId': 'PLdydBfVeaGAZ9jWhIrrhqcQgwkUp6irJX', 'position': 72, 'resourceId': {'kind': 'youtube#video', 'videoId': 'z_8vbppalKo'}, 'videoOwnerChannelTitle': 'isaiah rashad', 'videoOwnerChannelId': 'UCDfdBkK0m12ViuT9DvwnZvA'}}
2026-05-13 10:44:24,633 - backend.services.youtube_service - INFO - Searching YouTube for: Can't Express Roddy Ricch
2026-05-13 10:44:26,419 - backend.services.youtube_service - DEBUG - Found video ID: cQhKyvgm9io
2026-05-13 10:44:26,420 - backend.services.youtube_service - INFO - Adding video cQhKyvgm9io to playlist PLdydBfVeaGAZ9jWhIrrhqcQgwkUp6irJX
2026-05-13 10:44:26,666 - backend.services.youtube_service - DEBUG - Added video: {'kind': 'youtube#playlistItem', 'etag': 'Pqh6kksmz_FIKY2cm23Kg-yxI9g', 'id': 'UExkeWRCZlZlYUdBWjlqV2hJcnJocWNRZ3drVXA2aXJKWC4yQzk4QTA5QjkzMTFFOEI1', 'snippet': {'publishedAt': '2026-05-13T14:44:26Z', 'channelId': 'UC4y2DnxkoJWE7ZQ05MHd8Tw', 'title': "Roddy Ricch - Can't Express [Official Music Video]", 'description': 'Roddy Ricch - Can\'t Express [Official Music Video]\nStream/Download - https://RoddyRicch.lnk.to/FeedThaStreets2\n\n‘LIVE LIFE FAST’ out now: https://roddyricch.lnk.to/LLFID"\n\n🔔 Subscribe to the channel and stay notified https://www.youtube.com/@RoddyRicch?sub_confirmation=1\n\nWatch all the Official Music Videos: https://www.youtube.com/playlist?list=PLoIBqO622uqi5ILoke96uXewjPf0mIh4C\n\nFollow Roddy Ricch\nhttps://instagram.com/roddyricch\nhttps://twitter.com/roddyricch\nhttps://soundcloud.com/roddyricch\nhttps://facebook.com/RoddyRicch/\nhttps://roddyricch.com\n\nLyrics:\nI can\'t express myself, don\'t know how to start\nThat\'s why I\'m double cupped up, I go to Mars\nShawty was with me in the bando from the start\nNow we in the Phantom, lookin\' at the stars\nWhen all this money came, these hoes played on me\nI remained the same nigga, so please don\'t change on me\nA lot of these hoes round a nigga, they be too fake\n\'Cause a young nigga been hoppin\' out that new Wraith\n\nAll these problems got me drownin\' in my Codeine\nDouble up, the birds got me trappin\' out them four wings\nTwenty-four-seven I just want you to be honest with me\nYou protected cause I keep the 9 under me\nAll them late night conversations in the loft\nDidn\'t had to tell you, you knew we was gonna ball\nBut I\'ve been havin\' to explain to these hoes, gotta get off me\nVvs diamonds in your ring, no Charles Barkley (ayy)\nI just got a number one rule, shawty don\'t lie to me (don\'t lie)\nIf you want a bad bitch in the threesome, we can find her\nI\'ma keep you flooded and on fleek in that designer\nYou know we be chasin\' that bag, I\'m right behind her\n\nI can\'t express myself, don\'t know how to start\nThat\'s why I\'m double cupped up, I go to Mars\nShawty was with me in the bando from the start\nNow we in the Phantom, lookin\' at the stars\nWhen all this money came, these hoes played on me\nI remained the same nigga, so please don\'t change on me\nA lot of these hoes \'round a nigga, they be too fake\n\'Cause a young nigga been hoppin\' out that new Wraith\n\nNow that I got it, I ain\'t knowin\' who to share it with\nGive you that \'Rari thing, horses on the carriages\nGet you red bottom boxes you don\'t know what pair this is\nBack shots, gotta hit it, high notes, Mariah Carey and shit\nI bought a white tee just to match it on your toenails, yeah\nI done paid full price on Chanel, this ain\'t no wholesale, yeah\nMe and shawty, street relationship goals yeah\nWhatever she needs, a nigga gotta be there for her\nShe be dippin\' that Range nigga, f*ck a Explorer\nGave her ten racks just to blow at Sephora\nShe want Dolce and Gabbana, she ain\'t fuckin\' with Zara\nThought we would be one night until a nigga got to know her\n\nI can\'t express myself\nDon\'t know how to start (don\'t know how to start)\nThat\'s why I\'m double cupped up, I go to Mars \nShawty was with me in the bando from the start (aw yeah)\nNow we in the Phantom, lookin\' at the stars\nWhen all this money came, these hoes played on me (yeah, yeah, yeah)\nI remained the same nigga\nSo please don\'t change on me (change on me)\nA lot of these hoes \'round a nigga, they be too fake\n\'Cause a young nigga been hoppin\' out that new Wraith\n\nYeah, yeah, yeah\nI can\'t express myself\nI can\'t express myself\nYeah, yeah, eah (keep that)', 'thumbnails': {'default': {'url': 'https://i.ytimg.com/vi/cQhKyvgm9io/default.jpg', 'width': 120, 'height': 90}, 'medium': {'url': 'https://i.ytimg.com/vi/cQhKyvgm9io/mqdefault.jpg', 'width': 320, 'height': 180}, 'high': {'url': 'https://i.ytimg.com/vi/cQhKyvgm9io/hqdefault.jpg', 'width': 480, 'height': 360}, 'standard': {'url': 'https://i.ytimg.com/vi/cQhKyvgm9io/sddefault.jpg', 'width': 640, 'height': 480}, 'maxres': {'url': 'https://i.ytimg.com/vi/cQhKyvgm9io/maxresdefault.jpg', 'width': 1280, 'height': 720}}, 'channelTitle': 'Louis Cao', 'playlistId': 'PLdydBfVeaGAZ9jWhIrrhqcQgwkUp6irJX', 'position': 73, 'resourceId': {'kind': 'youtube#video', 'videoId': 'cQhKyvgm9io'}, 'videoOwnerChannelTitle': 'Roddy Ricch', 'videoOwnerChannelId': 'UChQdA1rid5kKZh6oIc6DLNg'}}
2026-05-13 10:44:26,667 - backend.services.youtube_service - INFO - Searching YouTube for: Walk Em Down (feat. Roddy Ricch) NLE Choppa
2026-05-13 10:44:28,689 - backend.services.youtube_service - DEBUG - Found video ID: fyIcQ1Xl-rs
2026-05-13 10:44:28,692 - backend.services.youtube_service - INFO - Adding video fyIcQ1Xl-rs to playlist PLdydBfVeaGAZ9jWhIrrhqcQgwkUp6irJX
2026-05-13 10:44:28,933 - backend.services.youtube_service - DEBUG - Added video: {'kind': 'youtube#playlistItem', 'etag': '4p93rYP0FsRqhNhiB1pqEFUHmg8', 'id': 'UExkeWRCZlZlYUdBWjlqV2hJcnJocWNRZ3drVXA2aXJKWC45NDlDQUFFOThDMTAxQjUw', 'snippet': {'publishedAt': '2026-05-13T14:44:28Z', 'channelId': 'UC4y2DnxkoJWE7ZQ05MHd8Tw', 'title': 'NLE Choppa - Walk Em Down feat. Roddy Ricch [Official Music Video]', 'description': "Watch the official music video for Walk Em Down by NLE Choppa feat. Roddy Ricch from the album Top Shotta.\n🔔 Subscribe to the channel: https://youtube.com/c/NLECHOPPA?sub_confirmation=1\n\nWalk Em Down available here: https://nlechoppa.lnk.to/walkemdown\nMerch: https://warnerrecords.lnk.to/choppastore\n\nA Psycho Films Production\nDirector: Christian Sutton\nEP: Sam Canter\nProducers: Geenah Krisht & Mary Margaret Merritt\nDP: Dannel Escallon\nPD: Dre Day Designz\n1st AD: Erik Mateo\nEditor: Tyler Sobel-Mason \nVFX: Warm & Fuzzy, Nuclear Creative, Max Goodrich, & Will Tooke\nColorist: Stephen Derluguian\nLasers: FutureWeapons Lasers\n\nFollow NLE Choppa:\nTxt: (901)245-5603\nWeb: https://nlechoppa.com\nEmail: https://nlechoppa.com/mailing-list\nInstagram: https://instagram.com/nlechoppamusic\nFacebook: https://facebook.com/nlechoppamusic\nTwitter: https://twitter.com/nlechoppa1\nSnapchat: https://snapchat.com/add/nlechoppamusic\nTikTok: @NLEChoppaMusic\nTriller: @NLEChoppa\n\nNLE Choppa is a Memphis-born rapper renowned for his hits “Walk Em Down,” “Shotta Flow,” “Famous Hoes,” “Birdboy,” “Free Youngboy,” “Blocc Is Hot,” and “Camelot.” He worked with artists like Roddy Rich, 50 cent, Blueface, and Lil Baby — amassing billions of global streams and earned the #1 spot on Billboard’s Emerging Artist Chart.\n\nLyrics:\nCashMoneyAP\nOoh, ooh, no, no\nNLE the Top Shotta\n\nPosted, in front of the trap\nSelling dope, 'till the sun come down\nTake a fuck nigga right off the map\nWhen I hit him, with this whole hundred rounds\nYoung joc, in the club, with my Glock\nYou want to play and then this bitch going down\nWe ain't hesitatin', bullets get to blazin'\nImma lay him down like he in the lounge\n\nWalk 'em down\nWalk 'em down\nWalk 'em down\nWalk 'em down\nWalk 'em down\nWalk 'em down\nWalk 'em down\nWalk 'em down\n\nWalk down on 'em in Balenciaga runners\nMy blood, slime a nigga out, just like a anaconda\nYou go against me, then you fuck, just like a used condom\nI roll 'em up, and then I smoke 'em, like some good ganja\nAy, still doing drive-bys, but I want to walk 'em\nIf I can't find 'em, you know I'm gonna stalk 'em\nCaution tape up on the scene, I had to white chalk 'em\nRunning from my gun, but my bullets had to hawk 'em\n\nPosted, in front of the trap\nSelling dope, till the sun come down\nTake a fuck nigga right off the map\nWhen I hit him, with this whole hundred rounds\nYoung joc, in the club, with my Glock\nYou want to play, and then this bitch going down\nWe ain't hesitatin' bullets get to blazin'\nImma lay him down like he in the lounge\n\nWalk 'em down\nWalk 'em down\nWalk 'em down\nWalk 'em down\nWalk 'em down\nWalk 'em down\nWalk 'em down\nWalk 'em down\n\nNigga, I was posted on the corner, where the jays at\nRoll up in the four by four, pull at the corner store\nAnd I got red in my drink, when I pour up soda\nI remember praying that the feds never take the Motorola\nChoppa got the choppa, make 'em do a backflip\nPay my dog a dime to walk him down, he need the racks bitch\nI've been drinkin, I been taking all this codeine to the face\nGot a lot of m's in the safe\nCaught a murder, then I beat the case\nI was just about to do the race\n\nPosted, in front of the trap\nSelling dope, till the sun come down\nTake a fuck nigga right off the map\nWhen I hit him, with this whole hundred rounds\nYoung joc, in the club, with my Glock\nYou want to play, and then this bitch going down\nWe ain't hesitatin' bullets get to blazin'\nImma lay him down like he in the lounge\n\nWalk 'em down\nWalk 'em down\nWalk 'em down\nWalk 'em down\nWalk 'em down\nWalk 'em down\nWalk 'em down\nWalk 'em down \n\n#OfficialMusicVideo #NLEChoppa #RoddyRicch #WalkEmDown #WeAreWarnerRecords", 'thumbnails': {'default': {'url': 'https://i.ytimg.com/vi/fyIcQ1Xl-rs/default.jpg', 'width': 120, 'height': 90}, 'medium': {'url': 'https://i.ytimg.com/vi/fyIcQ1Xl-rs/mqdefault.jpg', 'width': 320, 'height': 180}, 'high': {'url': 'https://i.ytimg.com/vi/fyIcQ1Xl-rs/hqdefault.jpg', 'width': 480, 'height': 360}, 'standard': {'url': 'https://i.ytimg.com/vi/fyIcQ1Xl-rs/sddefault.jpg', 'width': 640, 'height': 480}, 'maxres': {'url': 'https://i.ytimg.com/vi/fyIcQ1Xl-rs/maxresdefault.jpg', 'width': 1280, 'height': 720}}, 'channelTitle': 'Louis Cao', 'playlistId': 'PLdydBfVeaGAZ9jWhIrrhqcQgwkUp6irJX', 'position': 74, 'resourceId': {'kind': 'youtube#video', 'videoId': 'fyIcQ1Xl-rs'}, 'videoOwnerChannelTitle': 'NLE CHOPPA', 'videoOwnerChannelId': 'UCWICXNlSLc7eeNazpzUZcLg'}}
2026-05-13 10:44:28,935 - backend.services.youtube_service - INFO - Searching YouTube for: War Baby Roddy Ricch
2026-05-13 10:44:30,891 - backend.services.youtube_service - DEBUG - Found video ID: YK9UDVBqIBs
2026-05-13 10:44:30,893 - backend.services.youtube_service - INFO - Adding video YK9UDVBqIBs to playlist PLdydBfVeaGAZ9jWhIrrhqcQgwkUp6irJX
2026-05-13 10:44:31,135 - backend.services.youtube_service - DEBUG - Added video: {'kind': 'youtube#playlistItem', 'etag': '1IO69N3cLcrFjh9cRdXAKv-6HTg', 'id': 'UExkeWRCZlZlYUdBWjlqV2hJcnJocWNRZ3drVXA2aXJKWC4xN0Y2QjVBOEI2MzQ5OUM5', 'snippet': {'publishedAt': '2026-05-13T14:44:30Z', 'channelId': 'UC4y2DnxkoJWE7ZQ05MHd8Tw', 'title': 'Roddy Ricch - War Baby [Official Audio]', 'description': 'Roddy Ricch - War Baby [Official Audio]\nStream - https://roddyricch.lnk.to/PleaseExcuseMeForBeingAntisocial\n\n‘LIVE LIFE FAST’ out now: https://roddyricch.lnk.to/LLFID"\n\n🔔 Subscribe to the channel and stay notified https://www.youtube.com/@RoddyRicch?sub_confirmation=1\n\nWatch all the Official Music Videos: https://www.youtube.com/playlist?list=PLoIBqO622uqi5ILoke96uXewjPf0mIh4C\n\nFollow Roddy Ricch\nhttps://instagram.com/roddyricch\nhttps://twitter.com/roddyricch\nhttps://soundcloud.com/roddyricch\nhttps://facebook.com/RoddyRicch/\nhttps://roddyricch.com\n\nLyrics:\nI\'m from the bottom of the bottom, check your sources, baby\nI\'m a war baby, but I can\'t divorce the paper\nI\'m a hood nigga that turned rich so I got Dior\'s latest\nAnd you know I gotta stick to my roots, I still rock Jordans, baby\nIt was hell in the projects, I survived the storm\nGot brothers in the sky, they die \'fore they born\nI know the worst conditions make a champion\nLook at my ice froze like a mannequin\nI\'m underwater like I\'m swimming and panicking\nBody bags zipped up like a laminate\nOnly solution for the opps is to stay inside\nHow your niggas say they rock, but they don\'t slide?\n\n\'Cause we was hopping out in broad day\nServing fiends in the hallway\nPromethazine \'til the morning\nHope I don\'t wake up tomorrow\nWe was the type of niggas that would rob the robbers\nI\'ma make the choppa sing like la-di-da-da-da (La-da, la-da)\nThe choppa sing like la-di-da-da-da\nSurvived in the trenches, I\'m a war baby\nI had to slide on the sliders that ain\'t normal, baby\n\nLike the mob ties in Houston we got rag ties\nI pray the Lord forgive me the day that I got baptized\n\'Cause I\'ma clutch the sticky every time a car passing by\nI don\'t wanna be Ricky or another victim of homicide\n\'Cause I know the soul never dies\nI make the chrome-chrome fly\nBitch, I\'m a wave, Roll Tide\nBullets at your face, bow tie\nMy persona done got her tongue tied\nI was taught that a legend never dies\nWhen it\'s time gotta let the lead fly\n\'Cause I\'m a war-war-war baby\nPost-traumatic stress I know the war changed me\nHad to bend back but they could never break me had to slide\n\nWe was hopping out in broad day\nServing fiends in the hallway\nPromethazine \'til the morning\nHope I don\'t wake up tomorrow\nWe was the type of niggas that would rob the robbers\nI\'ma make the choppa sing like la-di-da-da-da (La-da, la-da)\nThe choppa sing like la-di-da-da-da\nSurvived in the trenches I\'m a war baby\nI had to slide on the sliders that ain\'t normal baby, yeah', 'thumbnails': {'default': {'url': 'https://i.ytimg.com/vi/YK9UDVBqIBs/default.jpg', 'width': 120, 'height': 90}, 'medium': {'url': 'https://i.ytimg.com/vi/YK9UDVBqIBs/mqdefault.jpg', 'width': 320, 'height': 180}, 'high': {'url': 'https://i.ytimg.com/vi/YK9UDVBqIBs/hqdefault.jpg', 'width': 480, 'height': 360}, 'standard': {'url': 'https://i.ytimg.com/vi/YK9UDVBqIBs/sddefault.jpg', 'width': 640, 'height': 480}, 'maxres': {'url': 'https://i.ytimg.com/vi/YK9UDVBqIBs/maxresdefault.jpg', 'width': 1280, 'height': 720}}, 'channelTitle': 'Louis Cao', 'playlistId': 'PLdydBfVeaGAZ9jWhIrrhqcQgwkUp6irJX', 'position': 75, 'resourceId': {'kind': 'youtube#video', 'videoId': 'YK9UDVBqIBs'}, 'videoOwnerChannelTitle': 'Roddy Ricch', 'videoOwnerChannelId': 'UChQdA1rid5kKZh6oIc6DLNg'}}
2026-05-13 10:44:31,136 - backend.services.youtube_service - INFO - Searching YouTube for: Vertigo Khalid
2026-05-13 10:44:33,258 - backend.services.youtube_service - DEBUG - Found video ID: brq-z2IlfDA
2026-05-13 10:44:33,261 - backend.services.youtube_service - INFO - Adding video brq-z2IlfDA to playlist PLdydBfVeaGAZ9jWhIrrhqcQgwkUp6irJX
2026-05-13 10:44:33,470 - backend.services.youtube_service - DEBUG - Added video: {'kind': 'youtube#playlistItem', 'etag': 'cb1Fhc8ebjY-nlOrapDXpwvvl3I', 'id': 'UExkeWRCZlZlYUdBWjlqV2hJcnJocWNRZ3drVXA2aXJKWC5FQUY2Qzk4RUFDN0ZFRkZF', 'snippet': {'publishedAt': '2026-05-13T14:44:33Z', 'channelId': 'UC4y2DnxkoJWE7ZQ05MHd8Tw', 'title': 'Khalid - Vertigo (Official Audio)', 'description': "'Suncity’ Out Now!  http://smarturl.it/SuncityEP\n\nApple Music: http://smarturl.it/SuncityEP/applemusic\niTunes: http://smarturl.it/SuncityEP/itunes\nSpotify: http://smarturl.it/SuncityEP/spotify\nAmazon Music: http://smarturl.it/SuncityEP/az\nGoogle Play: http://smarturl.it/SuncityEP/googleplay \niHeartRadio: http://smarturl.it/SuncityEP/iheartradio\nPandora: http://smarturl.it/SuncityEP/pandora \nTIDAL:http://smarturl.it/SuncityEP/tidal\n\nFollow Khalid:\nhttps://www.facebook.com/thegreatkhalid\nhttps://twitter.com/thegreatkhalid\nhttps://www.instagram.com/thegr8khalid/\n\n#Khalid #SunCityEP", 'thumbnails': {'default': {'url': 'https://i.ytimg.com/vi/brq-z2IlfDA/default.jpg', 'width': 120, 'height': 90}, 'medium': {'url': 'https://i.ytimg.com/vi/brq-z2IlfDA/mqdefault.jpg', 'width': 320, 'height': 180}, 'high': {'url': 'https://i.ytimg.com/vi/brq-z2IlfDA/hqdefault.jpg', 'width': 480, 'height': 360}, 'standard': {'url': 'https://i.ytimg.com/vi/brq-z2IlfDA/sddefault.jpg', 'width': 640, 'height': 480}, 'maxres': {'url': 'https://i.ytimg.com/vi/brq-z2IlfDA/maxresdefault.jpg', 'width': 1280, 'height': 720}}, 'channelTitle': 'Louis Cao', 'playlistId': 'PLdydBfVeaGAZ9jWhIrrhqcQgwkUp6irJX', 'position': 76, 'resourceId': {'kind': 'youtube#video', 'videoId': 'brq-z2IlfDA'}, 'videoOwnerChannelTitle': 'KhalidVEVO', 'videoOwnerChannelId': 'UCcN-NDV03eHs6oLd1pe2r8w'}}
2026-05-13 10:44:33,471 - backend.services.youtube_service - INFO - Searching YouTube for: Youth (feat. Khalid) Shawn Mendes
2026-05-13 10:44:35,548 - backend.services.youtube_service - DEBUG - Found video ID: sJUGAIf1Px0
2026-05-13 10:44:35,549 - backend.services.youtube_service - INFO - Adding video sJUGAIf1Px0 to playlist PLdydBfVeaGAZ9jWhIrrhqcQgwkUp6irJX
2026-05-13 10:44:35,881 - backend.services.youtube_service - DEBUG - Added video: {'kind': 'youtube#playlistItem', 'etag': 'VeW4lQfpMmWWOt231id2ApiuC7M', 'id': 'UExkeWRCZlZlYUdBWjlqV2hJcnJocWNRZ3drVXA2aXJKWC5CMEVBRUJERkUyNTBENTkz', 'snippet': {'publishedAt': '2026-05-13T14:44:35Z', 'channelId': 'UC4y2DnxkoJWE7ZQ05MHd8Tw', 'title': 'Shawn Mendes - Youth ft. Khalid', 'description': 'Music video by Shawn Mendes performing Youth. © 2018 Island Records, a division of UMG Recordings, Inc.', 'thumbnails': {'default': {'url': 'https://i.ytimg.com/vi/sJUGAIf1Px0/default.jpg', 'width': 120, 'height': 90}, 'medium': {'url': 'https://i.ytimg.com/vi/sJUGAIf1Px0/mqdefault.jpg', 'width': 320, 'height': 180}, 'high': {'url': 'https://i.ytimg.com/vi/sJUGAIf1Px0/hqdefault.jpg', 'width': 480, 'height': 360}, 'standard': {'url': 'https://i.ytimg.com/vi/sJUGAIf1Px0/sddefault.jpg', 'width': 640, 'height': 480}, 'maxres': {'url': 'https://i.ytimg.com/vi/sJUGAIf1Px0/maxresdefault.jpg', 'width': 1280, 'height': 720}}, 'channelTitle': 'Louis Cao', 'playlistId': 'PLdydBfVeaGAZ9jWhIrrhqcQgwkUp6irJX', 'position': 77, 'resourceId': {'kind': 'youtube#video', 'videoId': 'sJUGAIf1Px0'}, 'videoOwnerChannelTitle': 'ShawnMendesVEVO', 'videoOwnerChannelId': 'UC4-TgOSMJHn-LtY4zCzbQhw'}}
2026-05-13 10:44:35,882 - backend.services.youtube_service - INFO - Searching YouTube for: Bedtime Stories (feat. The Weeknd) - From SR3MM Rae Sremmurd
2026-05-13 10:44:37,663 - backend.services.youtube_service - DEBUG - Found video ID: FpEeQLIo-sM
2026-05-13 10:44:37,666 - backend.services.youtube_service - INFO - Adding video FpEeQLIo-sM to playlist PLdydBfVeaGAZ9jWhIrrhqcQgwkUp6irJX
2026-05-13 10:44:37,928 - backend.services.youtube_service - DEBUG - Added video: {'kind': 'youtube#playlistItem', 'etag': 's0wdu4cRH0d8Uhtf_F_rk5DOGP0', 'id': 'UExkeWRCZlZlYUdBWjlqV2hJcnJocWNRZ3drVXA2aXJKWC4xNjIyNEE0MDEyRDlCMjBE', 'snippet': {'publishedAt': '2026-05-13T14:44:37Z', 'channelId': 'UC4y2DnxkoJWE7ZQ05MHd8Tw', 'title': 'Rae Sremmurd, The Weeknd - Bedtime Stories (Lyrics) Ft. Swae Lee, Slim Jxmmi', 'description': '» Download Rae Sremmurd, The Weeknd - Bedtime Stories (Lyrics):\n♫ Spotify Playlist: https://open.spotify.com/user/syrebralvibes/playlist/22iveWTdEJauPX1MrVsmnf?si=p4HT82AwQ1qvc02YlvcjKw\n» Twitter: https://twitter.com/syrebralvibes & Facebook: https://facebook.com/syrebralvibes\n\n» Support SyrebralVibes:\nhttps://open.spotify.com/user/syrebralvibes\nhttps://www.facebook.com/SyrebralsVibes\nhttps://twitter.com/SyrebralVibes\nSnapchat: SyrebralVibes\n\n» Support Rae Sremmurd:\nhttps://www.instagram.com/raesremmurd/\nhttps://twitter.com/raesremmurd\nhttps://www.facebook.com/RaeSremmurd\n\n» Support The Weeknd:\nhttps://www.instagram.com/theweeknd/\nhttps://twitter.com/theweeknd\nhttps://www.facebook.com/theweeknd\n\n» Visuals by UniqueVibes:\nhttps://www.youtube.com/c/UniqueVibesMusic\nhttps://www.instagram.com/unique_vibes_official/\nhttps://soundcloud.com/unique_vibes\nBuy his art: https://society6.com/uniquevibes\n\n» Wallpaper - unsplash.com\n\nSubmission Form: http://goo.gl/forms/fcFkjgFKmpzy59GH2\nBuisness Inquires: erik@syrebralvibes.com', 'thumbnails': {'default': {'url': 'https://i.ytimg.com/vi/FpEeQLIo-sM/default.jpg', 'width': 120, 'height': 90}, 'medium': {'url': 'https://i.ytimg.com/vi/FpEeQLIo-sM/mqdefault.jpg', 'width': 320, 'height': 180}, 'high': {'url': 'https://i.ytimg.com/vi/FpEeQLIo-sM/hqdefault.jpg', 'width': 480, 'height': 360}, 'standard': {'url': 'https://i.ytimg.com/vi/FpEeQLIo-sM/sddefault.jpg', 'width': 640, 'height': 480}, 'maxres': {'url': 'https://i.ytimg.com/vi/FpEeQLIo-sM/maxresdefault.jpg', 'width': 1280, 'height': 720}}, 'channelTitle': 'Louis Cao', 'playlistId': 'PLdydBfVeaGAZ9jWhIrrhqcQgwkUp6irJX', 'position': 78, 'resourceId': {'kind': 'youtube#video', 'videoId': 'FpEeQLIo-sM'}, 'videoOwnerChannelTitle': 'SyrebralVibes', 'videoOwnerChannelId': 'UCi0LydWaEUy3Vx8flL29ebQ'}}
2026-05-13 10:44:37,928 - backend.services.youtube_service - INFO - Searching YouTube for: Nobody's Love Maroon 5
2026-05-13 10:44:39,850 - backend.services.youtube_service - DEBUG - Found video ID: 7ghhRHRP6t4
2026-05-13 10:44:39,851 - backend.services.youtube_service - INFO - Adding video 7ghhRHRP6t4 to playlist PLdydBfVeaGAZ9jWhIrrhqcQgwkUp6irJX
2026-05-13 10:44:40,079 - backend.services.youtube_service - DEBUG - Added video: {'kind': 'youtube#playlistItem', 'etag': '9-8l29ZPx18SMXIQdRiURCw-11U', 'id': 'UExkeWRCZlZlYUdBWjlqV2hJcnJocWNRZ3drVXA2aXJKWC44QTY2MEEzNzBFQUJCMUQ2', 'snippet': {'publishedAt': '2026-05-13T14:44:39Z', 'channelId': 'UC4y2DnxkoJWE7ZQ05MHd8Tw', 'title': "Maroon 5 - Nobody's Love (Official Music Video)", 'description': "“Nobody’s Love” is out now: https://smarturl.it/NobodysLove \n\nFor more, visit: \nInstagram: https://www.instagram.com/maroon5 \nFacebook: https://www.facebook.com/maroon5 \nTwitter: https://twitter.com/maroon5 \nSign up for updates: http://smarturl.it/Maroon5.News \n\n// \n\nLYRICS \n\nYou could make a grown man cry\nIf you ever said goodbye\nNever let you go oh-woah oh-I\nNever let you go oh-woah oh-I\nYou could make a grown man cry\nIf you ever left my side\nNever let you go oh-woah oh-I\nNever let you go oh-woah oh-I\n\nYou’re the only hand in my back pocket\nIf you ever left I’d go psychotic\nHeaven hear me cryin cryin oh oh\nBaby you’re the key to my heart locket\nIf you ever left never unlock it\nLonely like an island, island oh oh\n\nIf my love ain’t your love it’s never gonna be nobody’s love \nNever gonna need nobody’s love, but yours, but yours\nIf my love ain’t your love it’s never gonna be nobody’s love\nNever gonna need nobody’s trust but yours, but yours\n\nYou could make a grown man cry\nIf you ever said goodbye\nNever let you go oh-woah oh-I\nNever let you go oh-woah oh-I\n\nYou could make a grown man cry, if you ever left my side\nNever let you go never let you go\n\nYou’re the only hand in my back pocket\nIf you ever left I’d go psychotic\nHeaven hear me cryin cryin oh oh\nHit me like a drug and I can’t stop it\nFit me like a glove and I cant knock it. \nI aint even lying lying oh oh \n\nIf my love ain’t your love it’s never gonna be nobody’s love \nNever gonna need nobody’s love but yours, but yours\n\nIf my love ain’t your love it’s never gonna be nobody’s love\nNever gonna keep nobody’s trust but yours, but yours\n\nIf my love ain’t your love then it’s nobody’s\nOnly yours only yours not just anybody\nAnd If you ever leave then i’m never gonna want nobody, nobody’s love\nIf my love ain’t your love then it’s nobody’s\nOnly yours only yours not just anybody\nAnd If you ever leave then i’m never gonna want nobody, nobody’s love\n\nNobody’s love! Oh yea \n\nIf my love ain’t your love it’s never gonna be nobody’s love \nNever gonna need nobody’s love but yours, but yours\nIf my love ain’t your love it’s never gonna be nobody’s love \nNever gonna need nobody’s love but yours, but yours\n\nIf my love ain’t your love then it’s nobody’s\nOnly yours only yours not just anybody\nAnd If you ever leave then i’m never gonna want nobody, nobody’s love\nIf my love ain’t your love then it’s nobody’s\nOnly yours only yours not just anybody\nAnd If you ever leave then i’m never gonna want nobody, nobody’s love\n\n#Maroon5 #NobodysLove #M5\n \nMusic video by Maroon 5 performing Nobody's Love. © 2020 Interscope Records", 'thumbnails': {'default': {'url': 'https://i.ytimg.com/vi/7ghhRHRP6t4/default.jpg', 'width': 120, 'height': 90}, 'medium': {'url': 'https://i.ytimg.com/vi/7ghhRHRP6t4/mqdefault.jpg', 'width': 320, 'height': 180}, 'high': {'url': 'https://i.ytimg.com/vi/7ghhRHRP6t4/hqdefault.jpg', 'width': 480, 'height': 360}, 'standard': {'url': 'https://i.ytimg.com/vi/7ghhRHRP6t4/sddefault.jpg', 'width': 640, 'height': 480}, 'maxres': {'url': 'https://i.ytimg.com/vi/7ghhRHRP6t4/maxresdefault.jpg', 'width': 1280, 'height': 720}}, 'channelTitle': 'Louis Cao', 'playlistId': 'PLdydBfVeaGAZ9jWhIrrhqcQgwkUp6irJX', 'position': 79, 'resourceId': {'kind': 'youtube#video', 'videoId': '7ghhRHRP6t4'}, 'videoOwnerChannelTitle': 'Maroon5VEVO', 'videoOwnerChannelId': 'UCN1hnUccO4FD5WfM7ithXaw'}}
2026-05-13 10:44:40,080 - backend.services.youtube_service - INFO - Searching YouTube for: Dead Presidents II J. Cole
2026-05-13 10:44:42,015 - backend.services.youtube_service - DEBUG - Found video ID: E_Gti3AWpko
2026-05-13 10:44:42,017 - backend.services.youtube_service - INFO - Adding video E_Gti3AWpko to playlist PLdydBfVeaGAZ9jWhIrrhqcQgwkUp6irJX
2026-05-13 10:44:42,331 - backend.services.youtube_service - DEBUG - Added video: {'kind': 'youtube#playlistItem', 'etag': 'C2dYzMbE-OF8-iY1cs3p-xcTF1s', 'id': 'UExkeWRCZlZlYUdBWjlqV2hJcnJocWNRZ3drVXA2aXJKWC4zQTkzRjgxRTY0OEU0MkM3', 'snippet': {'publishedAt': '2026-05-13T14:44:42Z', 'channelId': 'UC4y2DnxkoJWE7ZQ05MHd8Tw', 'title': 'J. Cole - Dead Presidents II (Official Audio)', 'description': 'J. Cole - The Warm Up is available on all platforms now: \nhttps://jcole.lnk.to/TheWarmUp \n\nConnect with J. Cole: \nhttps://www.instagram.com/realcoleworld/ \nhttps://twitter.com/jcolenc \nhttps://www.facebook.com/JColeMusic/ \n\nConnect with Dreamville: \nhttp://dreamville.com/ \nhttps://www.instagram.com/dreamville\nhttps://twitter.com/Dreamville \nhttps://www.facebook.com/dreamville \n\n#JCole #TheWarmUp #Dreamville', 'thumbnails': {'default': {'url': 'https://i.ytimg.com/vi/E_Gti3AWpko/default.jpg', 'width': 120, 'height': 90}, 'medium': {'url': 'https://i.ytimg.com/vi/E_Gti3AWpko/mqdefault.jpg', 'width': 320, 'height': 180}, 'high': {'url': 'https://i.ytimg.com/vi/E_Gti3AWpko/hqdefault.jpg', 'width': 480, 'height': 360}, 'standard': {'url': 'https://i.ytimg.com/vi/E_Gti3AWpko/sddefault.jpg', 'width': 640, 'height': 480}, 'maxres': {'url': 'https://i.ytimg.com/vi/E_Gti3AWpko/maxresdefault.jpg', 'width': 1280, 'height': 720}}, 'channelTitle': 'Louis Cao', 'playlistId': 'PLdydBfVeaGAZ9jWhIrrhqcQgwkUp6irJX', 'position': 80, 'resourceId': {'kind': 'youtube#video', 'videoId': 'E_Gti3AWpko'}, 'videoOwnerChannelTitle': 'J. Cole', 'videoOwnerChannelId': 'UCnc6db-y3IU7CkT_yeVXdVg'}}
2026-05-13 10:44:42,331 - backend.services.youtube_service - INFO - Searching YouTube for: Icarus Gengahr
2026-05-13 10:44:44,159 - backend.services.youtube_service - DEBUG - Found video ID: guHV07R1wK4
2026-05-13 10:44:44,161 - backend.services.youtube_service - INFO - Adding video guHV07R1wK4 to playlist PLdydBfVeaGAZ9jWhIrrhqcQgwkUp6irJX
2026-05-13 10:44:44,994 - backend.services.youtube_service - DEBUG - Added video: {'kind': 'youtube#playlistItem', 'etag': 'q9s9KeqsMVcp2_fFSciKcYfN5sA', 'id': 'UExkeWRCZlZlYUdBWjlqV2hJcnJocWNRZ3drVXA2aXJKWC4xNTZBNUQxMDZBQzFGMjkw', 'snippet': {'publishedAt': '2026-05-13T14:44:44Z', 'channelId': 'UC4y2DnxkoJWE7ZQ05MHd8Tw', 'title': 'Gengahr - Icarus (Lyric Video)', 'description': 'Official lyric video for Gengahr - Icarus.\nIcarus is taken from the album Sanctuary, available now. \nListen to Gengahr: https://gengahr.lnk.to/listenYT\n\nDirected by David J East\nProduced by Virginia Hernandez\nPerformed by Gengahr\n\nFollow Gengahr:\nhttp://www.gengahr.com\nInstagram: https://www.instagram.com/gengahr/\nFacebook: https://www.facebook.com/gengahrband\nTwitter: https://twitter.com/gengahr\nSpotify: https://open.spotify.com/artist/2ATweaQe83QUQVjM8LMh7J?si=lrZXu8sPQQOjgYW22Hqulw\nYouTube: https://www.youtube.com/channel/UCA6tj3uNdFGceBZ2HhoXpEw?sub_confirmation=1', 'thumbnails': {'default': {'url': 'https://i.ytimg.com/vi/guHV07R1wK4/default.jpg', 'width': 120, 'height': 90}, 'medium': {'url': 'https://i.ytimg.com/vi/guHV07R1wK4/mqdefault.jpg', 'width': 320, 'height': 180}, 'high': {'url': 'https://i.ytimg.com/vi/guHV07R1wK4/hqdefault.jpg', 'width': 480, 'height': 360}, 'standard': {'url': 'https://i.ytimg.com/vi/guHV07R1wK4/sddefault.jpg', 'width': 640, 'height': 480}, 'maxres': {'url': 'https://i.ytimg.com/vi/guHV07R1wK4/maxresdefault.jpg', 'width': 1280, 'height': 720}}, 'channelTitle': 'Louis Cao', 'playlistId': 'PLdydBfVeaGAZ9jWhIrrhqcQgwkUp6irJX', 'position': 81, 'resourceId': {'kind': 'youtube#video', 'videoId': 'guHV07R1wK4'}, 'videoOwnerChannelTitle': 'GengahrVEVO', 'videoOwnerChannelId': 'UCCNY-VkJWtOOHMHcYAOhNBw'}}
2026-05-13 10:44:44,995 - backend.services.youtube_service - INFO - Searching YouTube for: Sideline Story J. Cole
2026-05-13 10:44:46,710 - backend.services.youtube_service - DEBUG - Found video ID: _h82Y-9GMJ8
2026-05-13 10:44:46,712 - backend.services.youtube_service - INFO - Adding video _h82Y-9GMJ8 to playlist PLdydBfVeaGAZ9jWhIrrhqcQgwkUp6irJX
2026-05-13 10:44:47,657 - backend.services.youtube_service - DEBUG - Added video: {'kind': 'youtube#playlistItem', 'etag': 'E2RTZ6OSnGUOqHiymZuS3DAVVC0', 'id': 'UExkeWRCZlZlYUdBWjlqV2hJcnJocWNRZ3drVXA2aXJKWC4wMDFGNzBEOTU4Q0Y1Q0RG', 'snippet': {'publishedAt': '2026-05-13T14:44:46Z', 'channelId': 'UC4y2DnxkoJWE7ZQ05MHd8Tw', 'title': 'J. Cole – Sideline Story (Official Music Video)', 'description': 'J. Cole – Sideline Story (Official Music Video) \nListen to Cole World: The Sideline Story now: https://dreamville.lnk.to/sidelinestory  \nBuy Cole World: The Sideline Story now: https://dreamville.lnk.to/sidelinestory   \n\nDirected by Axel Laramée\n\nConnect with J. Cole: \nInstagram: https://www.instagram.com/realcoleworld/ \nTwitter: https://twitter.com/jcolenc \nFacebook: https://www.facebook.com/JColeMusic/   \n\nConnect with Dreamville: \nSite: http://dreamville.com/ \nInstagram: https://www.instagram.com/dreamville \nTwitter: https://twitter.com/Dreamville \nFacebook: https://www.facebook.com/dreamville  \n\nMusic video by J. Cole performing Sideline Story. © 2011 Roc Nation, L.LC., Under exclusive license to Interscope Records.', 'thumbnails': {'default': {'url': 'https://i.ytimg.com/vi/_h82Y-9GMJ8/default.jpg', 'width': 120, 'height': 90}, 'medium': {'url': 'https://i.ytimg.com/vi/_h82Y-9GMJ8/mqdefault.jpg', 'width': 320, 'height': 180}, 'high': {'url': 'https://i.ytimg.com/vi/_h82Y-9GMJ8/hqdefault.jpg', 'width': 480, 'height': 360}, 'standard': {'url': 'https://i.ytimg.com/vi/_h82Y-9GMJ8/sddefault.jpg', 'width': 640, 'height': 480}, 'maxres': {'url': 'https://i.ytimg.com/vi/_h82Y-9GMJ8/maxresdefault.jpg', 'width': 1280, 'height': 720}}, 'channelTitle': 'Louis Cao', 'playlistId': 'PLdydBfVeaGAZ9jWhIrrhqcQgwkUp6irJX', 'position': 82, 'resourceId': {'kind': 'youtube#video', 'videoId': '_h82Y-9GMJ8'}, 'videoOwnerChannelTitle': 'J. Cole', 'videoOwnerChannelId': 'UCnc6db-y3IU7CkT_yeVXdVg'}}
2026-05-13 10:44:47,657 - backend.services.youtube_service - INFO - Searching YouTube for: Donny In Valdez - PJ's Flip Pale Jay
2026-05-13 10:44:49,374 - backend.services.youtube_service - DEBUG - Found video ID: Xlde7qx1EL8
2026-05-13 10:44:49,377 - backend.services.youtube_service - INFO - Adding video Xlde7qx1EL8 to playlist PLdydBfVeaGAZ9jWhIrrhqcQgwkUp6irJX
2026-05-13 10:44:50,199 - backend.services.youtube_service - DEBUG - Added video: {'kind': 'youtube#playlistItem', 'etag': 'aJXDP1ZILBwjjFxXz6Hczq_495g', 'id': 'UExkeWRCZlZlYUdBWjlqV2hJcnJocWNRZ3drVXA2aXJKWC44QTA1QTQyRTc3M0VGQzYx', 'snippet': {'publishedAt': '2026-05-13T14:44:49Z', 'channelId': 'UC4y2DnxkoJWE7ZQ05MHd8Tw', 'title': "Pale Jay with Erick the Architect - Donny In Valdez (PJ's flip)  [OFFICIAL MUSIC VIDEO]", 'description': 'Video by Ruff Mercy\n\nStream here:\n\nhttps://plygrnd.lnk.to/DonnyInValdezPJsFlip', 'thumbnails': {'default': {'url': 'https://i.ytimg.com/vi/Xlde7qx1EL8/default.jpg', 'width': 120, 'height': 90}, 'medium': {'url': 'https://i.ytimg.com/vi/Xlde7qx1EL8/mqdefault.jpg', 'width': 320, 'height': 180}, 'high': {'url': 'https://i.ytimg.com/vi/Xlde7qx1EL8/hqdefault.jpg', 'width': 480, 'height': 360}, 'standard': {'url': 'https://i.ytimg.com/vi/Xlde7qx1EL8/sddefault.jpg', 'width': 640, 'height': 480}, 'maxres': {'url': 'https://i.ytimg.com/vi/Xlde7qx1EL8/maxresdefault.jpg', 'width': 1280, 'height': 720}}, 'channelTitle': 'Louis Cao', 'playlistId': 'PLdydBfVeaGAZ9jWhIrrhqcQgwkUp6irJX', 'position': 83, 'resourceId': {'kind': 'youtube#video', 'videoId': 'Xlde7qx1EL8'}, 'videoOwnerChannelTitle': 'Pale Jay Music', 'videoOwnerChannelId': 'UCDwDZ-4hLY0Nw9aJwbYaCKg'}}
2026-05-13 10:44:50,200 - backend.services.youtube_service - INFO - Searching YouTube for: To B Honest Jill Scott
2026-05-13 10:44:51,832 - backend.services.youtube_service - DEBUG - Found video ID: yAKvF3kwhbQ
2026-05-13 10:44:51,834 - backend.services.youtube_service - INFO - Adding video yAKvF3kwhbQ to playlist PLdydBfVeaGAZ9jWhIrrhqcQgwkUp6irJX
2026-05-13 10:44:52,161 - backend.services.youtube_service - DEBUG - Added video: {'kind': 'youtube#playlistItem', 'etag': 'owzh7dBukj-GYZgdgUQVgn_b3w8', 'id': 'UExkeWRCZlZlYUdBWjlqV2hJcnJocWNRZ3drVXA2aXJKWC44MkM2RjVEQkQ5N0I2MjVE', 'snippet': {'publishedAt': '2026-05-13T14:44:51Z', 'channelId': 'UC4y2DnxkoJWE7ZQ05MHd8Tw', 'title': 'Jill Scott - To B Honest feat. JID (Official Lyric Video)', 'description': 'Subscribe to Jill Scott on YouTube - http://bit.ly/JillScottYouTube\r\n\r\nFollow Jill Scott:\r\nWebsite - http://www.missjillscott.com\r\nTwitter - https://twitter.com/missjillscott\r\nInstagram - https://www.instagram.com/missjillscott\r\nFacebook - https://www.facebook.com/missjillscott', 'thumbnails': {'default': {'url': 'https://i.ytimg.com/vi/yAKvF3kwhbQ/default.jpg', 'width': 120, 'height': 90}, 'medium': {'url': 'https://i.ytimg.com/vi/yAKvF3kwhbQ/mqdefault.jpg', 'width': 320, 'height': 180}, 'high': {'url': 'https://i.ytimg.com/vi/yAKvF3kwhbQ/hqdefault.jpg', 'width': 480, 'height': 360}, 'standard': {'url': 'https://i.ytimg.com/vi/yAKvF3kwhbQ/sddefault.jpg', 'width': 640, 'height': 480}, 'maxres': {'url': 'https://i.ytimg.com/vi/yAKvF3kwhbQ/maxresdefault.jpg', 'width': 1280, 'height': 720}}, 'channelTitle': 'Louis Cao', 'playlistId': 'PLdydBfVeaGAZ9jWhIrrhqcQgwkUp6irJX', 'position': 84, 'resourceId': {'kind': 'youtube#video', 'videoId': 'yAKvF3kwhbQ'}, 'videoOwnerChannelTitle': 'Jill Scott', 'videoOwnerChannelId': 'UCBSrBbJVzhTr2HExOKABUBQ'}}
2026-05-13 10:44:52,162 - backend.services.youtube_service - INFO - Searching YouTube for: Headshots (4r da Locals) Isaiah Rashad
2026-05-13 10:44:54,084 - backend.services.youtube_service - DEBUG - Found video ID: baQxdqDAp34
2026-05-13 10:44:54,087 - backend.services.youtube_service - INFO - Adding video baQxdqDAp34 to playlist PLdydBfVeaGAZ9jWhIrrhqcQgwkUp6irJX
2026-05-13 10:44:54,415 - backend.services.youtube_service - DEBUG - Added video: {'kind': 'youtube#playlistItem', 'etag': 'DrCT2tHzw1tfGtY2Yg20Lsoo0tM', 'id': 'UExkeWRCZlZlYUdBWjlqV2hJcnJocWNRZ3drVXA2aXJKWC40NzE2MTY1QTM3RUI3QkU3', 'snippet': {'publishedAt': '2026-05-13T14:44:54Z', 'channelId': 'UC4y2DnxkoJWE7ZQ05MHd8Tw', 'title': 'Isaiah Rashad “Headshots (4r Da Locals)” Official Lyrics & Meaning | Verified', 'description': 'Isaiah Rashad’s “Headshots (4r Da Locals)” is his latest hit, and it’s already racked up 3.4 million Spotify streams to date. It is produced by Henry Was and Hollywood Cole and will reportedly appear on his upcoming album The House Is Burning. On the track, Rashad raps about death and sobriety.\n\nRead more on Genius: https://genius.com/a/isaiah-rashad-breaks-down-the-meaning-of-headshots-4r-da-locals\r\nRead all the lyrics to "Headshots (4r Da Locals)" on Genius: https://genius.com/Isaiah-rashad-headshots-4r-da-locals-lyrics\r\nWatch the official music video for "Headshots (4r Da Locals)":https://youtu.be/1NMZ0MpaEuY\r\n\r\nSubscribe to Genius: http://bit.ly/2cNV6nz\r\nGenius on Twitter: https://twitter.com/Genius\r\nGenius on Instagram: http://instagram.com/genius\r\nGenius on Facebook: https://facebook.com/Geniusdotcom\r\nhttp://genius.com\n\n#IsaiahRashad #Headshots (4r Da Locals) #verified', 'thumbnails': {'default': {'url': 'https://i.ytimg.com/vi/baQxdqDAp34/default.jpg', 'width': 120, 'height': 90}, 'medium': {'url': 'https://i.ytimg.com/vi/baQxdqDAp34/mqdefault.jpg', 'width': 320, 'height': 180}, 'high': {'url': 'https://i.ytimg.com/vi/baQxdqDAp34/hqdefault.jpg', 'width': 480, 'height': 360}, 'standard': {'url': 'https://i.ytimg.com/vi/baQxdqDAp34/sddefault.jpg', 'width': 640, 'height': 480}, 'maxres': {'url': 'https://i.ytimg.com/vi/baQxdqDAp34/maxresdefault.jpg', 'width': 1280, 'height': 720}}, 'channelTitle': 'Louis Cao', 'playlistId': 'PLdydBfVeaGAZ9jWhIrrhqcQgwkUp6irJX', 'position': 85, 'resourceId': {'kind': 'youtube#video', 'videoId': 'baQxdqDAp34'}, 'videoOwnerChannelTitle': 'Genius', 'videoOwnerChannelId': 'UCyFZMEnm1il5Wv3a6tPscbA'}}
2026-05-13 10:44:54,416 - backend.services.youtube_service - INFO - Searching YouTube for: Mr. Carter Lil Wayne
2026-05-13 10:44:56,334 - backend.services.youtube_service - DEBUG - Found video ID: MZwRhVvz768
2026-05-13 10:44:56,336 - backend.services.youtube_service - INFO - Adding video MZwRhVvz768 to playlist PLdydBfVeaGAZ9jWhIrrhqcQgwkUp6irJX
2026-05-13 10:44:56,667 - backend.services.youtube_service - DEBUG - Added video: {'kind': 'youtube#playlistItem', 'etag': 'wd6gZ8qrGHB8ZVkXgHfM4547mYw', 'id': 'UExkeWRCZlZlYUdBWjlqV2hJcnJocWNRZ3drVXA2aXJKWC5EMzJDRTUwQjBEOUVFQzAw', 'snippet': {'publishedAt': '2026-05-13T14:44:56Z', 'channelId': 'UC4y2DnxkoJWE7ZQ05MHd8Tw', 'title': 'Lil Wayne - Mr. Carter (Visualizer) ft. JAŸ-Z', 'description': 'Music video by Lil Wayne performing Mr. Carter (Visualizer).© 2023 Cash Money Records Inc.', 'thumbnails': {'default': {'url': 'https://i.ytimg.com/vi/MZwRhVvz768/default.jpg', 'width': 120, 'height': 90}, 'medium': {'url': 'https://i.ytimg.com/vi/MZwRhVvz768/mqdefault.jpg', 'width': 320, 'height': 180}, 'high': {'url': 'https://i.ytimg.com/vi/MZwRhVvz768/hqdefault.jpg', 'width': 480, 'height': 360}, 'standard': {'url': 'https://i.ytimg.com/vi/MZwRhVvz768/sddefault.jpg', 'width': 640, 'height': 480}, 'maxres': {'url': 'https://i.ytimg.com/vi/MZwRhVvz768/maxresdefault.jpg', 'width': 1280, 'height': 720}}, 'channelTitle': 'Louis Cao', 'playlistId': 'PLdydBfVeaGAZ9jWhIrrhqcQgwkUp6irJX', 'position': 86, 'resourceId': {'kind': 'youtube#video', 'videoId': 'MZwRhVvz768'}, 'videoOwnerChannelTitle': 'LilWayneVEVO', 'videoOwnerChannelId': 'UCEOhcOACopL42xyOBIv1ekg'}}
2026-05-13 10:44:56,668 - backend.services.youtube_service - INFO - Searching YouTube for: All I Do Logic
2026-05-13 10:44:58,587 - backend.services.youtube_service - DEBUG - Found video ID: eIGh4Nc1fAM
2026-05-13 10:44:58,589 - backend.services.youtube_service - INFO - Adding video eIGh4Nc1fAM to playlist PLdydBfVeaGAZ9jWhIrrhqcQgwkUp6irJX
2026-05-13 10:44:58,920 - backend.services.youtube_service - DEBUG - Added video: {'kind': 'youtube#playlistItem', 'etag': 'lxioKhOa6ORBIm-3T7v8HCkt0BU', 'id': 'UExkeWRCZlZlYUdBWjlqV2hJcnJocWNRZ3drVXA2aXJKWC5CMUM0NzY5NzdEQzlGRjAx', 'snippet': {'publishedAt': '2026-05-13T14:44:58Z', 'channelId': 'UC4y2DnxkoJWE7ZQ05MHd8Tw', 'title': 'Logic - All I Do (Official Music Video)', 'description': 'The official music video of Logic\'s "All I Do" track which is out now on Visionary Music Group.\n\nDownload the Young Sinatra Mixtape: \nhttp://bit.ly/oHtz9Z\n\nPurchase Logic\'s latest albums:\nUnder Pressure - http://smarturl.it/UnderPressureDlx\nThe Incredible True Story - http://smarturl.it/IncredibleTrueStory\n\nShot by: GRVTY | Produced by: DJ Blackdiamond\n\nSUBSCRIBE to the official Visionary Music Group for more original material from Logic & Jon Bellion including music video premieres, behind the scenes & more: http://bit.ly/Subscribe-to-VMG\n\nFollow Logic:\nhttps://twitter.com/Logic301\nhttp://fb.com/MindofLogic\nhttps://instagram.com/Logic301\n\nMore Visionary Music Group:\nhttps://twitter.com/TeamVisionary\nhttps://fb.com/VisionaryMusicGroup\nhttp://instagram.com/TeamVisionary\nhttp://www.teamvisionary.com/store/', 'thumbnails': {'default': {'url': 'https://i.ytimg.com/vi/eIGh4Nc1fAM/default.jpg', 'width': 120, 'height': 90}, 'medium': {'url': 'https://i.ytimg.com/vi/eIGh4Nc1fAM/mqdefault.jpg', 'width': 320, 'height': 180}, 'high': {'url': 'https://i.ytimg.com/vi/eIGh4Nc1fAM/hqdefault.jpg', 'width': 480, 'height': 360}, 'standard': {'url': 'https://i.ytimg.com/vi/eIGh4Nc1fAM/sddefault.jpg', 'width': 640, 'height': 480}, 'maxres': {'url': 'https://i.ytimg.com/vi/eIGh4Nc1fAM/maxresdefault.jpg', 'width': 1280, 'height': 720}}, 'channelTitle': 'Louis Cao', 'playlistId': 'PLdydBfVeaGAZ9jWhIrrhqcQgwkUp6irJX', 'position': 87, 'resourceId': {'kind': 'youtube#video', 'videoId': 'eIGh4Nc1fAM'}, 'videoOwnerChannelTitle': 'Visionary Music Group', 'videoOwnerChannelId': 'UCYtWSZWHYPbmwsh2CEUyMrQ'}}
2026-05-13 10:44:58,921 - backend.services.youtube_service - INFO - Searching YouTube for: Heart Of The City (Ain't No Love) JAŸ-Z
2026-05-13 10:45:00,807 - backend.services.youtube_service - DEBUG - Found video ID: WcF8Aos4XDA
2026-05-13 10:45:00,809 - backend.services.youtube_service - INFO - Adding video WcF8Aos4XDA to playlist PLdydBfVeaGAZ9jWhIrrhqcQgwkUp6irJX
2026-05-13 10:45:01,053 - backend.services.youtube_service - DEBUG - Added video: {'kind': 'youtube#playlistItem', 'etag': 'jUGIlKTZYNOoi9cEk6ovvHtVOog', 'id': 'UExkeWRCZlZlYUdBWjlqV2hJcnJocWNRZ3drVXA2aXJKWC5GMDBDNkJGMzYzREUyMTYw', 'snippet': {'publishedAt': '2026-05-13T14:45:00Z', 'channelId': 'UC4y2DnxkoJWE7ZQ05MHd8Tw', 'title': 'Bobby "Blue" Bland - Ain\'t No Love In The Heart Of The City', 'description': 'Subscribe to The Best Of for more classic music history, videos and playlists: http://bit.ly/WdJ36u\n\nBobby "Blue" Bland - Ain\'t No Love In The Heart Of The City.\n\nBobby "Blue" Bland released "Ain\'t No Love In The Heart Of The City" on Dunhill Records in 1974. The single peaked at #9 on the r\'n\'b chart and #91 on the pop chart.\n\nRapper Jay-Z famously used the track on his 2001 album, "The Blueprint."\n\nA Tennessee native, the highly respected and much loved "Lion Of The Blues" passed away on 23rd June 2013 at his home in Germantown.\n\nLike us on Facebook: https://www.facebook.com/TheRealBestOf\nFollow us on Twitter: https://twitter.com/TheRealBestOf', 'thumbnails': {'default': {'url': 'https://i.ytimg.com/vi/WcF8Aos4XDA/default.jpg', 'width': 120, 'height': 90}, 'medium': {'url': 'https://i.ytimg.com/vi/WcF8Aos4XDA/mqdefault.jpg', 'width': 320, 'height': 180}, 'high': {'url': 'https://i.ytimg.com/vi/WcF8Aos4XDA/hqdefault.jpg', 'width': 480, 'height': 360}, 'standard': {'url': 'https://i.ytimg.com/vi/WcF8Aos4XDA/sddefault.jpg', 'width': 640, 'height': 480}, 'maxres': {'url': 'https://i.ytimg.com/vi/WcF8Aos4XDA/maxresdefault.jpg', 'width': 1280, 'height': 720}}, 'channelTitle': 'Louis Cao', 'playlistId': 'PLdydBfVeaGAZ9jWhIrrhqcQgwkUp6irJX', 'position': 88, 'resourceId': {'kind': 'youtube#video', 'videoId': 'WcF8Aos4XDA'}, 'videoOwnerChannelTitle': 'The Best Of - Home Of Classic Music', 'videoOwnerChannelId': 'UCKup2M8_qSaV3f9UlN723Fw'}}
2026-05-13 10:45:01,054 - backend.services.youtube_service - INFO - Searching YouTube for: STAY HERE 4 LIFE (feat. Brent Faiyaz) A$AP Rocky
2026-05-13 10:45:03,004 - backend.services.youtube_service - DEBUG - Found video ID: yxKA0NnNJeo
2026-05-13 10:45:03,005 - backend.services.youtube_service - INFO - Adding video yxKA0NnNJeo to playlist PLdydBfVeaGAZ9jWhIrrhqcQgwkUp6irJX
2026-05-13 10:45:03,326 - backend.services.youtube_service - DEBUG - Added video: {'kind': 'youtube#playlistItem', 'etag': '-_0Q_Tv8rmuYY2NTOaSVfpgJX48', 'id': 'UExkeWRCZlZlYUdBWjlqV2hJcnJocWNRZ3drVXA2aXJKWC4wQUE0QzM4MkJGQ0YwQjUx', 'snippet': {'publishedAt': '2026-05-13T14:45:03Z', 'channelId': 'UC4y2DnxkoJWE7ZQ05MHd8Tw', 'title': 'A$AP Rocky - STAY HERE 4 LIFE (Visualizer) ft. Brent Faiyaz', 'description': "LISTEN TO 'DON'T BE DUMB' HERE: https://asaprocky.lnk.to/DontBeDumb\n\nFOLLOW A$AP ROCKY:\nFACEBOOK: https://AsapRocky.lnk.to/followFI\nINSTAGRAM: https://AsapRocky.lnk.to/followII\nTIKTOK: https://www.tiktok.com/@asaprocky\nTWITTER: https://AsapRocky.lnk.to/followTI\nWEBSITE: https://awge.com\n\n#ASAPROCKY #STAYHERE4LIFE #DONTBEDUMB", 'thumbnails': {'default': {'url': 'https://i.ytimg.com/vi/yxKA0NnNJeo/default.jpg', 'width': 120, 'height': 90}, 'medium': {'url': 'https://i.ytimg.com/vi/yxKA0NnNJeo/mqdefault.jpg', 'width': 320, 'height': 180}, 'high': {'url': 'https://i.ytimg.com/vi/yxKA0NnNJeo/hqdefault.jpg', 'width': 480, 'height': 360}, 'standard': {'url': 'https://i.ytimg.com/vi/yxKA0NnNJeo/sddefault.jpg', 'width': 640, 'height': 480}, 'maxres': {'url': 'https://i.ytimg.com/vi/yxKA0NnNJeo/maxresdefault.jpg', 'width': 1280, 'height': 720}}, 'channelTitle': 'Louis Cao', 'playlistId': 'PLdydBfVeaGAZ9jWhIrrhqcQgwkUp6irJX', 'position': 89, 'resourceId': {'kind': 'youtube#video', 'videoId': 'yxKA0NnNJeo'}, 'videoOwnerChannelTitle': 'LIVELOVEASAPVEVO', 'videoOwnerChannelId': 'UCHE7rAi1Fw1CBmQXFtvJmrw'}}
2026-05-13 10:45:03,327 - backend.services.youtube_service - INFO - Searching YouTube for: Family Business Kanye West
2026-05-13 10:45:05,203 - backend.services.youtube_service - DEBUG - Found video ID: oNVbFQHf9L8
2026-05-13 10:45:05,206 - backend.services.youtube_service - INFO - Adding video oNVbFQHf9L8 to playlist PLdydBfVeaGAZ9jWhIrrhqcQgwkUp6irJX
2026-05-13 10:45:05,455 - backend.services.youtube_service - DEBUG - Added video: {'kind': 'youtube#playlistItem', 'etag': '2Wu2ySvB2G4mIZIF1Ock2JIA3Lc', 'id': 'UExkeWRCZlZlYUdBWjlqV2hJcnJocWNRZ3drVXA2aXJKWC5DQjg2RDQyMEVGQkZFOEVF', 'snippet': {'publishedAt': '2026-05-13T14:45:05Z', 'channelId': 'UC4y2DnxkoJWE7ZQ05MHd8Tw', 'title': 'Kanye West - Family Business', 'description': '#djscoop #kanyewest #collegedropout #familybusiness #oldkanye \n*Watch out for my Dj/ Producer Channel: https://www.youtube.com/user/DjSCooP85\n\nA College Dropout Classic!\n\nKanye West - Family Business', 'thumbnails': {'default': {'url': 'https://i.ytimg.com/vi/oNVbFQHf9L8/default.jpg', 'width': 120, 'height': 90}, 'medium': {'url': 'https://i.ytimg.com/vi/oNVbFQHf9L8/mqdefault.jpg', 'width': 320, 'height': 180}, 'high': {'url': 'https://i.ytimg.com/vi/oNVbFQHf9L8/hqdefault.jpg', 'width': 480, 'height': 360}, 'standard': {'url': 'https://i.ytimg.com/vi/oNVbFQHf9L8/sddefault.jpg', 'width': 640, 'height': 480}, 'maxres': {'url': 'https://i.ytimg.com/vi/oNVbFQHf9L8/maxresdefault.jpg', 'width': 1280, 'height': 720}}, 'channelTitle': 'Louis Cao', 'playlistId': 'PLdydBfVeaGAZ9jWhIrrhqcQgwkUp6irJX', 'position': 90, 'resourceId': {'kind': 'youtube#video', 'videoId': 'oNVbFQHf9L8'}, 'videoOwnerChannelTitle': 'StrugglinAngel', 'videoOwnerChannelId': 'UCVP2BfDIMucJs42wNTKPgSQ'}}
2026-05-13 10:45:05,456 - backend.services.youtube_service - INFO - Searching YouTube for: Now Or Never - Bonus Track Kendrick Lamar
2026-05-13 10:45:07,429 - backend.services.youtube_service - DEBUG - Found video ID: zCNUHbSds3Q
2026-05-13 10:45:07,431 - backend.services.youtube_service - INFO - Adding video zCNUHbSds3Q to playlist PLdydBfVeaGAZ9jWhIrrhqcQgwkUp6irJX
2026-05-13 10:45:07,684 - backend.services.youtube_service - DEBUG - Added video: {'kind': 'youtube#playlistItem', 'etag': '_5iBTFp2p-k6BeSk3p8kD7BcP1w', 'id': 'UExkeWRCZlZlYUdBWjlqV2hJcnJocWNRZ3drVXA2aXJKWC4yM0EyQ0U1M0I2RkIwNTQ0', 'snippet': {'publishedAt': '2026-05-13T14:45:07Z', 'channelId': 'UC4y2DnxkoJWE7ZQ05MHd8Tw', 'title': 'Kendrick Lamar - Now Or Never (Ft. Mary J. Blige) [Bonus Track]', 'description': 'Track: 15\nArtist: Kendrick Lamar\nAlbum: Good Kid, m.A.A.d City (Deluxe)\nRelease Date: October 22, 2012\nLabel: (C) 2012 Aftermath/Interscope Records', 'thumbnails': {'default': {'url': 'https://i.ytimg.com/vi/zCNUHbSds3Q/default.jpg', 'width': 120, 'height': 90}, 'medium': {'url': 'https://i.ytimg.com/vi/zCNUHbSds3Q/mqdefault.jpg', 'width': 320, 'height': 180}, 'high': {'url': 'https://i.ytimg.com/vi/zCNUHbSds3Q/hqdefault.jpg', 'width': 480, 'height': 360}, 'standard': {'url': 'https://i.ytimg.com/vi/zCNUHbSds3Q/sddefault.jpg', 'width': 640, 'height': 480}, 'maxres': {'url': 'https://i.ytimg.com/vi/zCNUHbSds3Q/maxresdefault.jpg', 'width': 1280, 'height': 720}}, 'channelTitle': 'Louis Cao', 'playlistId': 'PLdydBfVeaGAZ9jWhIrrhqcQgwkUp6irJX', 'position': 91, 'resourceId': {'kind': 'youtube#video', 'videoId': 'zCNUHbSds3Q'}, 'videoOwnerChannelTitle': 'Kendrick Music', 'videoOwnerChannelId': 'UC22i_DSOOIaCm8-up3VjeSw'}}
2026-05-13 10:45:07,684 - backend.services.youtube_service - INFO - Searching YouTube for: Mr. Rager Kid Cudi
2026-05-13 10:45:09,663 - backend.services.youtube_service - DEBUG - Found video ID: 06r35x1nvo0
2026-05-13 10:45:09,666 - backend.services.youtube_service - INFO - Adding video 06r35x1nvo0 to playlist PLdydBfVeaGAZ9jWhIrrhqcQgwkUp6irJX
2026-05-13 10:45:09,980 - backend.services.youtube_service - DEBUG - Added video: {'kind': 'youtube#playlistItem', 'etag': 'odhSkBZpWlCle4gqkAqA9ALFICY', 'id': 'UExkeWRCZlZlYUdBWjlqV2hJcnJocWNRZ3drVXA2aXJKWC5ERENFNTk4Q0Q2MTZDMTA5', 'snippet': {'publishedAt': '2026-05-13T14:45:09Z', 'channelId': 'UC4y2DnxkoJWE7ZQ05MHd8Tw', 'title': 'KiD CuDi - Mr. Rager (Music Video HD)', 'description': "Kid Cudi's newly released and anticipated music video.. and like always, in HD!\n\nWatch in 720p or 1080p and expand screen!", 'thumbnails': {'default': {'url': 'https://i.ytimg.com/vi/06r35x1nvo0/default.jpg', 'width': 120, 'height': 90}, 'medium': {'url': 'https://i.ytimg.com/vi/06r35x1nvo0/mqdefault.jpg', 'width': 320, 'height': 180}, 'high': {'url': 'https://i.ytimg.com/vi/06r35x1nvo0/hqdefault.jpg', 'width': 480, 'height': 360}, 'standard': {'url': 'https://i.ytimg.com/vi/06r35x1nvo0/sddefault.jpg', 'width': 640, 'height': 480}, 'maxres': {'url': 'https://i.ytimg.com/vi/06r35x1nvo0/maxresdefault.jpg', 'width': 1280, 'height': 720}}, 'channelTitle': 'Louis Cao', 'playlistId': 'PLdydBfVeaGAZ9jWhIrrhqcQgwkUp6irJX', 'position': 92, 'resourceId': {'kind': 'youtube#video', 'videoId': '06r35x1nvo0'}, 'videoOwnerChannelTitle': 'Kid Cudi', 'videoOwnerChannelId': 'UCoNPsL8j28yfKRu6e7YUhPA'}}
2026-05-13 10:45:09,981 - backend.services.youtube_service - INFO - Searching YouTube for: Judgement Day J. Cole
2026-05-13 10:45:11,749 - backend.services.youtube_service - DEBUG - Found video ID: YMCddCuDbFc
2026-05-13 10:45:11,751 - backend.services.youtube_service - INFO - Adding video YMCddCuDbFc to playlist PLdydBfVeaGAZ9jWhIrrhqcQgwkUp6irJX
2026-05-13 10:45:11,978 - backend.services.youtube_service - DEBUG - Added video: {'kind': 'youtube#playlistItem', 'etag': 'VzJ6hr_EcUGEqWtlpeIFLlVW-xg', 'id': 'UExkeWRCZlZlYUdBWjlqV2hJcnJocWNRZ3drVXA2aXJKWC41RDUzRjJFQ0Y0MUI3NzU1', 'snippet': {'publishedAt': '2026-05-13T14:45:11Z', 'channelId': 'UC4y2DnxkoJWE7ZQ05MHd8Tw', 'title': 'j cole - judgment day ( slowed + reverb )', 'description': "even when the sun shining he walk like it's a rainy day.\n\nCOPYRIGHT\ni don't own anything in this video outside of the edited audio and video itself \n\n\n\n\n#jcole #2014FHD #slowedreverb", 'thumbnails': {'default': {'url': 'https://i.ytimg.com/vi/YMCddCuDbFc/default.jpg', 'width': 120, 'height': 90}, 'medium': {'url': 'https://i.ytimg.com/vi/YMCddCuDbFc/mqdefault.jpg', 'width': 320, 'height': 180}, 'high': {'url': 'https://i.ytimg.com/vi/YMCddCuDbFc/hqdefault.jpg', 'width': 480, 'height': 360}, 'standard': {'url': 'https://i.ytimg.com/vi/YMCddCuDbFc/sddefault.jpg', 'width': 640, 'height': 480}, 'maxres': {'url': 'https://i.ytimg.com/vi/YMCddCuDbFc/maxresdefault.jpg', 'width': 1280, 'height': 720}}, 'channelTitle': 'Louis Cao', 'playlistId': 'PLdydBfVeaGAZ9jWhIrrhqcQgwkUp6irJX', 'position': 93, 'resourceId': {'kind': 'youtube#video', 'videoId': 'YMCddCuDbFc'}, 'videoOwnerChannelTitle': 'rxndom', 'videoOwnerChannelId': 'UCMxIYELbYT7YMhv-AhBLtQg'}}
2026-05-13 10:45:11,983 - backend.services.youtube_service - INFO - Searching YouTube for: Look Over Your Shoulder (feat. Kendrick Lamar) Busta Rhymes
2026-05-13 10:45:14,051 - backend.services.youtube_service - DEBUG - Found video ID: Yl_-3oSlWaU
2026-05-13 10:45:14,052 - backend.services.youtube_service - INFO - Adding video Yl_-3oSlWaU to playlist PLdydBfVeaGAZ9jWhIrrhqcQgwkUp6irJX
2026-05-13 10:45:14,303 - backend.services.youtube_service - DEBUG - Added video: {'kind': 'youtube#playlistItem', 'etag': '3-TMuXVzMXtQ6nhIdZWugLYaojA', 'id': 'UExkeWRCZlZlYUdBWjlqV2hJcnJocWNRZ3drVXA2aXJKWC5FRjdGNDMzN0I2RTI3MDlG', 'snippet': {'publishedAt': '2026-05-13T14:45:14Z', 'channelId': 'UC4y2DnxkoJWE7ZQ05MHd8Tw', 'title': 'Busta Rhymes - Look Over Your Shoulder (Lyric Video) ft. Kendrick Lamar', 'description': 'Listen to the single "Look Over Your Shoulder". Out now!\nStream: https://conglomerateempire.ffm.to/lookover.oyd\n\nFrom the album "Extinction Level Event 2: The Wrath of God". Out now!\nStream: https://conglomerateempire.ffm.to/ele2\n\n#BustaRhymes #LookOverYourShoulder #KendrickLamar\n\nOfficial visualizer by Busta Rhymes ft. Kendrick Lamar performing "Look Over Your Shoulder" © 2020 The Conglomerate Entertainment, Inc. / EMPIRE\n\nhttp://vevo.ly/duKFoH', 'thumbnails': {'default': {'url': 'https://i.ytimg.com/vi/Yl_-3oSlWaU/default.jpg', 'width': 120, 'height': 90}, 'medium': {'url': 'https://i.ytimg.com/vi/Yl_-3oSlWaU/mqdefault.jpg', 'width': 320, 'height': 180}, 'high': {'url': 'https://i.ytimg.com/vi/Yl_-3oSlWaU/hqdefault.jpg', 'width': 480, 'height': 360}, 'standard': {'url': 'https://i.ytimg.com/vi/Yl_-3oSlWaU/sddefault.jpg', 'width': 640, 'height': 480}, 'maxres': {'url': 'https://i.ytimg.com/vi/Yl_-3oSlWaU/maxresdefault.jpg', 'width': 1280, 'height': 720}}, 'channelTitle': 'Louis Cao', 'playlistId': 'PLdydBfVeaGAZ9jWhIrrhqcQgwkUp6irJX', 'position': 94, 'resourceId': {'kind': 'youtube#video', 'videoId': 'Yl_-3oSlWaU'}, 'videoOwnerChannelTitle': 'BustaRhymesVEVO', 'videoOwnerChannelId': 'UCFIAkL-_akPk430rbdmPNaw'}}
2026-05-13 10:45:14,304 - backend.services.youtube_service - INFO - Searching YouTube for: WHO TF IZ U J. Cole
2026-05-13 10:45:16,256 - backend.services.youtube_service - DEBUG - Found video ID: j4NPNp8SEk0
2026-05-13 10:45:16,257 - backend.services.youtube_service - INFO - Adding video j4NPNp8SEk0 to playlist PLdydBfVeaGAZ9jWhIrrhqcQgwkUp6irJX
2026-05-13 10:45:16,478 - backend.services.youtube_service - DEBUG - Added video: {'kind': 'youtube#playlistItem', 'etag': '_uJPGuKYJXF1gwT9dL5QRZsgKvM', 'id': 'UExkeWRCZlZlYUdBWjlqV2hJcnJocWNRZ3drVXA2aXJKWC41ODIyMTgwQzA4NjJCQkZC', 'snippet': {'publishedAt': '2026-05-13T14:45:16Z', 'channelId': 'UC4y2DnxkoJWE7ZQ05MHd8Tw', 'title': 'J. Cole - WHO TF IZ U (Official Audio)', 'description': 'J. Cole - The Fall-Off is available on all platforms now: \nhttps://JCole.lnk.to/TheFall-Off\n\nConnect with J. Cole: \nhttp://thefalloff.com/\nhttps://www.instagram.com/realcoleworld/ \nhttps://twitter.com/jcolenc \nhttps://www.facebook.com/JColeMusic/ \n\nConnect with Dreamville: \nhttp://dreamville.com/ \nhttps://www.instagram.com/dreamville\nhttps://twitter.com/Dreamville \nhttps://www.facebook.com/dreamville \n\n#JCole #TheFallOff #Dreamville', 'thumbnails': {'default': {'url': 'https://i.ytimg.com/vi/j4NPNp8SEk0/default.jpg', 'width': 120, 'height': 90}, 'medium': {'url': 'https://i.ytimg.com/vi/j4NPNp8SEk0/mqdefault.jpg', 'width': 320, 'height': 180}, 'high': {'url': 'https://i.ytimg.com/vi/j4NPNp8SEk0/hqdefault.jpg', 'width': 480, 'height': 360}, 'standard': {'url': 'https://i.ytimg.com/vi/j4NPNp8SEk0/sddefault.jpg', 'width': 640, 'height': 480}, 'maxres': {'url': 'https://i.ytimg.com/vi/j4NPNp8SEk0/maxresdefault.jpg', 'width': 1280, 'height': 720}}, 'channelTitle': 'Louis Cao', 'playlistId': 'PLdydBfVeaGAZ9jWhIrrhqcQgwkUp6irJX', 'position': 95, 'resourceId': {'kind': 'youtube#video', 'videoId': 'j4NPNp8SEk0'}, 'videoOwnerChannelTitle': 'J. Cole', 'videoOwnerChannelId': 'UCnc6db-y3IU7CkT_yeVXdVg'}}
2026-05-13 10:45:16,479 - backend.services.youtube_service - INFO - Searching YouTube for: Poor Thang J. Cole
2026-05-13 10:45:18,368 - backend.services.youtube_service - DEBUG - Found video ID: 3aIjM1YGOO8
2026-05-13 10:45:18,371 - backend.services.youtube_service - INFO - Adding video 3aIjM1YGOO8 to playlist PLdydBfVeaGAZ9jWhIrrhqcQgwkUp6irJX
2026-05-13 10:45:18,685 - backend.services.youtube_service - DEBUG - Added video: {'kind': 'youtube#playlistItem', 'etag': '0NdiZr6ODYEurB1SX7NtMNqBieM', 'id': 'UExkeWRCZlZlYUdBWjlqV2hJcnJocWNRZ3drVXA2aXJKWC5CNEYyNTVBNDdGMDI1MDNC', 'snippet': {'publishedAt': '2026-05-13T14:45:18Z', 'channelId': 'UC4y2DnxkoJWE7ZQ05MHd8Tw', 'title': 'J. Cole - Poor Thang (Official Audio)', 'description': 'J. Cole - The Fall-Off is available on all platforms now: \nhttps://JCole.lnk.to/TheFall-Off\n\nConnect with J. Cole: \nhttp://thefalloff.com/\nhttps://www.instagram.com/realcoleworld/ \nhttps://twitter.com/jcolenc \nhttps://www.facebook.com/JColeMusic/ \n\nConnect with Dreamville: \nhttp://dreamville.com/ \nhttps://www.instagram.com/dreamville\nhttps://twitter.com/Dreamville \nhttps://www.facebook.com/dreamville \n\n#JCole #TheFallOff #Dreamville', 'thumbnails': {'default': {'url': 'https://i.ytimg.com/vi/3aIjM1YGOO8/default.jpg', 'width': 120, 'height': 90}, 'medium': {'url': 'https://i.ytimg.com/vi/3aIjM1YGOO8/mqdefault.jpg', 'width': 320, 'height': 180}, 'high': {'url': 'https://i.ytimg.com/vi/3aIjM1YGOO8/hqdefault.jpg', 'width': 480, 'height': 360}, 'standard': {'url': 'https://i.ytimg.com/vi/3aIjM1YGOO8/sddefault.jpg', 'width': 640, 'height': 480}, 'maxres': {'url': 'https://i.ytimg.com/vi/3aIjM1YGOO8/maxresdefault.jpg', 'width': 1280, 'height': 720}}, 'channelTitle': 'Louis Cao', 'playlistId': 'PLdydBfVeaGAZ9jWhIrrhqcQgwkUp6irJX', 'position': 96, 'resourceId': {'kind': 'youtube#video', 'videoId': '3aIjM1YGOO8'}, 'videoOwnerChannelTitle': 'J. Cole', 'videoOwnerChannelId': 'UCnc6db-y3IU7CkT_yeVXdVg'}}
2026-05-13 10:45:18,688 - backend.services.youtube_service - INFO - Searching YouTube for: Quik Stop J. Cole
2026-05-13 10:45:20,470 - backend.services.youtube_service - DEBUG - Found video ID: pAoqxKYyjWQ
2026-05-13 10:45:20,471 - backend.services.youtube_service - INFO - Adding video pAoqxKYyjWQ to playlist PLdydBfVeaGAZ9jWhIrrhqcQgwkUp6irJX
2026-05-13 10:45:20,703 - backend.services.youtube_service - DEBUG - Added video: {'kind': 'youtube#playlistItem', 'etag': 'XLOHByOa9AgO2MQcyKH6Vbuwcgw', 'id': 'UExkeWRCZlZlYUdBWjlqV2hJcnJocWNRZ3drVXA2aXJKWC5EMUJFNzRCNDRFQjE5RjM4', 'snippet': {'publishedAt': '2026-05-13T14:45:20Z', 'channelId': 'UC4y2DnxkoJWE7ZQ05MHd8Tw', 'title': 'J. Cole - Quik Stop (Official Audio)', 'description': 'J. Cole - The Fall-Off is available on all platforms now: \nhttps://JCole.lnk.to/TheFall-Off\n\nConnect with J. Cole: \nhttp://thefalloff.com/\nhttps://www.instagram.com/realcoleworld/ \nhttps://twitter.com/jcolenc \nhttps://www.facebook.com/JColeMusic/ \n\nConnect with Dreamville: \nhttp://dreamville.com/ \nhttps://www.instagram.com/dreamville\nhttps://twitter.com/Dreamville \nhttps://www.facebook.com/dreamville \n\n#JCole #TheFallOff #Dreamville', 'thumbnails': {'default': {'url': 'https://i.ytimg.com/vi/pAoqxKYyjWQ/default.jpg', 'width': 120, 'height': 90}, 'medium': {'url': 'https://i.ytimg.com/vi/pAoqxKYyjWQ/mqdefault.jpg', 'width': 320, 'height': 180}, 'high': {'url': 'https://i.ytimg.com/vi/pAoqxKYyjWQ/hqdefault.jpg', 'width': 480, 'height': 360}, 'standard': {'url': 'https://i.ytimg.com/vi/pAoqxKYyjWQ/sddefault.jpg', 'width': 640, 'height': 480}, 'maxres': {'url': 'https://i.ytimg.com/vi/pAoqxKYyjWQ/maxresdefault.jpg', 'width': 1280, 'height': 720}}, 'channelTitle': 'Louis Cao', 'playlistId': 'PLdydBfVeaGAZ9jWhIrrhqcQgwkUp6irJX', 'position': 97, 'resourceId': {'kind': 'youtube#video', 'videoId': 'pAoqxKYyjWQ'}, 'videoOwnerChannelTitle': 'J. Cole', 'videoOwnerChannelId': 'UCnc6db-y3IU7CkT_yeVXdVg'}}
2026-05-13 10:45:20,704 - backend.services.youtube_service - INFO - Searching YouTube for: Everything I Am Kanye West
2026-05-13 10:45:22,619 - backend.services.youtube_service - DEBUG - Found video ID: -UeniTE5D18
2026-05-13 10:45:22,621 - backend.services.youtube_service - INFO - Adding video -UeniTE5D18 to playlist PLdydBfVeaGAZ9jWhIrrhqcQgwkUp6irJX
2026-05-13 10:45:23,347 - backend.services.youtube_service - DEBUG - Added video: {'kind': 'youtube#playlistItem', 'etag': 'm7l4MBBA1Vt5ZMT6QPyIbelO5BU', 'id': 'UExkeWRCZlZlYUdBWjlqV2hJcnJocWNRZ3drVXA2aXJKWC44QjNCNkRENjNFQTBEMUND', 'snippet': {'publishedAt': '2026-05-13T14:45:22Z', 'channelId': 'UC4y2DnxkoJWE7ZQ05MHd8Tw', 'title': 'Everything I Am - Kanye West - Graduation (HD)', 'description': 'From the 2007 album "Graduation".', 'thumbnails': {'default': {'url': 'https://i.ytimg.com/vi/-UeniTE5D18/default.jpg', 'width': 120, 'height': 90}, 'medium': {'url': 'https://i.ytimg.com/vi/-UeniTE5D18/mqdefault.jpg', 'width': 320, 'height': 180}, 'high': {'url': 'https://i.ytimg.com/vi/-UeniTE5D18/hqdefault.jpg', 'width': 480, 'height': 360}, 'standard': {'url': 'https://i.ytimg.com/vi/-UeniTE5D18/sddefault.jpg', 'width': 640, 'height': 480}, 'maxres': {'url': 'https://i.ytimg.com/vi/-UeniTE5D18/maxresdefault.jpg', 'width': 1280, 'height': 720}}, 'channelTitle': 'Louis Cao', 'playlistId': 'PLdydBfVeaGAZ9jWhIrrhqcQgwkUp6irJX', 'position': 98, 'resourceId': {'kind': 'youtube#video', 'videoId': '-UeniTE5D18'}, 'videoOwnerChannelTitle': 'Trevor Raney', 'videoOwnerChannelId': 'UCcELCQ7nncVXIb_EevUctzQ'}}
2026-05-13 10:45:23,348 - backend.services.youtube_service - INFO - Searching YouTube for: Denver Jack Harlow
2026-05-13 10:45:24,935 - backend.services.youtube_service - DEBUG - Found video ID: vq4hRDnGbDY
2026-05-13 10:45:24,939 - backend.services.youtube_service - INFO - Adding video vq4hRDnGbDY to playlist PLdydBfVeaGAZ9jWhIrrhqcQgwkUp6irJX
2026-05-13 10:45:25,169 - backend.services.youtube_service - DEBUG - Added video: {'kind': 'youtube#playlistItem', 'etag': 'jVZtJjSwIotzUA2JfhwBu5e7lP4', 'id': 'UExkeWRCZlZlYUdBWjlqV2hJcnJocWNRZ3drVXA2aXJKWC5GNzk2RTlDQTNCQzJCQzJG', 'snippet': {'publishedAt': '2026-05-13T14:45:25Z', 'channelId': 'UC4y2DnxkoJWE7ZQ05MHd8Tw', 'title': 'Jack Harlow - Denver [Official Music Video]', 'description': 'Jack Harlow - Denver\nStream/Download: https://JackHarlow.lnk.to/Jackman\n\nFOLLOW JACK HARLOW\nWebsite: https://www.jackharlow.us/\nInstagram: https://JackHarlow.lnk.to/Instagram\nTwitter: https://JackHarlow.lnk.to/Twitter\nFacebook: https://JackHarlow.lnk.to/Facebook\n\nLISTEN TO JACK HARLOW\nYoutube: https://JackHarlow.lnk.to/YouTube\nSoundCloud: https://JackHarlow.lnk.to/SoundCloud\nSpotify: https://JackHarlow.lnk.to/Spotify\nApple: https://JackHarlow.lnk.to/Apple\n\nThe official YouTube channel of Generation Now and Atlantic Records artist Jack Harlow. Subscribe for the latest music videos, performances, and more.\n\nSUBSCRIBE TO JACK’S YOUTUBE: \nhttps://JackHarlow.lnk.to/YouTube\n\n#JackHarlow #Denver #Jackman', 'thumbnails': {'default': {'url': 'https://i.ytimg.com/vi/vq4hRDnGbDY/default.jpg', 'width': 120, 'height': 90}, 'medium': {'url': 'https://i.ytimg.com/vi/vq4hRDnGbDY/mqdefault.jpg', 'width': 320, 'height': 180}, 'high': {'url': 'https://i.ytimg.com/vi/vq4hRDnGbDY/hqdefault.jpg', 'width': 480, 'height': 360}, 'standard': {'url': 'https://i.ytimg.com/vi/vq4hRDnGbDY/sddefault.jpg', 'width': 640, 'height': 480}}, 'channelTitle': 'Louis Cao', 'playlistId': 'PLdydBfVeaGAZ9jWhIrrhqcQgwkUp6irJX', 'position': 99, 'resourceId': {'kind': 'youtube#video', 'videoId': 'vq4hRDnGbDY'}, 'videoOwnerChannelTitle': 'Jack Harlow', 'videoOwnerChannelId': 'UC6vZl7Qj7JglLDmN_7Or-ZQ'}}
2026-05-13 10:45:25,171 - backend.services.youtube_service - INFO - Searching YouTube for: Cut My Lip Twenty One Pilots
2026-05-13 10:45:27,159 - backend.services.youtube_service - DEBUG - Found video ID: iRwXUzHpHIc
2026-05-13 10:45:27,160 - backend.services.youtube_service - INFO - Adding video iRwXUzHpHIc to playlist PLdydBfVeaGAZ9jWhIrrhqcQgwkUp6irJX
2026-05-13 10:45:28,514 - backend.services.youtube_service - DEBUG - Added video: {'kind': 'youtube#playlistItem', 'etag': 'juzMN-BMWkUXVw6a1FzBzjW1yc8', 'id': 'UExkeWRCZlZlYUdBWjlqV2hJcnJocWNRZ3drVXA2aXJKWC43ODA2MDVCQzY5QzZDMjUw', 'snippet': {'publishedAt': '2026-05-13T14:45:27Z', 'channelId': 'UC4y2DnxkoJWE7ZQ05MHd8Tw', 'title': 'twenty one pilots - Cut My Lip (Official Audio)', 'description': 'twenty one pilots official audio for "Cut My Lip" from the album \'TRENCH\' - available now on Fueled By Ramen. \nhttps://top.lnk.to/trench\n\nLYRICS\nI’ll keep on trying, might as well,\nIf you decide, all is well.\n\nThough I am bruised,\nFace of contusions,\nKnow I’ll keep moving.\n\nRust around the rim,\nDrink it anyway,\nI cut my lip,\nIsn’t what I want,\nBlood is on my tongue,\nI cut my lip.\n\nI keep on going back,\nEven though it’s me I abuse,\nI’ll keep on going back,\nEven…\n\nI don’t mind at all,\nLean on my pride,\nLean on my pride,\nI’m a lion.\n\nSubscribe for more official content from twenty one pilots: https://top.lnk.to/subscribe \n\nSite: https://TOP.lnk.to/website\nStore: https://TOP.lnk.to/store\nSpotify: https://TOP.lnk.to/spotify\nApple Music: https://TOP.lnk.to/apple\nAmazon Music: https://TOP.lnk.to/amazon\nInstagram: https://TOP.lnk.to/instagram\nTwitter: https://TOP.lnk.to/twitter\nFacebook: https://TOP.lnk.to/facebook\nTikTok: https://TOP.lnk.to/tiktok\nYouTube: https://TOP.lnk.to/youtube\n\n#twentyonepilots #TOP #CutMyLip #Trench', 'thumbnails': {'default': {'url': 'https://i.ytimg.com/vi/iRwXUzHpHIc/default.jpg', 'width': 120, 'height': 90}, 'medium': {'url': 'https://i.ytimg.com/vi/iRwXUzHpHIc/mqdefault.jpg', 'width': 320, 'height': 180}, 'high': {'url': 'https://i.ytimg.com/vi/iRwXUzHpHIc/hqdefault.jpg', 'width': 480, 'height': 360}, 'standard': {'url': 'https://i.ytimg.com/vi/iRwXUzHpHIc/sddefault.jpg', 'width': 640, 'height': 480}, 'maxres': {'url': 'https://i.ytimg.com/vi/iRwXUzHpHIc/maxresdefault.jpg', 'width': 1280, 'height': 720}}, 'channelTitle': 'Louis Cao', 'playlistId': 'PLdydBfVeaGAZ9jWhIrrhqcQgwkUp6irJX', 'position': 100, 'resourceId': {'kind': 'youtube#video', 'videoId': 'iRwXUzHpHIc'}, 'videoOwnerChannelTitle': 'twenty one pilots', 'videoOwnerChannelId': 'UCBQZwaNPFfJ1gZ1fLZpAEGw'}}
2026-05-13 10:45:28,515 - backend.services.youtube_service - INFO - Searching YouTube for: Smithereens Twenty One Pilots
2026-05-13 10:45:30,125 - backend.services.youtube_service - DEBUG - Found video ID: v8GwUos_Mtw
2026-05-13 10:45:30,126 - backend.services.youtube_service - INFO - Adding video v8GwUos_Mtw to playlist PLdydBfVeaGAZ9jWhIrrhqcQgwkUp6irJX
2026-05-13 10:45:30,918 - backend.services.youtube_service - DEBUG - Added video: {'kind': 'youtube#playlistItem', 'etag': 'OkGhxbpBNRP4c5rxyB7EgYCVKnA', 'id': 'UExkeWRCZlZlYUdBWjlqV2hJcnJocWNRZ3drVXA2aXJKWC40OTQ5QjlEMDgzN0FBNUIw', 'snippet': {'publishedAt': '2026-05-13T14:45:30Z', 'channelId': 'UC4y2DnxkoJWE7ZQ05MHd8Tw', 'title': 'twenty one pilots - Smithereens (Official Audio)', 'description': 'twenty one pilots official audio for "Smithereens" from the album \'TRENCH\' - available now on Fueled By Ramen. \nhttps://top.lnk.to/trench\n\nExclusive TRENCH merch bundles: http://smarturl.it/trench\n\nLYRICS\nYou know I\'ve always been collected, calm and chill,\nAnd you know I never look for conflict for the thrill,\nBut if I\'m feeling someone stepping towards you, \nCan\'t describe just what I\'m feeling.\n\nFor you, I\'d go step to a dude much bigger than me,\nFor you, I know I would get messed up, weigh 153,\nFor you I would get beat to smithereens.\n\nYou know I\'ll be in the corner taking notes,\nAnd you know I got your six while you\'re working votes,\nBut if I\'m feeling someone stepping towards you, \nCan\'t describe just what I\'m feeling.\n\nYou know I had to do one on the record for her like this.\n\nFor you, I\'d go write a slick song just to show you the world,\nFor you, I know they think it\'s messed up to sell out for your girl.\n\nSubscribe for more official content from twenty one pilots: https://top.lnk.to/subscribe \n\nSite: https://TOP.lnk.to/website\nStore: https://TOP.lnk.to/store\nSpotify: https://TOP.lnk.to/spotify\nApple Music: https://TOP.lnk.to/apple\nAmazon Music: https://TOP.lnk.to/amazon\nInstagram: https://TOP.lnk.to/instagram\nTwitter: https://TOP.lnk.to/twitter\nFacebook: https://TOP.lnk.to/facebook\nTikTok: https://TOP.lnk.to/tiktok\nYouTube: https://TOP.lnk.to/youtube\n\n#twentyonepilots #TOP #Smithereens #Trench', 'thumbnails': {'default': {'url': 'https://i.ytimg.com/vi/v8GwUos_Mtw/default.jpg', 'width': 120, 'height': 90}, 'medium': {'url': 'https://i.ytimg.com/vi/v8GwUos_Mtw/mqdefault.jpg', 'width': 320, 'height': 180}, 'high': {'url': 'https://i.ytimg.com/vi/v8GwUos_Mtw/hqdefault.jpg', 'width': 480, 'height': 360}, 'standard': {'url': 'https://i.ytimg.com/vi/v8GwUos_Mtw/sddefault.jpg', 'width': 640, 'height': 480}, 'maxres': {'url': 'https://i.ytimg.com/vi/v8GwUos_Mtw/maxresdefault.jpg', 'width': 1280, 'height': 720}}, 'channelTitle': 'Louis Cao', 'playlistId': 'PLdydBfVeaGAZ9jWhIrrhqcQgwkUp6irJX', 'position': 101, 'resourceId': {'kind': 'youtube#video', 'videoId': 'v8GwUos_Mtw'}, 'videoOwnerChannelTitle': 'twenty one pilots', 'videoOwnerChannelId': 'UCBQZwaNPFfJ1gZ1fLZpAEGw'}}
2026-05-13 10:45:30,919 - backend.services.youtube_service - INFO - Searching YouTube for: I'm The Man 50 Cent
2026-05-13 10:45:32,509 - backend.services.youtube_service - DEBUG - Found video ID: ZB7Xjd34pjo
2026-05-13 10:45:32,511 - backend.services.youtube_service - INFO - Adding video ZB7Xjd34pjo to playlist PLdydBfVeaGAZ9jWhIrrhqcQgwkUp6irJX
2026-05-13 10:45:32,733 - backend.services.youtube_service - DEBUG - Added video: {'kind': 'youtube#playlistItem', 'etag': 'dtQHS22n629OGeo4HDLLWTwdkDw', 'id': 'UExkeWRCZlZlYUdBWjlqV2hJcnJocWNRZ3drVXA2aXJKWC5CQzUwREI3MzkxQjdBM0E0', 'snippet': {'publishedAt': '2026-05-13T14:45:32Z', 'channelId': 'UC4y2DnxkoJWE7ZQ05MHd8Tw', 'title': "50 Cent ft. Chris Brown - I'm The Man (Official Video)", 'description': 'Listen to Chris Brown\'s remix of 50 Cent\'s hit song, "I\'m The Man".\n\nDownload the song : http://smarturl.it/50ImTheManRmx\nStream the song: http://smarturl.it/50ImTheManRmx_Stream\n\nBest of 50 Cent: https://goo.gl/PgrRic\nSubscribe here: https://goo.gl/o954jF\n\n#50Cent #ImTheMan #Vevo', 'thumbnails': {'default': {'url': 'https://i.ytimg.com/vi/ZB7Xjd34pjo/default.jpg', 'width': 120, 'height': 90}, 'medium': {'url': 'https://i.ytimg.com/vi/ZB7Xjd34pjo/mqdefault.jpg', 'width': 320, 'height': 180}, 'high': {'url': 'https://i.ytimg.com/vi/ZB7Xjd34pjo/hqdefault.jpg', 'width': 480, 'height': 360}, 'standard': {'url': 'https://i.ytimg.com/vi/ZB7Xjd34pjo/sddefault.jpg', 'width': 640, 'height': 480}, 'maxres': {'url': 'https://i.ytimg.com/vi/ZB7Xjd34pjo/maxresdefault.jpg', 'width': 1280, 'height': 720}}, 'channelTitle': 'Louis Cao', 'playlistId': 'PLdydBfVeaGAZ9jWhIrrhqcQgwkUp6irJX', 'position': 102, 'resourceId': {'kind': 'youtube#video', 'videoId': 'ZB7Xjd34pjo'}, 'videoOwnerChannelTitle': '50CentVEVO', 'videoOwnerChannelId': 'UC0sL86jDLgs2fGRD-XBnPQA'}}
2026-05-13 10:45:32,734 - backend.services.youtube_service - INFO - Searching YouTube for: Kody Blu 31 JID
2026-05-13 10:45:34,773 - backend.services.youtube_service - DEBUG - Found video ID: ScDgJJi5Guc
2026-05-13 10:45:34,774 - backend.services.youtube_service - INFO - Adding video ScDgJJi5Guc to playlist PLdydBfVeaGAZ9jWhIrrhqcQgwkUp6irJX
2026-05-13 10:45:34,971 - backend.services.youtube_service - DEBUG - Added video: {'kind': 'youtube#playlistItem', 'etag': 'ewYnC2wHnZ2iMcqXq930jbB7hNE', 'id': 'UExkeWRCZlZlYUdBWjlqV2hJcnJocWNRZ3drVXA2aXJKWC4yOTZGRTNEQ0ZGNUM5RDgw', 'snippet': {'publishedAt': '2026-05-13T14:45:34Z', 'channelId': 'UC4y2DnxkoJWE7ZQ05MHd8Tw', 'title': 'JID - Kody Blu 31 (Official Music Video)', 'description': 'The Forever Story out now: http://JID.lnk.to/TheForeverStory\n \nFollow JID:\nhttp://www.Instagram.com/JIDsv\nhttp://www.Facebook.com/JIDsv\nhttp://www.Twitter.com/JIDsv\nhttp://www.TikTok.com/@JIDsv\n \n#TheForeverStory #JID #KodyBlu31', 'thumbnails': {'default': {'url': 'https://i.ytimg.com/vi/ScDgJJi5Guc/default.jpg', 'width': 120, 'height': 90}, 'medium': {'url': 'https://i.ytimg.com/vi/ScDgJJi5Guc/mqdefault.jpg', 'width': 320, 'height': 180}, 'high': {'url': 'https://i.ytimg.com/vi/ScDgJJi5Guc/hqdefault.jpg', 'width': 480, 'height': 360}, 'standard': {'url': 'https://i.ytimg.com/vi/ScDgJJi5Guc/sddefault.jpg', 'width': 640, 'height': 480}, 'maxres': {'url': 'https://i.ytimg.com/vi/ScDgJJi5Guc/maxresdefault.jpg', 'width': 1280, 'height': 720}}, 'channelTitle': 'Louis Cao', 'playlistId': 'PLdydBfVeaGAZ9jWhIrrhqcQgwkUp6irJX', 'position': 103, 'resourceId': {'kind': 'youtube#video', 'videoId': 'ScDgJJi5Guc'}, 'videoOwnerChannelTitle': 'JID', 'videoOwnerChannelId': 'UC3WIRbOw46MsbycRc1N5x4g'}}
2026-05-13 10:45:34,973 - backend.services.youtube_service - INFO - Searching YouTube for: Sweet Disposition The Temper Trap
2026-05-13 10:45:36,871 - backend.services.youtube_service - DEBUG - Found video ID: vN7HQrgakZU
2026-05-13 10:45:36,875 - backend.services.youtube_service - INFO - Adding video vN7HQrgakZU to playlist PLdydBfVeaGAZ9jWhIrrhqcQgwkUp6irJX
2026-05-13 10:45:37,110 - backend.services.youtube_service - DEBUG - Added video: {'kind': 'youtube#playlistItem', 'etag': 'eQN9a8DfeXUUpgFKyiUPUVBeGi8', 'id': 'UExkeWRCZlZlYUdBWjlqV2hJcnJocWNRZ3drVXA2aXJKWC4zNDIxRUJGQThFRTg1QzAy', 'snippet': {'publishedAt': '2026-05-13T14:45:36Z', 'channelId': 'UC4y2DnxkoJWE7ZQ05MHd8Tw', 'title': 'The Temper Trap - Sweet Disposition [Official Video]', 'description': "The official video for 'Sweet Disposition', taken from The Temper Trap's debut album 'Conditions'.\n\nSubscribe to The Temper Trap’s channel: https://The-Temper-Trap.lnk.to/YouTubeSubscribeYT.  \n  \nhttps://www.facebook.com/tempertrap \nhttps://www.instagram.com/thetempertrap/ \nhttps://www.tiktok.com/@thetempertrap \nhttps://thetempertrap.com/ \n\nLyrics:\nsweet disposition\nnever too soon\noh, reckless abandon\nlike no one's watching you\na moment \na love\na dream \naloud\na kiss \na cry \nour rights\nour wrongs\na moment a love \na dream \naloud\na moment a love \na dream \naloud\n\nso stay there\ncause i'll be coming over\nand while our blood's still young\nit's so young, it runs\nand won't stop til it's over\nwon't stop to surrender\n\nsongs of desperation\ni played them for you\na moment \na love\na dream \naloud\na kiss\na cry \nour rights\nour wrongs\na moment a love\na dream \naloud\na moment a love\na dream \naloud\n\nso stay there\ncause i'll be coming over\nand while our blood's still young\nit's so young, it runs\nand won't stop til it's over\nwon't stop to surrender", 'thumbnails': {'default': {'url': 'https://i.ytimg.com/vi/vN7HQrgakZU/default.jpg', 'width': 120, 'height': 90}, 'medium': {'url': 'https://i.ytimg.com/vi/vN7HQrgakZU/mqdefault.jpg', 'width': 320, 'height': 180}, 'high': {'url': 'https://i.ytimg.com/vi/vN7HQrgakZU/hqdefault.jpg', 'width': 480, 'height': 360}}, 'channelTitle': 'Louis Cao', 'playlistId': 'PLdydBfVeaGAZ9jWhIrrhqcQgwkUp6irJX', 'position': 104, 'resourceId': {'kind': 'youtube#video', 'videoId': 'vN7HQrgakZU'}, 'videoOwnerChannelTitle': 'The Temper Trap', 'videoOwnerChannelId': 'UC-1k7y80RAIK_JlXP8WlDDw'}}
2026-05-13 10:45:37,111 - backend.services.youtube_service - INFO - Searching YouTube for: Johnny P's Caddy Benny The Butcher
2026-05-13 10:45:39,038 - backend.services.youtube_service - DEBUG - Found video ID: klZNvJArVSE
2026-05-13 10:45:39,039 - backend.services.youtube_service - INFO - Adding video klZNvJArVSE to playlist PLdydBfVeaGAZ9jWhIrrhqcQgwkUp6irJX
2026-05-13 10:45:39,277 - backend.services.youtube_service - DEBUG - Added video: {'kind': 'youtube#playlistItem', 'etag': 'HtjI5sehFewYvxe1n1ht3-NPA2k', 'id': 'UExkeWRCZlZlYUdBWjlqV2hJcnJocWNRZ3drVXA2aXJKWC4wN0FBRUVFNEVBMTZBQ0Mx', 'snippet': {'publishedAt': '2026-05-13T14:45:39Z', 'channelId': 'UC4y2DnxkoJWE7ZQ05MHd8Tw', 'title': "Benny The Butcher & J. Cole - Johnny P's Caddy (Official Video)", 'description': 'Listen to the Single “Johnny P’s Caddy”. Out Now!\nStream: https://bennythebutcher.ffm.to/johnnypscaddy\n\n#BennytheButcher  #JCole #tanatalk4\n\nProduced by: The Alchemist\n\nOfficial Video by Benny the Butcher & J. Cole - "Johnny P’s Caddy"  © 2022 Griselda Records / EMPIRE', 'thumbnails': {'default': {'url': 'https://i.ytimg.com/vi/klZNvJArVSE/default.jpg', 'width': 120, 'height': 90}, 'medium': {'url': 'https://i.ytimg.com/vi/klZNvJArVSE/mqdefault.jpg', 'width': 320, 'height': 180}, 'high': {'url': 'https://i.ytimg.com/vi/klZNvJArVSE/hqdefault.jpg', 'width': 480, 'height': 360}, 'standard': {'url': 'https://i.ytimg.com/vi/klZNvJArVSE/sddefault.jpg', 'width': 640, 'height': 480}, 'maxres': {'url': 'https://i.ytimg.com/vi/klZNvJArVSE/maxresdefault.jpg', 'width': 1280, 'height': 720}}, 'channelTitle': 'Louis Cao', 'playlistId': 'PLdydBfVeaGAZ9jWhIrrhqcQgwkUp6irJX', 'position': 105, 'resourceId': {'kind': 'youtube#video', 'videoId': 'klZNvJArVSE'}, 'videoOwnerChannelTitle': 'Benny the Butcher', 'videoOwnerChannelId': 'UCzdpwFZKrV6qII4UKZQG9ZA'}}
2026-05-13 10:45:39,278 - backend.services.youtube_service - INFO - Searching YouTube for: C Carter Cordae
2026-05-13 10:45:41,256 - backend.services.youtube_service - DEBUG - Found video ID: PK8QIiYHBjw
2026-05-13 10:45:41,257 - backend.services.youtube_service - INFO - Adding video PK8QIiYHBjw to playlist PLdydBfVeaGAZ9jWhIrrhqcQgwkUp6irJX
2026-05-13 10:45:41,500 - backend.services.youtube_service - DEBUG - Added video: {'kind': 'youtube#playlistItem', 'etag': 'DxPixBGJjqDiVwkaW8XAH7rdYvk', 'id': 'UExkeWRCZlZlYUdBWjlqV2hJcnJocWNRZ3drVXA2aXJKWC5EODgyNjY4MzA3QzY5RTkx', 'snippet': {'publishedAt': '2026-05-13T14:45:41Z', 'channelId': 'UC4y2DnxkoJWE7ZQ05MHd8Tw', 'title': 'Cordae - C Carter [Official Music Video]', 'description': 'Cordae - “From a Birds Eye View”\nStream/Download: https://cordae.lnk.to/FromABirdsEyeView\n\nCORDAE FROM A BIRDS EYE VIEW TOUR\nTickets on sale: https://www.cordaemusic.com/#tourwrapper\n\nFollow Cordae\nhttps://cordae.lnk.to/Facebook\nhttps://cordae.lnk.to/Instagram\nhttps://cordae.lnk.to/Twitter\nhttps://cordae.lnk.to/Soundcloud\nhttps://www.youtube.com/channel/UC_jN...\n\nThe official YouTube channel of Cordae. Subscribe for the latest music videos, performances, and more.\n\n#Cordae #FromaBirdsEyeView #CCarter', 'thumbnails': {'default': {'url': 'https://i.ytimg.com/vi/PK8QIiYHBjw/default.jpg', 'width': 120, 'height': 90}, 'medium': {'url': 'https://i.ytimg.com/vi/PK8QIiYHBjw/mqdefault.jpg', 'width': 320, 'height': 180}, 'high': {'url': 'https://i.ytimg.com/vi/PK8QIiYHBjw/hqdefault.jpg', 'width': 480, 'height': 360}, 'standard': {'url': 'https://i.ytimg.com/vi/PK8QIiYHBjw/sddefault.jpg', 'width': 640, 'height': 480}}, 'channelTitle': 'Louis Cao', 'playlistId': 'PLdydBfVeaGAZ9jWhIrrhqcQgwkUp6irJX', 'position': 106, 'resourceId': {'kind': 'youtube#video', 'videoId': 'PK8QIiYHBjw'}, 'videoOwnerChannelTitle': 'Cordae', 'videoOwnerChannelId': 'UCPgLVIq1Zr82PD7-f9mxLQQ'}}
2026-05-13 10:45:41,501 - backend.services.youtube_service - INFO - Searching YouTube for: All I Want Is You (feat. J. Cole) Miguel
2026-05-13 10:45:43,408 - backend.services.youtube_service - DEBUG - Found video ID: n7PVhQPaFNY
2026-05-13 10:45:43,413 - backend.services.youtube_service - INFO - Adding video n7PVhQPaFNY to playlist PLdydBfVeaGAZ9jWhIrrhqcQgwkUp6irJX
2026-05-13 10:45:43,665 - backend.services.youtube_service - DEBUG - Added video: {'kind': 'youtube#playlistItem', 'etag': 'x-FQgefPE8wVALM8tpv_-8P93qg', 'id': 'UExkeWRCZlZlYUdBWjlqV2hJcnJocWNRZ3drVXA2aXJKWC5BNzdEQzY0REQzQTEyN0U3', 'snippet': {'publishedAt': '2026-05-13T14:45:43Z', 'channelId': 'UC4y2DnxkoJWE7ZQ05MHd8Tw', 'title': 'Miguel - All I Want Is You (Official Video) ft. J. Cole', 'description': "Official Music Video for 'All I Want Is You' ft. J.Cole. \nListen to Miguel: https://Miguel.lnk.to/listenYD\n\nSubscribe to the official Miguel YouTube Channel: https://Miguel.lnk.to/subscribeYD\n\nFollow Miguel:\nFacebook: https://Miguel.lnk.to/followFI\nInstagram: https://Miguel.lnk.to/followII\nTwitter: https://Miguel.lnk.to/followTI\nWebsite: https://Miguel.lnk.to/followWI\nYouTube: https://Miguel.lnk.to/subscribeYD\nSpotify: https://Miguel.lnk.to/followSI\n\nLyrics:\n\nDamn, cold world\nI never thought I see that day that you're my old girl\nNow I'm stuck here hollering at old girl\nGot one, got two, three four girls\nShotgun in the drop made a right\nHut one, hut two, told them niggas take a hike\nThen it's on to the next one, on, on to the next one\nHard to move on when you always regret one\n\nI wonder sometimes\nI wonder if I was wrong\nTryna do right by you got me here\nNow all I am is alone\n\nCause her eyes\nAnd those hips\nAnd that (ass)\nDon't compare, at all (no)\nAnd at best, all they do is distract me\nBut now, deep down, when I face it\n\nAll I want is you\nAll I want is you (now)\nAll I want is you now\nNow that you're gone, gone, gone\n\n#Miguel #JCole #AllIWantIsYou #RnB #TikTok", 'thumbnails': {'default': {'url': 'https://i.ytimg.com/vi/n7PVhQPaFNY/default.jpg', 'width': 120, 'height': 90}, 'medium': {'url': 'https://i.ytimg.com/vi/n7PVhQPaFNY/mqdefault.jpg', 'width': 320, 'height': 180}, 'high': {'url': 'https://i.ytimg.com/vi/n7PVhQPaFNY/hqdefault.jpg', 'width': 480, 'height': 360}, 'standard': {'url': 'https://i.ytimg.com/vi/n7PVhQPaFNY/sddefault.jpg', 'width': 640, 'height': 480}, 'maxres': {'url': 'https://i.ytimg.com/vi/n7PVhQPaFNY/maxresdefault.jpg', 'width': 1280, 'height': 720}}, 'channelTitle': 'Louis Cao', 'playlistId': 'PLdydBfVeaGAZ9jWhIrrhqcQgwkUp6irJX', 'position': 107, 'resourceId': {'kind': 'youtube#video', 'videoId': 'n7PVhQPaFNY'}, 'videoOwnerChannelTitle': 'MiguelVEVO', 'videoOwnerChannelId': 'UCpOt14iqkbd6QjtBHicTXKQ'}}
2026-05-13 10:45:43,665 - backend.services.youtube_service - INFO - Searching YouTube for: Trae The Truth in Ibiza J. Cole
2026-05-13 10:45:45,632 - backend.services.youtube_service - DEBUG - Found video ID: R5L2w_NdYMo
2026-05-13 10:45:45,634 - backend.services.youtube_service - INFO - Adding video R5L2w_NdYMo to playlist PLdydBfVeaGAZ9jWhIrrhqcQgwkUp6irJX
2026-05-13 10:45:45,877 - backend.services.youtube_service - DEBUG - Added video: {'kind': 'youtube#playlistItem', 'etag': 'viFADuoCIYxQfl5Q6q72DngWDMI', 'id': 'UExkeWRCZlZlYUdBWjlqV2hJcnJocWNRZ3drVXA2aXJKWC43RDg3MzJDMTRFMTZFOTAw', 'snippet': {'publishedAt': '2026-05-13T14:45:45Z', 'channelId': 'UC4y2DnxkoJWE7ZQ05MHd8Tw', 'title': 'J. Cole - Trae The Truth In Ibiza (Official Audio)', 'description': 'J. Cole - Might Delete Later is out now\nhttps://JCole.lnk.to/MightDeleteLater\n\nConnect with J. Cole:\nhttps://www.instagram.com/realcoleworld/\nhttps://twitter.com/jcolenc\nhttps://www.facebook.com/JColeMusic/\n\nConnect with Dreamville:\nhttp://dreamville.com/\nhttps://www.instagram.com/dreamville\nhttps://twitter.com/Dreamville\nhttps://www.facebook.com/dreamville\n\n#JCole #MightDeleteLater #Dreamville', 'thumbnails': {'default': {'url': 'https://i.ytimg.com/vi/R5L2w_NdYMo/default.jpg', 'width': 120, 'height': 90}, 'medium': {'url': 'https://i.ytimg.com/vi/R5L2w_NdYMo/mqdefault.jpg', 'width': 320, 'height': 180}, 'high': {'url': 'https://i.ytimg.com/vi/R5L2w_NdYMo/hqdefault.jpg', 'width': 480, 'height': 360}, 'standard': {'url': 'https://i.ytimg.com/vi/R5L2w_NdYMo/sddefault.jpg', 'width': 640, 'height': 480}, 'maxres': {'url': 'https://i.ytimg.com/vi/R5L2w_NdYMo/maxresdefault.jpg', 'width': 1280, 'height': 720}}, 'channelTitle': 'Louis Cao', 'playlistId': 'PLdydBfVeaGAZ9jWhIrrhqcQgwkUp6irJX', 'position': 108, 'resourceId': {'kind': 'youtube#video', 'videoId': 'R5L2w_NdYMo'}, 'videoOwnerChannelTitle': 'J. Cole', 'videoOwnerChannelId': 'UCnc6db-y3IU7CkT_yeVXdVg'}}
2026-05-13 10:45:45,878 - backend.services.youtube_service - INFO - Searching YouTube for: Thinkin Bout You Frank Ocean
2026-05-13 10:45:47,788 - backend.services.youtube_service - DEBUG - Found video ID: F-6OLCvO7MA
2026-05-13 10:45:47,790 - backend.services.youtube_service - INFO - Adding video F-6OLCvO7MA to playlist PLdydBfVeaGAZ9jWhIrrhqcQgwkUp6irJX
2026-05-13 10:45:48,073 - backend.services.youtube_service - DEBUG - Added video: {'kind': 'youtube#playlistItem', 'etag': '7Vuirpl20OxK86wHvjPmNCTBGcQ', 'id': 'UExkeWRCZlZlYUdBWjlqV2hJcnJocWNRZ3drVXA2aXJKWC44NjIxNjc5OUQwQkJBODQ5', 'snippet': {'publishedAt': '2026-05-13T14:45:47Z', 'channelId': 'UC4y2DnxkoJWE7ZQ05MHd8Tw', 'title': 'Frank Ocean - Thinkin’ bout you  (Lyrics)', 'description': '', 'thumbnails': {'default': {'url': 'https://i.ytimg.com/vi/F-6OLCvO7MA/default.jpg', 'width': 120, 'height': 90}, 'medium': {'url': 'https://i.ytimg.com/vi/F-6OLCvO7MA/mqdefault.jpg', 'width': 320, 'height': 180}, 'high': {'url': 'https://i.ytimg.com/vi/F-6OLCvO7MA/hqdefault.jpg', 'width': 480, 'height': 360}, 'standard': {'url': 'https://i.ytimg.com/vi/F-6OLCvO7MA/sddefault.jpg', 'width': 640, 'height': 480}, 'maxres': {'url': 'https://i.ytimg.com/vi/F-6OLCvO7MA/maxresdefault.jpg', 'width': 1280, 'height': 720}}, 'channelTitle': 'Louis Cao', 'playlistId': 'PLdydBfVeaGAZ9jWhIrrhqcQgwkUp6irJX', 'position': 109, 'resourceId': {'kind': 'youtube#video', 'videoId': 'F-6OLCvO7MA'}, 'videoOwnerChannelTitle': 'Luuuldoc Lyrics', 'videoOwnerChannelId': 'UCgUDFDPi-xj-i6rFvDRux1A'}}
2026-05-13 10:45:48,074 - backend.services.youtube_service - INFO - Searching YouTube for: Sidewalks The Weeknd
2026-05-13 10:45:49,903 - backend.services.youtube_service - DEBUG - Found video ID: sK-T-cmznY8
2026-05-13 10:45:49,905 - backend.services.youtube_service - INFO - Adding video sK-T-cmznY8 to playlist PLdydBfVeaGAZ9jWhIrrhqcQgwkUp6irJX
2026-05-13 10:45:50,133 - backend.services.youtube_service - DEBUG - Added video: {'kind': 'youtube#playlistItem', 'etag': 'BTK5UJRz90LmsDn-ic6IubAGojU', 'id': 'UExkeWRCZlZlYUdBWjlqV2hJcnJocWNRZ3drVXA2aXJKWC4wRkVBNUY4OTkzN0JCNTA2', 'snippet': {'publishedAt': '2026-05-13T14:45:49Z', 'channelId': 'UC4y2DnxkoJWE7ZQ05MHd8Tw', 'title': 'The Weeknd - Sidewalks (Audio) ft. Kendrick Lamar', 'description': 'Music video by The Weeknd performing Sidewalks (Audio).© 2023 The Weeknd XO, Inc., Manufactured and Marketed by Republic Records, a Division of UMG Recordings, Inc.', 'thumbnails': {'default': {'url': 'https://i.ytimg.com/vi/sK-T-cmznY8/default.jpg', 'width': 120, 'height': 90}, 'medium': {'url': 'https://i.ytimg.com/vi/sK-T-cmznY8/mqdefault.jpg', 'width': 320, 'height': 180}, 'high': {'url': 'https://i.ytimg.com/vi/sK-T-cmznY8/hqdefault.jpg', 'width': 480, 'height': 360}, 'standard': {'url': 'https://i.ytimg.com/vi/sK-T-cmznY8/sddefault.jpg', 'width': 640, 'height': 480}, 'maxres': {'url': 'https://i.ytimg.com/vi/sK-T-cmznY8/maxresdefault.jpg', 'width': 1280, 'height': 720}}, 'channelTitle': 'Louis Cao', 'playlistId': 'PLdydBfVeaGAZ9jWhIrrhqcQgwkUp6irJX', 'position': 110, 'resourceId': {'kind': 'youtube#video', 'videoId': 'sK-T-cmznY8'}, 'videoOwnerChannelTitle': 'TheWeekndVEVO', 'videoOwnerChannelId': 'UCF_fDSgPpBQuh1MsUTgIARQ'}}
2026-05-13 10:45:50,134 - backend.services.youtube_service - INFO - Searching YouTube for: Better Khalid
2026-05-13 10:45:52,008 - backend.services.youtube_service - DEBUG - Found video ID: x3bfa3DZ8JM
2026-05-13 10:45:52,011 - backend.services.youtube_service - INFO - Adding video x3bfa3DZ8JM to playlist PLdydBfVeaGAZ9jWhIrrhqcQgwkUp6irJX
2026-05-13 10:45:52,270 - backend.services.youtube_service - DEBUG - Added video: {'kind': 'youtube#playlistItem', 'etag': 'fQx169cC8w6Tv75jMt3qR8PkK34', 'id': 'UExkeWRCZlZlYUdBWjlqV2hJcnJocWNRZ3drVXA2aXJKWC43NjE5NDdDRTdENjQ3RTkw', 'snippet': {'publishedAt': '2026-05-13T14:45:52Z', 'channelId': 'UC4y2DnxkoJWE7ZQ05MHd8Tw', 'title': 'Khalid - Better (Official Video)', 'description': '"Better" by Khalid\nListen to Khalid: https://Khalid.lnk.to/listenYD\n\nListen to the new WATTS x Khalid single "Feels" https://smarturl.it/WATTSxKhalidxFeels\n\nWatch more Khalid videos: https://Khalid.lnk.to/listenYD/youtube\n\nSubscribe to the official Khalid YouTube channel: https://Khalid.lnk.to/subscribeYD\n\nFollow Khalid:\nFacebook: https://Khalid.lnk.to/followFI\nInstagram: https://Khalid.lnk.to/followII\nTwitter: https://Khalid.lnk.to/followTI\nSpotify: https://Khalid.lnk.to/followSI\nWebsite: https://Khalid.lnk.to/followWI\nYouTube: https://Khalid.lnk.to/subscribeYD\n\nLyrics:\nNothing feels better than this\nNothing feels better\nNothing feels better than this\nNothing feels better, oh no\nWe don\'t gotta hide, this is what you like\nI\'ll admit\nNothing feels better than this\n\n#Better #Khalid #OfficialVideo', 'thumbnails': {'default': {'url': 'https://i.ytimg.com/vi/x3bfa3DZ8JM/default.jpg', 'width': 120, 'height': 90}, 'medium': {'url': 'https://i.ytimg.com/vi/x3bfa3DZ8JM/mqdefault.jpg', 'width': 320, 'height': 180}, 'high': {'url': 'https://i.ytimg.com/vi/x3bfa3DZ8JM/hqdefault.jpg', 'width': 480, 'height': 360}, 'standard': {'url': 'https://i.ytimg.com/vi/x3bfa3DZ8JM/sddefault.jpg', 'width': 640, 'height': 480}, 'maxres': {'url': 'https://i.ytimg.com/vi/x3bfa3DZ8JM/maxresdefault.jpg', 'width': 1280, 'height': 720}}, 'channelTitle': 'Louis Cao', 'playlistId': 'PLdydBfVeaGAZ9jWhIrrhqcQgwkUp6irJX', 'position': 111, 'resourceId': {'kind': 'youtube#video', 'videoId': 'x3bfa3DZ8JM'}, 'videoOwnerChannelTitle': 'KhalidVEVO', 'videoOwnerChannelId': 'UCcN-NDV03eHs6oLd1pe2r8w'}}
2026-05-13 10:45:52,271 - backend.services.youtube_service - INFO - Searching YouTube for: Christmas Lights Coldplay
2026-05-13 10:45:54,189 - backend.services.youtube_service - DEBUG - Found video ID: z1rYmzQ8C9Q
2026-05-13 10:45:54,190 - backend.services.youtube_service - INFO - Adding video z1rYmzQ8C9Q to playlist PLdydBfVeaGAZ9jWhIrrhqcQgwkUp6irJX
2026-05-13 10:45:54,527 - backend.services.youtube_service - DEBUG - Added video: {'kind': 'youtube#playlistItem', 'etag': 'EqoMqklOC55ysdkamYg0ITk2gMM', 'id': 'UExkeWRCZlZlYUdBWjlqV2hJcnJocWNRZ3drVXA2aXJKWC5ENEEyOTIwNkY4NzFGMkQ2', 'snippet': {'publishedAt': '2026-05-13T14:45:54Z', 'channelId': 'UC4y2DnxkoJWE7ZQ05MHd8Tw', 'title': 'Coldplay - Christmas Lights (Official Video)', 'description': "Coldplay's tenth studio album Moon Music available to listen/ buy now! https://coldplay.lnk.to/MoonMusic 🌙\n\nColdplay - Christmas Lights was released in 2010.\n\nSubscribe for more content from Coldplay:\nhttps://bit.ly/subscribecoldplay\n\nSee more official videos from Coldplay here:\nhttps://www.youtube.com/playlist?list=PLsvoYlzBrLFAJd4hNQSHw1lYjDKeQB_iU\n\nFOLLOW COLDPLAY\nWebsite: http://www.coldplay.com \nInstagram: http://instagram.com/coldplay\nTwitter: https://twitter.com/coldplay\nFacebook: https://www.facebook.com/coldplay\nTiktok: https://www.tiktok.com/@coldplay\nSpotify: https://bit.ly/coldplayspotify\n\nABOUT COLDPLAY\nSince forming at university in London, Coldplay have gone on to become one of the planet’s most popular acts, selling more than 100 million copies of their nine Number One albums, which have spawned a string of hits including Yellow, Clocks, Fix You, Paradise, Viva La Vida, A Sky Full Of Stars, Hymn For The Weekend, Adventure Of A Lifetime, Orphans and, most recently, Higher Power and My Universe.\n\n#Coldplay #ChristmasLights #Christmas #MoonMusic", 'thumbnails': {'default': {'url': 'https://i.ytimg.com/vi/z1rYmzQ8C9Q/default.jpg', 'width': 120, 'height': 90}, 'medium': {'url': 'https://i.ytimg.com/vi/z1rYmzQ8C9Q/mqdefault.jpg', 'width': 320, 'height': 180}, 'high': {'url': 'https://i.ytimg.com/vi/z1rYmzQ8C9Q/hqdefault.jpg', 'width': 480, 'height': 360}, 'standard': {'url': 'https://i.ytimg.com/vi/z1rYmzQ8C9Q/sddefault.jpg', 'width': 640, 'height': 480}, 'maxres': {'url': 'https://i.ytimg.com/vi/z1rYmzQ8C9Q/maxresdefault.jpg', 'width': 1280, 'height': 720}}, 'channelTitle': 'Louis Cao', 'playlistId': 'PLdydBfVeaGAZ9jWhIrrhqcQgwkUp6irJX', 'position': 112, 'resourceId': {'kind': 'youtube#video', 'videoId': 'z1rYmzQ8C9Q'}, 'videoOwnerChannelTitle': 'Coldplay', 'videoOwnerChannelId': 'UCDPM_n1atn2ijUwHd0NNRQw'}}
2026-05-13 10:45:54,528 - backend.services.youtube_service - INFO - Searching YouTube for: Don't Let Me Drown Burna Boy
2026-05-13 10:45:56,344 - backend.services.youtube_service - DEBUG - Found video ID: h35Nhha7qQI
2026-05-13 10:45:56,347 - backend.services.youtube_service - INFO - Adding video h35Nhha7qQI to playlist PLdydBfVeaGAZ9jWhIrrhqcQgwkUp6irJX
2026-05-13 10:45:56,617 - backend.services.youtube_service - DEBUG - Added video: {'kind': 'youtube#playlistItem', 'etag': '_TVz9nDxj9hEB3DLyDo1yXwB2ag', 'id': 'UExkeWRCZlZlYUdBWjlqV2hJcnJocWNRZ3drVXA2aXJKWC42NEZDNTU0RTRENDUzRjMz', 'snippet': {'publishedAt': '2026-05-13T14:45:56Z', 'channelId': 'UC4y2DnxkoJWE7ZQ05MHd8Tw', 'title': "Burna Boy - Don't Let Me Drown (From F1® The Movie) [Official Video]", 'description': "Burna Boy - Don't Let Me Drown (From F1® The Movie)\nDownload/stream: https://F1TheAlbum.lnk.to/dlmd\n\nStream & Shop ‘F1 The Album’ out now: https://F1TheAlbum.lnk.to/F1TAID\nPre-Order 'No Sign of Weakness' out July 11th: https://burna.lnk.to/nosignofweakness\n\nF1® The Movie is streaming exclusively on Apple TV December 12\n\nLink: https://apple.co/F1-\n\n\nListen to Burna Boy\nYouTube: https://Burna.lnk.to/YouTube\nSoundcloud: https://Burna.lnk.to/SoundCloud\nApple Music: https://Burna.lnk.to/Apple\nSpotify: https://Burna.lnk.to/Spotify\nDeezer: https://Burna.lnk.to/Deezer\nBoomplay: https://Burna.lnk.to/Boomplay\n\n\n\nThe official YouTube channel of Atlantic Records artist Burna Boy. Subscribe for the latest music videos, performances, and more.", 'thumbnails': {'default': {'url': 'https://i.ytimg.com/vi/h35Nhha7qQI/default.jpg', 'width': 120, 'height': 90}, 'medium': {'url': 'https://i.ytimg.com/vi/h35Nhha7qQI/mqdefault.jpg', 'width': 320, 'height': 180}, 'high': {'url': 'https://i.ytimg.com/vi/h35Nhha7qQI/hqdefault.jpg', 'width': 480, 'height': 360}, 'standard': {'url': 'https://i.ytimg.com/vi/h35Nhha7qQI/sddefault.jpg', 'width': 640, 'height': 480}, 'maxres': {'url': 'https://i.ytimg.com/vi/h35Nhha7qQI/maxresdefault.jpg', 'width': 1280, 'height': 720}}, 'channelTitle': 'Louis Cao', 'playlistId': 'PLdydBfVeaGAZ9jWhIrrhqcQgwkUp6irJX', 'position': 113, 'resourceId': {'kind': 'youtube#video', 'videoId': 'h35Nhha7qQI'}, 'videoOwnerChannelTitle': 'Burna Boy', 'videoOwnerChannelId': 'UCEzDdNqNkT-7rSfSGSr1hWg'}}
2026-05-13 10:45:56,618 - backend.services.youtube_service - INFO - Searching YouTube for: Sacrifices (with EARTHGANG & J. Cole feat. Smino & Saba) Dreamville
2026-05-13 10:45:58,501 - backend.services.youtube_service - DEBUG - Found video ID: ANzgMYgoJsA
2026-05-13 10:45:58,503 - backend.services.youtube_service - INFO - Adding video ANzgMYgoJsA to playlist PLdydBfVeaGAZ9jWhIrrhqcQgwkUp6irJX
2026-05-13 10:45:58,725 - backend.services.youtube_service - DEBUG - Added video: {'kind': 'youtube#playlistItem', 'etag': '9l3vk_HSZizgFQDcfrMSWeie6fY', 'id': 'UExkeWRCZlZlYUdBWjlqV2hJcnJocWNRZ3drVXA2aXJKWC5BRDg1NUY1OTY2QzgzOEM0', 'snippet': {'publishedAt': '2026-05-13T14:45:58Z', 'channelId': 'UC4y2DnxkoJWE7ZQ05MHd8Tw', 'title': 'Dreamville - Sacrifices ft. EARTHGANG, J. Cole, Smino & Saba (Official Music Video)', 'description': 'Dreamville - Sacrifices ft. EARTHGANG, J. Cole, Smino & Saba (Official Music Video)\nStream Revenge of the Dreamers III - https://dreamville.lnk.to/ROTD3\n\nRevenge Documentary - https://dreamville.lnk.to/REVENGEdoc \n\nFollow Dreamville:\nhttps://www.instagram.com/dreamville/\nhttps://twitter.com/Dreamville\nhttps://www.facebook.com/dreamville\n\n#Sacrifices #Dreamville #ROTD3', 'thumbnails': {'default': {'url': 'https://i.ytimg.com/vi/ANzgMYgoJsA/default.jpg', 'width': 120, 'height': 90}, 'medium': {'url': 'https://i.ytimg.com/vi/ANzgMYgoJsA/mqdefault.jpg', 'width': 320, 'height': 180}, 'high': {'url': 'https://i.ytimg.com/vi/ANzgMYgoJsA/hqdefault.jpg', 'width': 480, 'height': 360}, 'standard': {'url': 'https://i.ytimg.com/vi/ANzgMYgoJsA/sddefault.jpg', 'width': 640, 'height': 480}, 'maxres': {'url': 'https://i.ytimg.com/vi/ANzgMYgoJsA/maxresdefault.jpg', 'width': 1280, 'height': 720}}, 'channelTitle': 'Louis Cao', 'playlistId': 'PLdydBfVeaGAZ9jWhIrrhqcQgwkUp6irJX', 'position': 114, 'resourceId': {'kind': 'youtube#video', 'videoId': 'ANzgMYgoJsA'}, 'videoOwnerChannelTitle': 'Dreamville', 'videoOwnerChannelId': 'UC9U8CIOx3nTimoKC8j0y-oA'}}
2026-05-13 10:45:58,726 - backend.services.youtube_service - INFO - Searching YouTube for: Tiramisu Don Toliver
2026-05-13 10:46:00,643 - backend.services.youtube_service - DEBUG - Found video ID: KlhuSz0HbcE
2026-05-13 10:46:00,645 - backend.services.youtube_service - INFO - Adding video KlhuSz0HbcE to playlist PLdydBfVeaGAZ9jWhIrrhqcQgwkUp6irJX
2026-05-13 10:46:00,976 - backend.services.youtube_service - DEBUG - Added video: {'kind': 'youtube#playlistItem', 'etag': 'k70xfHrkfEvctR3xBiKNDeOowIU', 'id': 'UExkeWRCZlZlYUdBWjlqV2hJcnJocWNRZ3drVXA2aXJKWC5ERkRDQjY0N0Y0Q0VFOTdC', 'snippet': {'publishedAt': '2026-05-13T14:46:00Z', 'channelId': 'UC4y2DnxkoJWE7ZQ05MHd8Tw', 'title': 'Don Toliver - Tiramisu [Official Music Video]', 'description': "Don Toliver - Tiramisu\n'TIRAMISU', OUT NOW! 🍰\nSTREAM/DL HERE: https://DonToliver.lnk.to/tiramisu \n\nSubscribe to Don’s YouTube channel: https://dontoliver.lnk.to/YTSubscribe\n\nFollow Don Toliver\nhttps://www.instagram.com/dontoliver\nhttps://www.tiktok.com/@dontolivermusic\nhttps://twitter.com/dontoliver\nhttps://soundcloud.com/dontoliver\nhttps://www.facebook.com/DonToliver/\n\n#DonToliver #Tiramisu #OfficialMusicVideo", 'thumbnails': {'default': {'url': 'https://i.ytimg.com/vi/KlhuSz0HbcE/default.jpg', 'width': 120, 'height': 90}, 'medium': {'url': 'https://i.ytimg.com/vi/KlhuSz0HbcE/mqdefault.jpg', 'width': 320, 'height': 180}, 'high': {'url': 'https://i.ytimg.com/vi/KlhuSz0HbcE/hqdefault.jpg', 'width': 480, 'height': 360}, 'standard': {'url': 'https://i.ytimg.com/vi/KlhuSz0HbcE/sddefault.jpg', 'width': 640, 'height': 480}, 'maxres': {'url': 'https://i.ytimg.com/vi/KlhuSz0HbcE/maxresdefault.jpg', 'width': 1280, 'height': 720}}, 'channelTitle': 'Louis Cao', 'playlistId': 'PLdydBfVeaGAZ9jWhIrrhqcQgwkUp6irJX', 'position': 115, 'resourceId': {'kind': 'youtube#video', 'videoId': 'KlhuSz0HbcE'}, 'videoOwnerChannelTitle': 'Don Toliver', 'videoOwnerChannelId': 'UCgT01FILdWB9BsXBXKjpQ7A'}}
2026-05-13 10:46:00,977 - backend.services.youtube_service - INFO - Searching YouTube for: The Hype Twenty One Pilots
2026-05-13 10:46:02,799 - backend.services.youtube_service - DEBUG - Found video ID: Io2hbcrAYBw
2026-05-13 10:46:02,801 - backend.services.youtube_service - INFO - Adding video Io2hbcrAYBw to playlist PLdydBfVeaGAZ9jWhIrrhqcQgwkUp6irJX
2026-05-13 10:46:03,041 - backend.services.youtube_service - DEBUG - Added video: {'kind': 'youtube#playlistItem', 'etag': 'yrKZPZT2nS0tlsceL1rCNMXej1I', 'id': 'UExkeWRCZlZlYUdBWjlqV2hJcnJocWNRZ3drVXA2aXJKWC4wMDkwRkI3NzExODA2MTFG', 'snippet': {'publishedAt': '2026-05-13T14:46:02Z', 'channelId': 'UC4y2DnxkoJWE7ZQ05MHd8Tw', 'title': 'twenty one pilots: The Hype (Official Video)', 'description': 'twenty one pilots: The Hype (Official Video)\nofficial video for "The Hype" from the album \'TRENCH\' - available now on Fueled By Ramen.  \nStream / Download TRENCH: http://top.lnk.to/trench\n\nLYRICS\nSometimes I feel cold, even paralyzed,\nMy interior world needs to sanitize,\nI\'ve got to step through or I\'ll dissipate,\nI\'ll record my step through for my basement tapes.\n\nNice to know my kind will be on my side,\nI don\'t believe the hype.\nAnd you know you\'re a terrible sight,\nBut you\'ll be just fine,\nJust don\'t believe the hype.\n\nYeah they might be talking behind your head,\nYour exterior world can step off instead,\nIt might take some friends and a warmer shirt,\nBut you don\'t get thick skin without getting burnt.\n\nNo, I don\'t know which way I\'m going,\nBut I can hear my way around.\n\nSubscribe for more official content from twenty one pilots: https://top.lnk.to/subscribe \n\nSite: https://TOP.lnk.to/website\nStore: https://TOP.lnk.to/store\nSpotify: https://TOP.lnk.to/spotify\nApple Music: https://TOP.lnk.to/apple\nAmazon Music: https://TOP.lnk.to/amazon\nInstagram: https://TOP.lnk.to/instagram\nTwitter: https://TOP.lnk.to/twitter\nFacebook: https://TOP.lnk.to/facebook\nTikTok: https://TOP.lnk.to/tiktok\nYouTube: https://TOP.lnk.to/youtube\n\n#twentyonepilots #TheHype #Trench', 'thumbnails': {'default': {'url': 'https://i.ytimg.com/vi/Io2hbcrAYBw/default.jpg', 'width': 120, 'height': 90}, 'medium': {'url': 'https://i.ytimg.com/vi/Io2hbcrAYBw/mqdefault.jpg', 'width': 320, 'height': 180}, 'high': {'url': 'https://i.ytimg.com/vi/Io2hbcrAYBw/hqdefault.jpg', 'width': 480, 'height': 360}, 'standard': {'url': 'https://i.ytimg.com/vi/Io2hbcrAYBw/sddefault.jpg', 'width': 640, 'height': 480}, 'maxres': {'url': 'https://i.ytimg.com/vi/Io2hbcrAYBw/maxresdefault.jpg', 'width': 1280, 'height': 720}}, 'channelTitle': 'Louis Cao', 'playlistId': 'PLdydBfVeaGAZ9jWhIrrhqcQgwkUp6irJX', 'position': 116, 'resourceId': {'kind': 'youtube#video', 'videoId': 'Io2hbcrAYBw'}, 'videoOwnerChannelTitle': 'twenty one pilots', 'videoOwnerChannelId': 'UCBQZwaNPFfJ1gZ1fLZpAEGw'}}
2026-05-13 10:46:03,042 - backend.services.youtube_service - INFO - Searching YouTube for: Two High Moon Taxi
2026-05-13 10:46:05,100 - backend.services.youtube_service - DEBUG - Found video ID: v7gQRGhVGDE
2026-05-13 10:46:05,101 - backend.services.youtube_service - INFO - Adding video v7gQRGhVGDE to playlist PLdydBfVeaGAZ9jWhIrrhqcQgwkUp6irJX
2026-05-13 10:46:05,887 - backend.services.youtube_service - DEBUG - Added video: {'kind': 'youtube#playlistItem', 'etag': '-AUnjdMkt8nYl5eSazP-XsLdySM', 'id': 'UExkeWRCZlZlYUdBWjlqV2hJcnJocWNRZ3drVXA2aXJKWC4xRDJGOTc4RkUxMzUwMUFG', 'snippet': {'publishedAt': '2026-05-13T14:46:05Z', 'channelId': 'UC4y2DnxkoJWE7ZQ05MHd8Tw', 'title': 'Moon Taxi - Two High (Lyric Video)', 'description': 'Listen / Follow Moon Taxi: https://lnk.to/ListenMoonTaxi\n\nGet Moon Taxi "Two High" Now:\niTunes - http://smarturl.it/TWOHIGH/itunes?iqid=yt\nApple Music - http://smarturl.it/TWOHIGH/applemusic?iqid=yt \nSpotify - http://smarturl.it/TWOHIGH/spotify?iqid=yt \nAmazon - http://smarturl.it/TWOHIGH/amazon?iqid=yt \nGoogle Play - http://smarturl.it/TWOHIGH/googleplay?iqid=yt \n\nVideo and motion graphics by Andy Hubright\n\nKeep up with Moon Taxi:\nWebsite: http://ridethemoontaxi.com/\nFacebook: https://www.facebook.com/ridethemoontaxi\nTwitter: https://twitter.com/MoonTaxi\nInstagram: https://www.instagram.com/moon_taxi/', 'thumbnails': {'default': {'url': 'https://i.ytimg.com/vi/v7gQRGhVGDE/default.jpg', 'width': 120, 'height': 90}, 'medium': {'url': 'https://i.ytimg.com/vi/v7gQRGhVGDE/mqdefault.jpg', 'width': 320, 'height': 180}, 'high': {'url': 'https://i.ytimg.com/vi/v7gQRGhVGDE/hqdefault.jpg', 'width': 480, 'height': 360}, 'standard': {'url': 'https://i.ytimg.com/vi/v7gQRGhVGDE/sddefault.jpg', 'width': 640, 'height': 480}, 'maxres': {'url': 'https://i.ytimg.com/vi/v7gQRGhVGDE/maxresdefault.jpg', 'width': 1280, 'height': 720}}, 'channelTitle': 'Louis Cao', 'playlistId': 'PLdydBfVeaGAZ9jWhIrrhqcQgwkUp6irJX', 'position': 117, 'resourceId': {'kind': 'youtube#video', 'videoId': 'v7gQRGhVGDE'}, 'videoOwnerChannelTitle': 'Moon Taxi', 'videoOwnerChannelId': 'UCCLHBS9hAzZvki1zx-NGmyQ'}}
2026-05-13 10:46:05,888 - backend.services.youtube_service - INFO - Searching YouTube for: Excavate (feat. Saint Claire) Macklemore
2026-05-13 10:46:07,609 - backend.services.youtube_service - DEBUG - Found video ID: FyO9fCtIwL8
2026-05-13 10:46:07,613 - backend.services.youtube_service - INFO - Adding video FyO9fCtIwL8 to playlist PLdydBfVeaGAZ9jWhIrrhqcQgwkUp6irJX
2026-05-13 10:46:07,831 - backend.services.youtube_service - DEBUG - Added video: {'kind': 'youtube#playlistItem', 'etag': 'IUmxlxTcRbsR_XauVaTwp51yX4Q', 'id': 'UExkeWRCZlZlYUdBWjlqV2hJcnJocWNRZ3drVXA2aXJKWC4wQTI4OEZFRUE0Q0Q3ODQw', 'snippet': {'publishedAt': '2026-05-13T14:46:07Z', 'channelId': 'UC4y2DnxkoJWE7ZQ05MHd8Tw', 'title': 'MACKLEMORE FEAT SAINT CLAIRE - EXCAVATE', 'description': 'GEMINI - AVAILABLE NOW\nhttp://smarturl.it/MacklemoreGemini\n\nMacklemore \nExcavate feat. Saint Claire\n\nPerformed by Macklemore and Saint Claire\nProduced by Joshua "Budo" Karp \n\nWritten by: B. Haggerty; J. Sinclair; J. Karp; T. Andrews\n\nLyrics by Ben Haggerty and Saint Claire\nFeatured Vocals by Saint Claire\nPiano by Joshua “Budo” Karp\nDrums by Joshua “Budo” Karp\nSynth by Joshua “Budo” Karp\nBass by Joshua “Budo” Karp\nStrings by Saint Claire\nBackground Vocals by Tyler Andrews\nAdditional Vocals by Saint Claire\n\nMixed by Jon Castelli at The Gift Shop, DTLA\nMastered by Dale Becker\nMastering Assistant – Mandy Adams\nEngineered by Tyler Dopps \nEngineer for Mix Josh Deguzman \n\nBengal Yucky (BMI) \nJohn William Sinclair (BMI) \nGutterfunk (ASCAP) \nTyler W Andrews  (ASCAP)\n\n© 2017 Bendo, LLC. All rights reserved.', 'thumbnails': {'default': {'url': 'https://i.ytimg.com/vi/FyO9fCtIwL8/default.jpg', 'width': 120, 'height': 90}, 'medium': {'url': 'https://i.ytimg.com/vi/FyO9fCtIwL8/mqdefault.jpg', 'width': 320, 'height': 180}, 'high': {'url': 'https://i.ytimg.com/vi/FyO9fCtIwL8/hqdefault.jpg', 'width': 480, 'height': 360}, 'standard': {'url': 'https://i.ytimg.com/vi/FyO9fCtIwL8/sddefault.jpg', 'width': 640, 'height': 480}, 'maxres': {'url': 'https://i.ytimg.com/vi/FyO9fCtIwL8/maxresdefault.jpg', 'width': 1280, 'height': 720}}, 'channelTitle': 'Louis Cao', 'playlistId': 'PLdydBfVeaGAZ9jWhIrrhqcQgwkUp6irJX', 'position': 118, 'resourceId': {'kind': 'youtube#video', 'videoId': 'FyO9fCtIwL8'}, 'videoOwnerChannelTitle': 'Macklemore', 'videoOwnerChannelId': 'UCXYRdIXDdeZIf816EWAr5zQ'}}
2026-05-13 10:46:07,832 - backend.services.youtube_service - INFO - Searching YouTube for: Heavenly Maybe Gengahr
2026-05-13 10:46:09,731 - backend.services.youtube_service - DEBUG - Found video ID: 9sNHoNCroJ0
2026-05-13 10:46:09,734 - backend.services.youtube_service - INFO - Adding video 9sNHoNCroJ0 to playlist PLdydBfVeaGAZ9jWhIrrhqcQgwkUp6irJX
2026-05-13 10:46:10,593 - backend.services.youtube_service - DEBUG - Added video: {'kind': 'youtube#playlistItem', 'etag': '6101anlj0bHbndvkLGFeD7qPzUY', 'id': 'UExkeWRCZlZlYUdBWjlqV2hJcnJocWNRZ3drVXA2aXJKWC41NUMwNTVERDNBRDc4REM0', 'snippet': {'publishedAt': '2026-05-13T14:46:09Z', 'channelId': 'UC4y2DnxkoJWE7ZQ05MHd8Tw', 'title': 'Gengahr - Heavenly Maybe (Official Video)', 'description': 'The official video for Gengahr - Heavenly Maybe. \nHeavenly Maybe is taken from the album Sanctuary, available now. \nListen to Gengahr: https://gengahr.lnk.to/listenYT\n\nDirected by David J East\nProduced by Virginia Hernandez\nPerformed by Gengahr\nMassive thanks to Void Club in Berlin!\n\n\nFollow Gengahr:\nhttp://www.gengahr.com\nInstagram: https://www.instagram.com/gengahr/\nFacebook: https://www.facebook.com/gengahrband\nTwitter: https://twitter.com/gengahr\nSpotify: https://open.spotify.com/artist/2ATweaQe83QUQVjM8LMh7J?si=lrZXu8sPQQOjgYW22Hqulw\nYouTube: https://www.youtube.com/channel/UCA6tj3uNdFGceBZ2HhoXpEw?sub_confirmation=1\n\nLyrics:\nIt made no difference now given my own advice\nNo better when you’re breaking it down\nInto a river unsettled by your demise\nTell me who triggering now?\n\nDid anyone see that?\nDid anyone see what I saw?\nHelp me out, on and on and on\nTell you hear that\nSubliminal that’s what I thought\nGreater now on and on and on\n\nAngel, don’t hurt yourself\nA payload to mellow you out\nSlow down you said yourself\nIt’s coming back\nBut where are you now?\n\nThough on the surface unwilling to compromise\nAdept in ways I wasn’t before\nAnd when the moonlight falls\nAnd it’s no surprise\nStranger in the midst of it all\n\nDid anyone see that?\nDid anyone see what I saw?\nHelp me out, on and on and on\nTell you hear that\nSubliminal that’s what I thought\nGreater now on and on and on\n\nAngel, don’t hurt yourself\nA payload to mellow you out\nSlow down you said yourself\nIt’s coming back\nBut where are you now?\nAngel, don’t hurt yourself\nA payload to mellow you out\nSlow down you said yourself\nIt’s coming back\nBut where are you now?\n\nDid anyone see that?\nDid anyone see what I saw?\nHelp me out, on and on and on\nTell you hear that\nSubliminal that’s what I thought\nGreater now on and on and on\n\nAngel, don’t hurt yourself\nA payload to mellow you out\nSlow down you said yourself\nIt’s coming back\nBut where are you now?\nAngel, don’t hurt yourself\nA payload to mellow you out\nSlow down you said yourself\nIt’s coming back\nBut where are you now?', 'thumbnails': {'default': {'url': 'https://i.ytimg.com/vi/9sNHoNCroJ0/default.jpg', 'width': 120, 'height': 90}, 'medium': {'url': 'https://i.ytimg.com/vi/9sNHoNCroJ0/mqdefault.jpg', 'width': 320, 'height': 180}, 'high': {'url': 'https://i.ytimg.com/vi/9sNHoNCroJ0/hqdefault.jpg', 'width': 480, 'height': 360}, 'standard': {'url': 'https://i.ytimg.com/vi/9sNHoNCroJ0/sddefault.jpg', 'width': 640, 'height': 480}, 'maxres': {'url': 'https://i.ytimg.com/vi/9sNHoNCroJ0/maxresdefault.jpg', 'width': 1280, 'height': 720}}, 'channelTitle': 'Louis Cao', 'playlistId': 'PLdydBfVeaGAZ9jWhIrrhqcQgwkUp6irJX', 'position': 119, 'resourceId': {'kind': 'youtube#video', 'videoId': '9sNHoNCroJ0'}, 'videoOwnerChannelTitle': 'GengahrVEVO', 'videoOwnerChannelId': 'UCCNY-VkJWtOOHMHcYAOhNBw'}}
2026-05-13 10:46:10,594 - backend.services.youtube_service - INFO - Searching YouTube for: Let's Go Back Jungle
2026-05-13 10:46:12,214 - backend.services.youtube_service - DEBUG - Found video ID: EBsIag0TJKk
2026-05-13 10:46:12,216 - backend.services.youtube_service - INFO - Adding video EBsIag0TJKk to playlist PLdydBfVeaGAZ9jWhIrrhqcQgwkUp6irJX
2026-05-13 10:46:12,455 - backend.services.youtube_service - DEBUG - Added video: {'kind': 'youtube#playlistItem', 'etag': 'AlY0jyOYFwpwD8UjOS7wyLW3gBI', 'id': 'UExkeWRCZlZlYUdBWjlqV2hJcnJocWNRZ3drVXA2aXJKWC5BRUVCN0E0MzEwQzAwNjMy', 'snippet': {'publishedAt': '2026-05-13T14:46:12Z', 'channelId': 'UC4y2DnxkoJWE7ZQ05MHd8Tw', 'title': "Jungle - Let's Go Back (Official Video)", 'description': 'Official Video for "Let\'s Go Back" by Jungle.\nStream now: https://jungle.ffm.to/letsgoback \nJoin the JFC: https://jungle.ffm.to/JFC \n\nDirector - Charlie Di Placido @charliediplacido\nDirector - J.Lloyd @j.lloyd\nEP / Producer - Matt Craig @matthew_craig\nProduction Company - Contentus Maximus @contentusmaximus\n\nChoreographer - Shay Latukolan @shaylatukolan\nAssistant Choreographer - Lars Bohte @larsbohte\n\nDancer - Will West @_willwest\nDancer - Mille Lund @millelund_\nDancer - Stefano A Addae @stefano_saa\nDancer - Kikz Katika @kikzkatika\nDancer - Joy Duckerell @joy_duckrell\nDancer - Fatou Bah @faatoubah\nDancer - Kenrick Sandy @kenrickh2osandy\nDancer - Emma Nielsen @emmanielsenn\n\nAgency - Paraplue @plue_agency\nArtist Handler Paraplue - Naïm Ymani @naimymani\nDancer - Jade Monteban @jademonteban\nDancer - Robin Benjamin Hartog @_robinbenjamin\nDancer - Kenzo Alvares @kenzoalvares\nDancer - Jozz Okonkwo @jozz.official\nDancer - Rosa Thomford @rosathomford\nDancer - Devante Walden @devantedw\n\nVerdigris Management - Sam Denniston @samdenniston @verdigrismanagement\nVerdigris Management - Adam Faires @fezant\nVerdigris Management - Francesca Curry @f.j.curry\nVerdigris Management - Annabelle Walshe @annabellewalshe\n\nProduction Manager - Jamie Tarr @_jamietarr\nCreative/Production Assistant - Tommy Chadwick @somethingabouttommy\n\n1st AD - Oli Hill @oli_hill_\n2nd AD - Tyler Richards @tyler_richards21\n3rd AD - Kaleb D\'Aguilar @kaleb_locs\nAD Runner - Ervin Hajdarmata @ervinhajdarmata\nAD Runner - Rosie Potter @_rosiepotter\n\nDOP - Peter Bishop @peter.bishoppp\nAR - Gary Kent @karygent\n1st AC - Mike Linforth @mikelinforth\n2nd AC - Liam Reardon@fromthetopfloor\nTrainee - James Groves @jgrammaa\n\nGaffer - Greg Probert \nDesk Op - Mikey Howard\nSpark - Simona Pranulyte @simonapranulyte\nSpark - Tom Parkinson\nSpark - Leyt Said @saidleyt\nSpark - James Leech @jameswlytton\nSpark - Connor Adam @tallguyconnor\nSpark - Dan Burns @danmaxburns\nSpark - Rob Shears @robboshears\nSpark - Archie Carter @archiecarterr\nMaster Rigger - Paul King @paulking666\nRigger - Alex Glover\nRigger - Gary Chandler \nRigger - Josh Howard\n\nProduction Designer - Nicola Bell @inherglory\nAssistant Art Director / Set Builder - Martin Perrin @komodocarpentry\nCarpenter - Chris Taylor\nCarpenter - Lewis Toghill @lewistoghill\nArt Assistant - Emma Louise Moore @emmalouisemoore\nArt Assistant - Damien Bonnet @ominto\nArt Assistant - Sam Storey @samstoreyy\nArt Assistant - Evie Nairne @evienairne\nArt Assistant - Minerva Amiss @minervaamiss\nArt Assistant - Sophie Allsop @sja.photography_\nArt Assistant - Shannon Higgins\nArt Assistant - Hannah Knowles @hannahknowlesstudio\nArt Assistant - Jasmine Piece @Jazzstorm.art\nArt Assistant - Joseph Gahan @technicolour.dreamboat\nArt Assistant - Yan Argon\nArt Assistant - Ty Knox @tykn0x\n\nColourist - Alex Gregory @alexgregorycolour\nColour House - Harbour Picture Co @harborpictureco\nHead of Colour - Charlie Morris @charlesedmorris\nColour Assistant - Adam Mears @adam.m.colour\n\nVFX - B. ART @b.art.vfx\nVFX Producer - Natali Borte @nataliborte \n\nStylist - Kerry Pannagio @kerrypanaggio\nStyling Assistant - Naomi Hodgkin @junglesale\nStyling Assistant - Marianna Frannais @mariannafrannais\nStyling Assistant - Eden Clark @eglc.a\nSeamstress - Zoe Hutchinson @mrsbojingles1\n\nMUA - Wila Stigson @wilmastigson\nMUA Assistant - Kerry White @kerrywhitemakeup\nMUA Assistant - Krystal Bell @krystalbell_mua\nMUA Assistant - Yong-Chin Breslin @yongchinbreslin\nMUA Assistant - Becca Lymbourides @revekka.hmu\n\nHair Stylist - Afi Emily Attipoe @amazingafi_\nHair Stylist - Brielle Bianca Edmondson @bri_stylez_\nHair Stylist - Taneesha Aiyeola McFarlene @tanaycious_skin\nHair Stylist - Shree Jourdan @x_sjourdan\nHair Stylist - Peter Chang @Peter_cheng_hair\n\n2024 World Tour tickets on sale now: https://jungle.ffm.to/worldtour24\n\nJoin the JFC for exclusive updates from Jungle: https://jungle.ffm.to/JFC\n\nShop Music & Merch: https://jungle.ffm.to/shop.oyd \nSign up to our newsletter: https://jungle.ffm.to/subscribe.oyd \n \nFollow Jungle: \nInstagram: https://jungle.ffm.to/instagram.oyd\nFacebook: https://jungle.ffm.to/facebook.oyd\nTwitter: https://jungle.ffm.to/twitter.oyd\nSpotify: https://jungle.ffm.to/spotify.oyd\nApple Music: https://jungle.ffm.to/apple.oyd\nTik Tok: https://jungle.ffm.to/tiktok.oyd\n\n#jungle #jungle4eva #LetsGoBack #newmusic', 'thumbnails': {'default': {'url': 'https://i.ytimg.com/vi/EBsIag0TJKk/default.jpg', 'width': 120, 'height': 90}, 'medium': {'url': 'https://i.ytimg.com/vi/EBsIag0TJKk/mqdefault.jpg', 'width': 320, 'height': 180}, 'high': {'url': 'https://i.ytimg.com/vi/EBsIag0TJKk/hqdefault.jpg', 'width': 480, 'height': 360}, 'standard': {'url': 'https://i.ytimg.com/vi/EBsIag0TJKk/sddefault.jpg', 'width': 640, 'height': 480}, 'maxres': {'url': 'https://i.ytimg.com/vi/EBsIag0TJKk/maxresdefault.jpg', 'width': 1280, 'height': 720}}, 'channelTitle': 'Louis Cao', 'playlistId': 'PLdydBfVeaGAZ9jWhIrrhqcQgwkUp6irJX', 'position': 120, 'resourceId': {'kind': 'youtube#video', 'videoId': 'EBsIag0TJKk'}, 'videoOwnerChannelTitle': 'Jungle4eva', 'videoOwnerChannelId': 'UCR4a2QKvUuLvLGA6M5MM2ew'}}
2026-05-13 10:46:12,457 - backend.services.youtube_service - INFO - Searching YouTube for: Keep Moving Jungle
2026-05-13 10:46:14,354 - backend.services.youtube_service - DEBUG - Found video ID: 7-lWzQd_xeQ
2026-05-13 10:46:14,357 - backend.services.youtube_service - INFO - Adding video 7-lWzQd_xeQ to playlist PLdydBfVeaGAZ9jWhIrrhqcQgwkUp6irJX
2026-05-13 10:46:15,277 - backend.services.youtube_service - DEBUG - Added video: {'kind': 'youtube#playlistItem', 'etag': 'OYB8IwB9vd4HjkuKsnXXVCFlS2g', 'id': 'UExkeWRCZlZlYUdBWjlqV2hJcnJocWNRZ3drVXA2aXJKWC5EODkyNDMzRkJBNkQ2NkMz', 'snippet': {'publishedAt': '2026-05-13T14:46:14Z', 'channelId': 'UC4y2DnxkoJWE7ZQ05MHd8Tw', 'title': 'Jungle - Keep Moving (Official Video)', 'description': 'Official Music Video for "Keep Moving" by Jungle\nUpcoming tour tickets: https://jungle.ffm.to/live\n\nStream the new album Volcano and get it on Vinyl, CD, and Cassette at https://jungle.ffm.to/volcano\n\nFollow Jungle: \nInstagram: https://jungle.ffm.to/instagram.oyd\nFacebook: https://jungle.ffm.to/facebook.oyd\nTwitter: https://jungle.ffm.to/twitter.oyd\nApple Music: https://jungle.ffm.to/apple.oyd\nSpotify: https://jungle.ffm.to/spotify.oyd\nTik Tok: https://jungle.ffm.to/tiktok.oyd\n\nSign up to our newsletter: https://jungle.ffm.to/subscribe.oyd \nShop Music & Merch: https://jungle.ffm.to/shop.oyd \nTour Dates: https://jungle.ffm.to/live.oyd\n\nCREDITS\nDirected by J Lloyd & Charlie Di Placido \nChoreographed by Nathaniel Williams & Cece Nama \n\nStarring:\nMette Linturi  \nNathaniel Williams  \nThanh Jason Nguyen \nZhané Samuels \nShawarah Battles \nMiranda Chambers\nNaomi Weijand  \nJoy Duckrell  \nChe Jones \nKen Nguyen  \nJordan JFunk  \nGabriel Goux  \nTendai Chitate         \n\nAssistant Choreographer: Jordan Melchor  \nAssistant Choreographer: Yohémy Prosper \n\nDirector of Photography - Jon Kassell \nTrinity Operator - Andy Walker \n1st AD - Sam Roffey\nProducer  - Jordi Estapé\nLine Producer - Jamie Tarr\nUnit Production Manager - Matt Craig \n1st AC - Tomas Frigstad \n2nd AC - Natalie Alderson\nBTS Photography - Tamiym Cader  & George Day\nBTS Videographer Lydia Kitto\n\nJungle Management - Sam Denniston\n\nColourist - Ruth Wardell \nColour Producer - Holly Tidwell \n\nProduction Runner - Katie Cooper\nProduction Runner (Dailies) - Anass El Aouad Ouahbi \n2nd AD - Oliver Hill \nFloor Runner - Ashley Whyte\n\nGaffer - Edward Smith\nSpark - Robbie Smith\nSpark - Peter Joslin \nSpark - Stuart Cager \n\nStylist - Innes Woo\nStyling Assistant - Hyokyung Park \nStyling Assistant - Seokyung Yoo   \n\nProduction Designer - Jakob Gierse \nArt Buyer - Clem Eve\nArt Standby - Joseph Baaklini\nSet Decorator - Bec Rodger \nArt Standby - Alistair Osbourne\nSet Decorator - Ellie Rose-Davies \n\nMUA - Chloe Rose \nMUA - Daniela Alves \nMUA - Assistant - Emma Gandolfo \nMUA Assistant - Madeleine Feeney \n\nHair Stylist - Sheree Jourdan\nHair Assistant Natalie Angel \n\nCOVID Tester - Megan Markley \n\nDIT - Keeva Holder \nCamera Equipment - S+O Media \nMedic - Richard Manning - Mannings Medics\n\n\n#jungle #jungle4eva #keepmoving', 'thumbnails': {'default': {'url': 'https://i.ytimg.com/vi/7-lWzQd_xeQ/default.jpg', 'width': 120, 'height': 90}, 'medium': {'url': 'https://i.ytimg.com/vi/7-lWzQd_xeQ/mqdefault.jpg', 'width': 320, 'height': 180}, 'high': {'url': 'https://i.ytimg.com/vi/7-lWzQd_xeQ/hqdefault.jpg', 'width': 480, 'height': 360}, 'standard': {'url': 'https://i.ytimg.com/vi/7-lWzQd_xeQ/sddefault.jpg', 'width': 640, 'height': 480}, 'maxres': {'url': 'https://i.ytimg.com/vi/7-lWzQd_xeQ/maxresdefault.jpg', 'width': 1280, 'height': 720}}, 'channelTitle': 'Louis Cao', 'playlistId': 'PLdydBfVeaGAZ9jWhIrrhqcQgwkUp6irJX', 'position': 121, 'resourceId': {'kind': 'youtube#video', 'videoId': '7-lWzQd_xeQ'}, 'videoOwnerChannelTitle': 'Jungle4eva', 'videoOwnerChannelId': 'UCR4a2QKvUuLvLGA6M5MM2ew'}}
2026-05-13 10:46:15,278 - backend.services.youtube_service - INFO - Searching YouTube for: Save Tonight Eagle-Eye Cherry
2026-05-13 10:46:16,927 - backend.services.youtube_service - DEBUG - Found video ID: Nntd2fgMUYw
2026-05-13 10:46:16,928 - backend.services.youtube_service - INFO - Adding video Nntd2fgMUYw to playlist PLdydBfVeaGAZ9jWhIrrhqcQgwkUp6irJX
2026-05-13 10:46:17,153 - backend.services.youtube_service - DEBUG - Added video: {'kind': 'youtube#playlistItem', 'etag': 'atdDzCUpn1BoQuYcheL9P_2-zuA', 'id': 'UExkeWRCZlZlYUdBWjlqV2hJcnJocWNRZ3drVXA2aXJKWC41MzJFNEYxODEyNzA0QUUx', 'snippet': {'publishedAt': '2026-05-13T14:46:17Z', 'channelId': 'UC4y2DnxkoJWE7ZQ05MHd8Tw', 'title': 'Eagle-Eye Cherry - Save Tonight', 'description': "Eagle-Eye Cherry's official music video for 'Save Tonight'. Click to listen to Eagle-Eye Cherry on Spotify: http://smarturl.it/EECSpotify?IQid=EECST\n\nAs featured on Desireless. Click to buy the track or album via iTunes: http://smarturl.it/EECDiTunes?IQid=EECST\nGoogle Play: http://smarturl.it/EECSTPlay?IQid=EECST\nAmazon: http://smarturl.it/EECDAmazon?IQid=EECST\n\nMore from Eagle-Eye Cherry\nFalling In Love Again: https://youtu.be/Qjdgtm3g_94\nWhen Mermaids Cry: https://youtu.be/DuFW9v8Wv5Y\nDesireless: https://youtu.be/Mk2FpODNJR4\n\nMore great 90's Alternative videos here: http://smarturl.it/Alternative90?IQid=EECST\n\nFollow Eagle-Eye Cherry\nWebsite: http://www.eagle-eye-cherry.com\nFacebook: https://www.facebook.com/EagleEyeCherryofficial\n\nSubscribe to Eagle-Eye Cherry on YouTube: http://smarturl.it/EECSub?IQid=EECST\n\n---------\n\nLyrics:\n\nGo on and close the curtains\n'Cause all we need is candlelight\nYou and me, and a bottle of wine\nTo hold you tonight (oh)\n\nWell we know I'm going away\nAnd how I wish - I wish it weren't so\nSo take this wine and drink with me\nAnd let's delay our misery\n\nSave tonight and fight the break of dawn\nCome tomorrow - tomorrow I'll be gone\nSave tonight and fight the break of dawn\nCome tomorrow - tomorrow I'll be gone", 'thumbnails': {'default': {'url': 'https://i.ytimg.com/vi/Nntd2fgMUYw/default.jpg', 'width': 120, 'height': 90}, 'medium': {'url': 'https://i.ytimg.com/vi/Nntd2fgMUYw/mqdefault.jpg', 'width': 320, 'height': 180}, 'high': {'url': 'https://i.ytimg.com/vi/Nntd2fgMUYw/hqdefault.jpg', 'width': 480, 'height': 360}, 'standard': {'url': 'https://i.ytimg.com/vi/Nntd2fgMUYw/sddefault.jpg', 'width': 640, 'height': 480}, 'maxres': {'url': 'https://i.ytimg.com/vi/Nntd2fgMUYw/maxresdefault.jpg', 'width': 1280, 'height': 720}}, 'channelTitle': 'Louis Cao', 'playlistId': 'PLdydBfVeaGAZ9jWhIrrhqcQgwkUp6irJX', 'position': 122, 'resourceId': {'kind': 'youtube#video', 'videoId': 'Nntd2fgMUYw'}, 'videoOwnerChannelTitle': 'EagleEyeCherryVEVO', 'videoOwnerChannelId': 'UC2t2ZkC7eKVtYzECM7SdtOQ'}}
2026-05-13 10:46:17,154 - backend.services.youtube_service - INFO - Searching YouTube for: Sadie Goth Babe
2026-05-13 10:46:19,073 - backend.services.youtube_service - DEBUG - Found video ID: EhS52bvzkec
2026-05-13 10:46:19,075 - backend.services.youtube_service - INFO - Adding video EhS52bvzkec to playlist PLdydBfVeaGAZ9jWhIrrhqcQgwkUp6irJX
2026-05-13 10:46:19,277 - backend.services.youtube_service - DEBUG - Added video: {'kind': 'youtube#playlistItem', 'etag': 'UbsD2qUjiA7nxrjJ4GbqEwF6zTs', 'id': 'UExkeWRCZlZlYUdBWjlqV2hJcnJocWNRZ3drVXA2aXJKWC5ENjg3MEUyQ0IzODMzQThB', 'snippet': {'publishedAt': '2026-05-13T14:46:19Z', 'channelId': 'UC4y2DnxkoJWE7ZQ05MHd8Tw', 'title': 'Goth Babe - Sadie (Official Visualizer)', 'description': "Goth Babe's Debut Album 'Lola' Out Now - https://gothbabe.lnk.to/lola\nBuy Lola Vinyl/Merch - https://gothbabe.lnk.to/lola/officialstore\nSubscribe to Goth Babe on YouTube: https://gothbabe.lnk.to/YTSubscribe\n\nWebsite: https://gothbabe.lnk.to/website\nTikTok: https://gothbabe.lnk.to/tiktok\nFacebook: https://gothbabe.lnk.to/facebook\nInstagram: https://gothbabe.lnk.to/instagram\nSoundcloud: https://gothbabe.lnk.to/soundcloud\nSpotify: https://gothbabe.lnk.to/spotify\n\nLyrics:\nI wait for the sun\nI wait for you to come home human\nI know it’s not fun\nI’m knowing that it’s all just starting\n\nSweet, run around\nPlease, run around\n\nAh, ah\nAh, ah\nAh, ah\nAh, ah\n\nI feel the waves that you want me to go, that you want me to go\nIt’s taken days since you started to shows since you started to shows\n\nMy Sadie’s at home, \nI’ve only got a few days to go\nHer father’s in roam\nI'm coming home, I hope that you know\n\nSweet, run around\nPlease, run around\n\nAh, ah\nAh, ah\nAh, ah\nAh, ah\n\nI feel the waves that you want me to go, that you want me to go\nIt’s taken days since you started to show since you started to show.\n\nI feel the -  ah, ah\nAh, ah\nAh, ah\nAh, ah\nAh, ah\nAh, ah\nAh, ah", 'thumbnails': {'default': {'url': 'https://i.ytimg.com/vi/EhS52bvzkec/default.jpg', 'width': 120, 'height': 90}, 'medium': {'url': 'https://i.ytimg.com/vi/EhS52bvzkec/mqdefault.jpg', 'width': 320, 'height': 180}, 'high': {'url': 'https://i.ytimg.com/vi/EhS52bvzkec/hqdefault.jpg', 'width': 480, 'height': 360}, 'standard': {'url': 'https://i.ytimg.com/vi/EhS52bvzkec/sddefault.jpg', 'width': 640, 'height': 480}, 'maxres': {'url': 'https://i.ytimg.com/vi/EhS52bvzkec/maxresdefault.jpg', 'width': 1280, 'height': 720}}, 'channelTitle': 'Louis Cao', 'playlistId': 'PLdydBfVeaGAZ9jWhIrrhqcQgwkUp6irJX', 'position': 123, 'resourceId': {'kind': 'youtube#video', 'videoId': 'EhS52bvzkec'}, 'videoOwnerChannelTitle': 'Weekend Friend', 'videoOwnerChannelId': 'UCfhFHgh2vkkro7yx6vekANQ'}}
2026-05-13 10:46:19,278 - backend.services.youtube_service - INFO - Searching YouTube for: Evergreen (feat. Caamp) Richy Mitch & The Coal Miners
2026-05-13 10:46:21,226 - backend.services.youtube_service - DEBUG - Found video ID: YrkPp-TwQk4
2026-05-13 10:46:21,227 - backend.services.youtube_service - INFO - Adding video YrkPp-TwQk4 to playlist PLdydBfVeaGAZ9jWhIrrhqcQgwkUp6irJX
2026-05-13 10:46:21,278 - backend.services.youtube_service - ERROR - YouTube Data API daily quota or project cap exceeded — waiting will not fix this until quota resets (usually midnight Pacific) or you raise the quota in Google Cloud Console. <HttpError 403 when requesting https://youtube.googleapis.com/youtube/v3/playlistItems?part=snippet&alt=json returned "The request cannot be completed because you have exceeded your <a href="/youtube/v3/getting-started#quota">quota</a>.". Details: "[{'message': 'The request cannot be completed because you have exceeded your <a href="/youtube/v3/getting-started#quota">quota</a>.', 'domain': 'youtube.quota', 'reason': 'quotaExceeded'}]">
2026-05-13 10:46:21,278 - backend.services.youtube_service - ERROR - Failed to add video to playlist: <HttpError 403 when requesting https://youtube.googleapis.com/youtube/v3/playlistItems?part=snippet&alt=json returned "The request cannot be completed because you have exceeded your <a href="/youtube/v3/getting-started#quota">quota</a>.". Details: "[{'message': 'The request cannot be completed because you have exceeded your <a href="/youtube/v3/getting-started#quota">quota</a>.', 'domain': 'youtube.quota', 'reason': 'quotaExceeded'}]">
2026-05-13 10:46:21,279 - backend.services.youtube_service - INFO - Searching YouTube for: Clouds BUNT.
2026-05-13 10:46:21,857 - backend.services.youtube_service - ERROR - YouTube Data API daily quota or project cap exceeded — waiting will not fix this until quota resets (usually midnight Pacific) or you raise the quota in Google Cloud Console. <HttpError 403 when requesting https://youtube.googleapis.com/youtube/v3/search?part=snippet&q=Clouds+BUNT.&type=video&maxResults=1&alt=json returned "The request cannot be completed because you have exceeded your <a href="/youtube/v3/getting-started#quota">quota</a>.". Details: "[{'message': 'The request cannot be completed because you have exceeded your <a href="/youtube/v3/getting-started#quota">quota</a>.', 'domain': 'youtube.quota', 'reason': 'quotaExceeded'}]">
2026-05-13 10:46:21,858 - backend.services.youtube_service - ERROR - Failed to search video: <HttpError 403 when requesting https://youtube.googleapis.com/youtube/v3/search?part=snippet&q=Clouds+BUNT.&type=video&maxResults=1&alt=json returned "The request cannot be completed because you have exceeded your <a href="/youtube/v3/getting-started#quota">quota</a>.". Details: "[{'message': 'The request cannot be completed because you have exceeded your <a href="/youtube/v3/getting-started#quota">quota</a>.', 'domain': 'youtube.quota', 'reason': 'quotaExceeded'}]">
2026-05-13 10:46:21,858 - backend.services.youtube_service - INFO - Searching YouTube for: Maple Syrup The Backseat Lovers
2026-05-13 10:46:22,391 - backend.services.youtube_service - ERROR - YouTube Data API daily quota or project cap exceeded — waiting will not fix this until quota resets (usually midnight Pacific) or you raise the quota in Google Cloud Console. <HttpError 403 when requesting https://youtube.googleapis.com/youtube/v3/search?part=snippet&q=Maple+Syrup+The+Backseat+Lovers&type=video&maxResults=1&alt=json returned "The request cannot be completed because you have exceeded your <a href="/youtube/v3/getting-started#quota">quota</a>.". Details: "[{'message': 'The request cannot be completed because you have exceeded your <a href="/youtube/v3/getting-started#quota">quota</a>.', 'domain': 'youtube.quota', 'reason': 'quotaExceeded'}]">
2026-05-13 10:46:22,391 - backend.services.youtube_service - ERROR - Failed to search video: <HttpError 403 when requesting https://youtube.googleapis.com/youtube/v3/search?part=snippet&q=Maple+Syrup+The+Backseat+Lovers&type=video&maxResults=1&alt=json returned "The request cannot be completed because you have exceeded your <a href="/youtube/v3/getting-started#quota">quota</a>.". Details: "[{'message': 'The request cannot be completed because you have exceeded your <a href="/youtube/v3/getting-started#quota">quota</a>.', 'domain': 'youtube.quota', 'reason': 'quotaExceeded'}]">
2026-05-13 10:46:22,391 - backend.services.youtube_service - INFO - Searching YouTube for: Snap Out Of It Arctic Monkeys
2026-05-13 10:46:22,931 - backend.services.youtube_service - ERROR - YouTube Data API daily quota or project cap exceeded — waiting will not fix this until quota resets (usually midnight Pacific) or you raise the quota in Google Cloud Console. <HttpError 403 when requesting https://youtube.googleapis.com/youtube/v3/search?part=snippet&q=Snap+Out+Of+It+Arctic+Monkeys&type=video&maxResults=1&alt=json returned "The request cannot be completed because you have exceeded your <a href="/youtube/v3/getting-started#quota">quota</a>.". Details: "[{'message': 'The request cannot be completed because you have exceeded your <a href="/youtube/v3/getting-started#quota">quota</a>.', 'domain': 'youtube.quota', 'reason': 'quotaExceeded'}]">
2026-05-13 10:46:22,931 - backend.services.youtube_service - ERROR - Failed to search video: <HttpError 403 when requesting https://youtube.googleapis.com/youtube/v3/search?part=snippet&q=Snap+Out+Of+It+Arctic+Monkeys&type=video&maxResults=1&alt=json returned "The request cannot be completed because you have exceeded your <a href="/youtube/v3/getting-started#quota">quota</a>.". Details: "[{'message': 'The request cannot be completed because you have exceeded your <a href="/youtube/v3/getting-started#quota">quota</a>.', 'domain': 'youtube.quota', 'reason': 'quotaExceeded'}]">
2026-05-13 10:46:22,931 - backend.services.youtube_service - INFO - Searching YouTube for: Scar Tissue Red Hot Chili Peppers
2026-05-13 10:46:23,485 - backend.services.youtube_service - ERROR - YouTube Data API daily quota or project cap exceeded — waiting will not fix this until quota resets (usually midnight Pacific) or you raise the quota in Google Cloud Console. <HttpError 403 when requesting https://youtube.googleapis.com/youtube/v3/search?part=snippet&q=Scar+Tissue+Red+Hot+Chili+Peppers&type=video&maxResults=1&alt=json returned "The request cannot be completed because you have exceeded your <a href="/youtube/v3/getting-started#quota">quota</a>.". Details: "[{'message': 'The request cannot be completed because you have exceeded your <a href="/youtube/v3/getting-started#quota">quota</a>.', 'domain': 'youtube.quota', 'reason': 'quotaExceeded'}]">
2026-05-13 10:46:23,486 - backend.services.youtube_service - ERROR - Failed to search video: <HttpError 403 when requesting https://youtube.googleapis.com/youtube/v3/search?part=snippet&q=Scar+Tissue+Red+Hot+Chili+Peppers&type=video&maxResults=1&alt=json returned "The request cannot be completed because you have exceeded your <a href="/youtube/v3/getting-started#quota">quota</a>.". Details: "[{'message': 'The request cannot be completed because you have exceeded your <a href="/youtube/v3/getting-started#quota">quota</a>.', 'domain': 'youtube.quota', 'reason': 'quotaExceeded'}]">
2026-05-13 10:46:23,486 - backend.services.youtube_service - INFO - Searching YouTube for: Live Well Palace
2026-05-13 10:46:24,151 - backend.services.youtube_service - ERROR - YouTube Data API daily quota or project cap exceeded — waiting will not fix this until quota resets (usually midnight Pacific) or you raise the quota in Google Cloud Console. <HttpError 403 when requesting https://youtube.googleapis.com/youtube/v3/search?part=snippet&q=Live+Well+Palace&type=video&maxResults=1&alt=json returned "The request cannot be completed because you have exceeded your <a href="/youtube/v3/getting-started#quota">quota</a>.". Details: "[{'message': 'The request cannot be completed because you have exceeded your <a href="/youtube/v3/getting-started#quota">quota</a>.', 'domain': 'youtube.quota', 'reason': 'quotaExceeded'}]">
2026-05-13 10:46:24,152 - backend.services.youtube_service - ERROR - Failed to search video: <HttpError 403 when requesting https://youtube.googleapis.com/youtube/v3/search?part=snippet&q=Live+Well+Palace&type=video&maxResults=1&alt=json returned "The request cannot be completed because you have exceeded your <a href="/youtube/v3/getting-started#quota">quota</a>.". Details: "[{'message': 'The request cannot be completed because you have exceeded your <a href="/youtube/v3/getting-started#quota">quota</a>.', 'domain': 'youtube.quota', 'reason': 'quotaExceeded'}]">
2026-05-13 10:46:24,152 - backend.services.youtube_service - INFO - Searching YouTube for: In the Meantime Spacehog
2026-05-13 10:46:24,687 - backend.services.youtube_service - ERROR - YouTube Data API daily quota or project cap exceeded — waiting will not fix this until quota resets (usually midnight Pacific) or you raise the quota in Google Cloud Console. <HttpError 403 when requesting https://youtube.googleapis.com/youtube/v3/search?part=snippet&q=In+the+Meantime+Spacehog&type=video&maxResults=1&alt=json returned "The request cannot be completed because you have exceeded your <a href="/youtube/v3/getting-started#quota">quota</a>.". Details: "[{'message': 'The request cannot be completed because you have exceeded your <a href="/youtube/v3/getting-started#quota">quota</a>.', 'domain': 'youtube.quota', 'reason': 'quotaExceeded'}]">
2026-05-13 10:46:24,687 - backend.services.youtube_service - ERROR - Failed to search video: <HttpError 403 when requesting https://youtube.googleapis.com/youtube/v3/search?part=snippet&q=In+the+Meantime+Spacehog&type=video&maxResults=1&alt=json returned "The request cannot be completed because you have exceeded your <a href="/youtube/v3/getting-started#quota">quota</a>.". Details: "[{'message': 'The request cannot be completed because you have exceeded your <a href="/youtube/v3/getting-started#quota">quota</a>.', 'domain': 'youtube.quota', 'reason': 'quotaExceeded'}]">
2026-05-13 10:46:24,688 - backend.services.youtube_service - INFO - Searching YouTube for: Sober P!nk
2026-05-13 10:46:25,259 - backend.services.youtube_service - ERROR - YouTube Data API daily quota or project cap exceeded — waiting will not fix this until quota resets (usually midnight Pacific) or you raise the quota in Google Cloud Console. <HttpError 403 when requesting https://youtube.googleapis.com/youtube/v3/search?part=snippet&q=Sober+P%21nk&type=video&maxResults=1&alt=json returned "The request cannot be completed because you have exceeded your <a href="/youtube/v3/getting-started#quota">quota</a>.". Details: "[{'message': 'The request cannot be completed because you have exceeded your <a href="/youtube/v3/getting-started#quota">quota</a>.', 'domain': 'youtube.quota', 'reason': 'quotaExceeded'}]">
2026-05-13 10:46:25,259 - backend.services.youtube_service - ERROR - Failed to search video: <HttpError 403 when requesting https://youtube.googleapis.com/youtube/v3/search?part=snippet&q=Sober+P%21nk&type=video&maxResults=1&alt=json returned "The request cannot be completed because you have exceeded your <a href="/youtube/v3/getting-started#quota">quota</a>.". Details: "[{'message': 'The request cannot be completed because you have exceeded your <a href="/youtube/v3/getting-started#quota">quota</a>.', 'domain': 'youtube.quota', 'reason': 'quotaExceeded'}]">
2026-05-13 10:46:25,260 - backend.services.youtube_service - INFO - Searching YouTube for: Foreplay Jalen Santoy
2026-05-13 10:46:25,699 - backend.services.youtube_service - ERROR - YouTube Data API daily quota or project cap exceeded — waiting will not fix this until quota resets (usually midnight Pacific) or you raise the quota in Google Cloud Console. <HttpError 403 when requesting https://youtube.googleapis.com/youtube/v3/search?part=snippet&q=Foreplay+Jalen+Santoy&type=video&maxResults=1&alt=json returned "The request cannot be completed because you have exceeded your <a href="/youtube/v3/getting-started#quota">quota</a>.". Details: "[{'message': 'The request cannot be completed because you have exceeded your <a href="/youtube/v3/getting-started#quota">quota</a>.', 'domain': 'youtube.quota', 'reason': 'quotaExceeded'}]">
2026-05-13 10:46:25,699 - backend.services.youtube_service - ERROR - Failed to search video: <HttpError 403 when requesting https://youtube.googleapis.com/youtube/v3/search?part=snippet&q=Foreplay+Jalen+Santoy&type=video&maxResults=1&alt=json returned "The request cannot be completed because you have exceeded your <a href="/youtube/v3/getting-started#quota">quota</a>.". Details: "[{'message': 'The request cannot be completed because you have exceeded your <a href="/youtube/v3/getting-started#quota">quota</a>.', 'domain': 'youtube.quota', 'reason': 'quotaExceeded'}]">
2026-05-13 10:46:25,700 - backend.services.youtube_service - INFO - Searching YouTube for: Stay For A While Victor Ray
2026-05-13 10:46:26,269 - backend.services.youtube_service - ERROR - YouTube Data API daily quota or project cap exceeded — waiting will not fix this until quota resets (usually midnight Pacific) or you raise the quota in Google Cloud Console. <HttpError 403 when requesting https://youtube.googleapis.com/youtube/v3/search?part=snippet&q=Stay+For+A+While+Victor+Ray&type=video&maxResults=1&alt=json returned "The request cannot be completed because you have exceeded your <a href="/youtube/v3/getting-started#quota">quota</a>.". Details: "[{'message': 'The request cannot be completed because you have exceeded your <a href="/youtube/v3/getting-started#quota">quota</a>.', 'domain': 'youtube.quota', 'reason': 'quotaExceeded'}]">
2026-05-13 10:46:26,269 - backend.services.youtube_service - ERROR - Failed to search video: <HttpError 403 when requesting https://youtube.googleapis.com/youtube/v3/search?part=snippet&q=Stay+For+A+While+Victor+Ray&type=video&maxResults=1&alt=json returned "The request cannot be completed because you have exceeded your <a href="/youtube/v3/getting-started#quota">quota</a>.". Details: "[{'message': 'The request cannot be completed because you have exceeded your <a href="/youtube/v3/getting-started#quota">quota</a>.', 'domain': 'youtube.quota', 'reason': 'quotaExceeded'}]">
2026-05-13 10:46:26,269 - backend.services.youtube_service - INFO - Searching YouTube for: London Mackenzy Mackay
2026-05-13 10:46:26,811 - backend.services.youtube_service - ERROR - YouTube Data API daily quota or project cap exceeded — waiting will not fix this until quota resets (usually midnight Pacific) or you raise the quota in Google Cloud Console. <HttpError 403 when requesting https://youtube.googleapis.com/youtube/v3/search?part=snippet&q=London+Mackenzy+Mackay&type=video&maxResults=1&alt=json returned "The request cannot be completed because you have exceeded your <a href="/youtube/v3/getting-started#quota">quota</a>.". Details: "[{'message': 'The request cannot be completed because you have exceeded your <a href="/youtube/v3/getting-started#quota">quota</a>.', 'domain': 'youtube.quota', 'reason': 'quotaExceeded'}]">
2026-05-13 10:46:26,812 - backend.services.youtube_service - ERROR - Failed to search video: <HttpError 403 when requesting https://youtube.googleapis.com/youtube/v3/search?part=snippet&q=London+Mackenzy+Mackay&type=video&maxResults=1&alt=json returned "The request cannot be completed because you have exceeded your <a href="/youtube/v3/getting-started#quota">quota</a>.". Details: "[{'message': 'The request cannot be completed because you have exceeded your <a href="/youtube/v3/getting-started#quota">quota</a>.', 'domain': 'youtube.quota', 'reason': 'quotaExceeded'}]">
2026-05-13 10:46:26,812 - backend.services.youtube_service - INFO - Searching YouTube for: Stockholm Chillide
2026-05-13 10:46:27,362 - backend.services.youtube_service - ERROR - YouTube Data API daily quota or project cap exceeded — waiting will not fix this until quota resets (usually midnight Pacific) or you raise the quota in Google Cloud Console. <HttpError 403 when requesting https://youtube.googleapis.com/youtube/v3/search?part=snippet&q=Stockholm+Chillide&type=video&maxResults=1&alt=json returned "The request cannot be completed because you have exceeded your <a href="/youtube/v3/getting-started#quota">quota</a>.". Details: "[{'message': 'The request cannot be completed because you have exceeded your <a href="/youtube/v3/getting-started#quota">quota</a>.', 'domain': 'youtube.quota', 'reason': 'quotaExceeded'}]">
2026-05-13 10:46:27,362 - backend.services.youtube_service - ERROR - Failed to search video: <HttpError 403 when requesting https://youtube.googleapis.com/youtube/v3/search?part=snippet&q=Stockholm+Chillide&type=video&maxResults=1&alt=json returned "The request cannot be completed because you have exceeded your <a href="/youtube/v3/getting-started#quota">quota</a>.". Details: "[{'message': 'The request cannot be completed because you have exceeded your <a href="/youtube/v3/getting-started#quota">quota</a>.', 'domain': 'youtube.quota', 'reason': 'quotaExceeded'}]">
2026-05-13 10:46:27,362 - backend.services.youtube_service - INFO - Searching YouTube for: Don't Wanna Fight Alabama Shakes
2026-05-13 10:46:27,926 - backend.services.youtube_service - ERROR - YouTube Data API daily quota or project cap exceeded — waiting will not fix this until quota resets (usually midnight Pacific) or you raise the quota in Google Cloud Console. <HttpError 403 when requesting https://youtube.googleapis.com/youtube/v3/search?part=snippet&q=Don%27t+Wanna+Fight+Alabama+Shakes&type=video&maxResults=1&alt=json returned "The request cannot be completed because you have exceeded your <a href="/youtube/v3/getting-started#quota">quota</a>.". Details: "[{'message': 'The request cannot be completed because you have exceeded your <a href="/youtube/v3/getting-started#quota">quota</a>.', 'domain': 'youtube.quota', 'reason': 'quotaExceeded'}]">
2026-05-13 10:46:27,926 - backend.services.youtube_service - ERROR - Failed to search video: <HttpError 403 when requesting https://youtube.googleapis.com/youtube/v3/search?part=snippet&q=Don%27t+Wanna+Fight+Alabama+Shakes&type=video&maxResults=1&alt=json returned "The request cannot be completed because you have exceeded your <a href="/youtube/v3/getting-started#quota">quota</a>.". Details: "[{'message': 'The request cannot be completed because you have exceeded your <a href="/youtube/v3/getting-started#quota">quota</a>.', 'domain': 'youtube.quota', 'reason': 'quotaExceeded'}]">
2026-05-13 10:46:27,927 - backend.services.youtube_service - INFO - Searching YouTube for: Mary Jane's Last Dance Tom Petty and the Heartbreakers
2026-05-13 10:46:28,526 - backend.services.youtube_service - ERROR - YouTube Data API daily quota or project cap exceeded — waiting will not fix this until quota resets (usually midnight Pacific) or you raise the quota in Google Cloud Console. <HttpError 403 when requesting https://youtube.googleapis.com/youtube/v3/search?part=snippet&q=Mary+Jane%27s+Last+Dance+Tom+Petty+and+the+Heartbreakers&type=video&maxResults=1&alt=json returned "The request cannot be completed because you have exceeded your <a href="/youtube/v3/getting-started#quota">quota</a>.". Details: "[{'message': 'The request cannot be completed because you have exceeded your <a href="/youtube/v3/getting-started#quota">quota</a>.', 'domain': 'youtube.quota', 'reason': 'quotaExceeded'}]">
2026-05-13 10:46:28,527 - backend.services.youtube_service - ERROR - Failed to search video: <HttpError 403 when requesting https://youtube.googleapis.com/youtube/v3/search?part=snippet&q=Mary+Jane%27s+Last+Dance+Tom+Petty+and+the+Heartbreakers&type=video&maxResults=1&alt=json returned "The request cannot be completed because you have exceeded your <a href="/youtube/v3/getting-started#quota">quota</a>.". Details: "[{'message': 'The request cannot be completed because you have exceeded your <a href="/youtube/v3/getting-started#quota">quota</a>.', 'domain': 'youtube.quota', 'reason': 'quotaExceeded'}]">
2026-05-13 10:46:28,527 - backend.services.youtube_service - INFO - Searching YouTube for: Everlong Foo Fighters
2026-05-13 10:46:29,026 - backend.services.youtube_service - ERROR - YouTube Data API daily quota or project cap exceeded — waiting will not fix this until quota resets (usually midnight Pacific) or you raise the quota in Google Cloud Console. <HttpError 403 when requesting https://youtube.googleapis.com/youtube/v3/search?part=snippet&q=Everlong+Foo+Fighters&type=video&maxResults=1&alt=json returned "The request cannot be completed because you have exceeded your <a href="/youtube/v3/getting-started#quota">quota</a>.". Details: "[{'message': 'The request cannot be completed because you have exceeded your <a href="/youtube/v3/getting-started#quota">quota</a>.', 'domain': 'youtube.quota', 'reason': 'quotaExceeded'}]">
2026-05-13 10:46:29,027 - backend.services.youtube_service - ERROR - Failed to search video: <HttpError 403 when requesting https://youtube.googleapis.com/youtube/v3/search?part=snippet&q=Everlong+Foo+Fighters&type=video&maxResults=1&alt=json returned "The request cannot be completed because you have exceeded your <a href="/youtube/v3/getting-started#quota">quota</a>.". Details: "[{'message': 'The request cannot be completed because you have exceeded your <a href="/youtube/v3/getting-started#quota">quota</a>.', 'domain': 'youtube.quota', 'reason': 'quotaExceeded'}]">
2026-05-13 10:46:29,027 - backend.services.youtube_service - INFO - Searching YouTube for: New Person, Same Old Mistakes Tame Impala
2026-05-13 10:46:29,577 - backend.services.youtube_service - ERROR - YouTube Data API daily quota or project cap exceeded — waiting will not fix this until quota resets (usually midnight Pacific) or you raise the quota in Google Cloud Console. <HttpError 403 when requesting https://youtube.googleapis.com/youtube/v3/search?part=snippet&q=New+Person%2C+Same+Old+Mistakes+Tame+Impala&type=video&maxResults=1&alt=json returned "The request cannot be completed because you have exceeded your <a href="/youtube/v3/getting-started#quota">quota</a>.". Details: "[{'message': 'The request cannot be completed because you have exceeded your <a href="/youtube/v3/getting-started#quota">quota</a>.', 'domain': 'youtube.quota', 'reason': 'quotaExceeded'}]">
2026-05-13 10:46:29,577 - backend.services.youtube_service - ERROR - Failed to search video: <HttpError 403 when requesting https://youtube.googleapis.com/youtube/v3/search?part=snippet&q=New+Person%2C+Same+Old+Mistakes+Tame+Impala&type=video&maxResults=1&alt=json returned "The request cannot be completed because you have exceeded your <a href="/youtube/v3/getting-started#quota">quota</a>.". Details: "[{'message': 'The request cannot be completed because you have exceeded your <a href="/youtube/v3/getting-started#quota">quota</a>.', 'domain': 'youtube.quota', 'reason': 'quotaExceeded'}]">
2026-05-13 10:46:29,578 - backend.services.youtube_service - INFO - Searching YouTube for: Rock with You - Single Version Michael Jackson
2026-05-13 10:46:30,136 - backend.services.youtube_service - ERROR - YouTube Data API daily quota or project cap exceeded — waiting will not fix this until quota resets (usually midnight Pacific) or you raise the quota in Google Cloud Console. <HttpError 403 when requesting https://youtube.googleapis.com/youtube/v3/search?part=snippet&q=Rock+with+You+-+Single+Version+Michael+Jackson&type=video&maxResults=1&alt=json returned "The request cannot be completed because you have exceeded your <a href="/youtube/v3/getting-started#quota">quota</a>.". Details: "[{'message': 'The request cannot be completed because you have exceeded your <a href="/youtube/v3/getting-started#quota">quota</a>.', 'domain': 'youtube.quota', 'reason': 'quotaExceeded'}]">
2026-05-13 10:46:30,137 - backend.services.youtube_service - ERROR - Failed to search video: <HttpError 403 when requesting https://youtube.googleapis.com/youtube/v3/search?part=snippet&q=Rock+with+You+-+Single+Version+Michael+Jackson&type=video&maxResults=1&alt=json returned "The request cannot be completed because you have exceeded your <a href="/youtube/v3/getting-started#quota">quota</a>.". Details: "[{'message': 'The request cannot be completed because you have exceeded your <a href="/youtube/v3/getting-started#quota">quota</a>.', 'domain': 'youtube.quota', 'reason': 'quotaExceeded'}]">
2026-05-13 10:46:30,137 - backend.services.youtube_service - INFO - Searching YouTube for: Still Dreaming Nas
2026-05-13 10:46:30,686 - backend.services.youtube_service - ERROR - YouTube Data API daily quota or project cap exceeded — waiting will not fix this until quota resets (usually midnight Pacific) or you raise the quota in Google Cloud Console. <HttpError 403 when requesting https://youtube.googleapis.com/youtube/v3/search?part=snippet&q=Still+Dreaming+Nas&type=video&maxResults=1&alt=json returned "The request cannot be completed because you have exceeded your <a href="/youtube/v3/getting-started#quota">quota</a>.". Details: "[{'message': 'The request cannot be completed because you have exceeded your <a href="/youtube/v3/getting-started#quota">quota</a>.', 'domain': 'youtube.quota', 'reason': 'quotaExceeded'}]">
2026-05-13 10:46:30,686 - backend.services.youtube_service - ERROR - Failed to search video: <HttpError 403 when requesting https://youtube.googleapis.com/youtube/v3/search?part=snippet&q=Still+Dreaming+Nas&type=video&maxResults=1&alt=json returned "The request cannot be completed because you have exceeded your <a href="/youtube/v3/getting-started#quota">quota</a>.". Details: "[{'message': 'The request cannot be completed because you have exceeded your <a href="/youtube/v3/getting-started#quota">quota</a>.', 'domain': 'youtube.quota', 'reason': 'quotaExceeded'}]">
2026-05-13 10:46:30,687 - backend.services.youtube_service - INFO - Searching YouTube for: 20 Min Lil Uzi Vert
2026-05-13 10:46:31,296 - backend.services.youtube_service - ERROR - YouTube Data API daily quota or project cap exceeded — waiting will not fix this until quota resets (usually midnight Pacific) or you raise the quota in Google Cloud Console. <HttpError 403 when requesting https://youtube.googleapis.com/youtube/v3/search?part=snippet&q=20+Min+Lil+Uzi+Vert&type=video&maxResults=1&alt=json returned "The request cannot be completed because you have exceeded your <a href="/youtube/v3/getting-started#quota">quota</a>.". Details: "[{'message': 'The request cannot be completed because you have exceeded your <a href="/youtube/v3/getting-started#quota">quota</a>.', 'domain': 'youtube.quota', 'reason': 'quotaExceeded'}]">
2026-05-13 10:46:31,296 - backend.services.youtube_service - ERROR - Failed to search video: <HttpError 403 when requesting https://youtube.googleapis.com/youtube/v3/search?part=snippet&q=20+Min+Lil+Uzi+Vert&type=video&maxResults=1&alt=json returned "The request cannot be completed because you have exceeded your <a href="/youtube/v3/getting-started#quota">quota</a>.". Details: "[{'message': 'The request cannot be completed because you have exceeded your <a href="/youtube/v3/getting-started#quota">quota</a>.', 'domain': 'youtube.quota', 'reason': 'quotaExceeded'}]">
2026-05-13 10:46:31,296 - backend.services.youtube_service - INFO - Searching YouTube for: Walking The Wire Imagine Dragons
2026-05-13 10:46:31,821 - backend.services.youtube_service - ERROR - YouTube Data API daily quota or project cap exceeded — waiting will not fix this until quota resets (usually midnight Pacific) or you raise the quota in Google Cloud Console. <HttpError 403 when requesting https://youtube.googleapis.com/youtube/v3/search?part=snippet&q=Walking+The+Wire+Imagine+Dragons&type=video&maxResults=1&alt=json returned "The request cannot be completed because you have exceeded your <a href="/youtube/v3/getting-started#quota">quota</a>.". Details: "[{'message': 'The request cannot be completed because you have exceeded your <a href="/youtube/v3/getting-started#quota">quota</a>.', 'domain': 'youtube.quota', 'reason': 'quotaExceeded'}]">
2026-05-13 10:46:31,822 - backend.services.youtube_service - ERROR - Failed to search video: <HttpError 403 when requesting https://youtube.googleapis.com/youtube/v3/search?part=snippet&q=Walking+The+Wire+Imagine+Dragons&type=video&maxResults=1&alt=json returned "The request cannot be completed because you have exceeded your <a href="/youtube/v3/getting-started#quota">quota</a>.". Details: "[{'message': 'The request cannot be completed because you have exceeded your <a href="/youtube/v3/getting-started#quota">quota</a>.', 'domain': 'youtube.quota', 'reason': 'quotaExceeded'}]">
2026-05-13 10:46:31,822 - backend.services.youtube_service - INFO - Searching YouTube for: In My Place Coldplay
2026-05-13 10:46:32,345 - backend.services.youtube_service - ERROR - YouTube Data API daily quota or project cap exceeded — waiting will not fix this until quota resets (usually midnight Pacific) or you raise the quota in Google Cloud Console. <HttpError 403 when requesting https://youtube.googleapis.com/youtube/v3/search?part=snippet&q=In+My+Place+Coldplay&type=video&maxResults=1&alt=json returned "The request cannot be completed because you have exceeded your <a href="/youtube/v3/getting-started#quota">quota</a>.". Details: "[{'message': 'The request cannot be completed because you have exceeded your <a href="/youtube/v3/getting-started#quota">quota</a>.', 'domain': 'youtube.quota', 'reason': 'quotaExceeded'}]">
2026-05-13 10:46:32,345 - backend.services.youtube_service - ERROR - Failed to search video: <HttpError 403 when requesting https://youtube.googleapis.com/youtube/v3/search?part=snippet&q=In+My+Place+Coldplay&type=video&maxResults=1&alt=json returned "The request cannot be completed because you have exceeded your <a href="/youtube/v3/getting-started#quota">quota</a>.". Details: "[{'message': 'The request cannot be completed because you have exceeded your <a href="/youtube/v3/getting-started#quota">quota</a>.', 'domain': 'youtube.quota', 'reason': 'quotaExceeded'}]">
2026-05-13 10:46:32,345 - backend.services.youtube_service - INFO - Searching YouTube for: The Funeral Band of Horses
2026-05-13 10:46:32,907 - backend.services.youtube_service - ERROR - YouTube Data API daily quota or project cap exceeded — waiting will not fix this until quota resets (usually midnight Pacific) or you raise the quota in Google Cloud Console. <HttpError 403 when requesting https://youtube.googleapis.com/youtube/v3/search?part=snippet&q=The+Funeral+Band+of+Horses&type=video&maxResults=1&alt=json returned "The request cannot be completed because you have exceeded your <a href="/youtube/v3/getting-started#quota">quota</a>.". Details: "[{'message': 'The request cannot be completed because you have exceeded your <a href="/youtube/v3/getting-started#quota">quota</a>.', 'domain': 'youtube.quota', 'reason': 'quotaExceeded'}]">
2026-05-13 10:46:32,907 - backend.services.youtube_service - ERROR - Failed to search video: <HttpError 403 when requesting https://youtube.googleapis.com/youtube/v3/search?part=snippet&q=The+Funeral+Band+of+Horses&type=video&maxResults=1&alt=json returned "The request cannot be completed because you have exceeded your <a href="/youtube/v3/getting-started#quota">quota</a>.". Details: "[{'message': 'The request cannot be completed because you have exceeded your <a href="/youtube/v3/getting-started#quota">quota</a>.', 'domain': 'youtube.quota', 'reason': 'quotaExceeded'}]">
2026-05-13 10:46:32,907 - backend.services.youtube_service - INFO - Searching YouTube for: Team Lorde
2026-05-13 10:46:33,544 - backend.services.youtube_service - ERROR - YouTube Data API daily quota or project cap exceeded — waiting will not fix this until quota resets (usually midnight Pacific) or you raise the quota in Google Cloud Console. <HttpError 403 when requesting https://youtube.googleapis.com/youtube/v3/search?part=snippet&q=Team+Lorde&type=video&maxResults=1&alt=json returned "The request cannot be completed because you have exceeded your <a href="/youtube/v3/getting-started#quota">quota</a>.". Details: "[{'message': 'The request cannot be completed because you have exceeded your <a href="/youtube/v3/getting-started#quota">quota</a>.', 'domain': 'youtube.quota', 'reason': 'quotaExceeded'}]">
2026-05-13 10:46:33,544 - backend.services.youtube_service - ERROR - Failed to search video: <HttpError 403 when requesting https://youtube.googleapis.com/youtube/v3/search?part=snippet&q=Team+Lorde&type=video&maxResults=1&alt=json returned "The request cannot be completed because you have exceeded your <a href="/youtube/v3/getting-started#quota">quota</a>.". Details: "[{'message': 'The request cannot be completed because you have exceeded your <a href="/youtube/v3/getting-started#quota">quota</a>.', 'domain': 'youtube.quota', 'reason': 'quotaExceeded'}]">
2026-05-13 10:46:33,545 - backend.services.youtube_service - INFO - Searching YouTube for: Ink Coldplay
2026-05-13 10:46:34,024 - backend.services.youtube_service - ERROR - YouTube Data API daily quota or project cap exceeded — waiting will not fix this until quota resets (usually midnight Pacific) or you raise the quota in Google Cloud Console. <HttpError 403 when requesting https://youtube.googleapis.com/youtube/v3/search?part=snippet&q=Ink+Coldplay&type=video&maxResults=1&alt=json returned "The request cannot be completed because you have exceeded your <a href="/youtube/v3/getting-started#quota">quota</a>.". Details: "[{'message': 'The request cannot be completed because you have exceeded your <a href="/youtube/v3/getting-started#quota">quota</a>.', 'domain': 'youtube.quota', 'reason': 'quotaExceeded'}]">
2026-05-13 10:46:34,025 - backend.services.youtube_service - ERROR - Failed to search video: <HttpError 403 when requesting https://youtube.googleapis.com/youtube/v3/search?part=snippet&q=Ink+Coldplay&type=video&maxResults=1&alt=json returned "The request cannot be completed because you have exceeded your <a href="/youtube/v3/getting-started#quota">quota</a>.". Details: "[{'message': 'The request cannot be completed because you have exceeded your <a href="/youtube/v3/getting-started#quota">quota</a>.', 'domain': 'youtube.quota', 'reason': 'quotaExceeded'}]">
2026-05-13 10:46:34,025 - backend.services.youtube_service - INFO - Searching YouTube for: Nice To Meet You Myles Smith
2026-05-13 10:46:34,653 - backend.services.youtube_service - ERROR - YouTube Data API daily quota or project cap exceeded — waiting will not fix this until quota resets (usually midnight Pacific) or you raise the quota in Google Cloud Console. <HttpError 403 when requesting https://youtube.googleapis.com/youtube/v3/search?part=snippet&q=Nice+To+Meet+You+Myles+Smith&type=video&maxResults=1&alt=json returned "The request cannot be completed because you have exceeded your <a href="/youtube/v3/getting-started#quota">quota</a>.". Details: "[{'message': 'The request cannot be completed because you have exceeded your <a href="/youtube/v3/getting-started#quota">quota</a>.', 'domain': 'youtube.quota', 'reason': 'quotaExceeded'}]">
2026-05-13 10:46:34,653 - backend.services.youtube_service - ERROR - Failed to search video: <HttpError 403 when requesting https://youtube.googleapis.com/youtube/v3/search?part=snippet&q=Nice+To+Meet+You+Myles+Smith&type=video&maxResults=1&alt=json returned "The request cannot be completed because you have exceeded your <a href="/youtube/v3/getting-started#quota">quota</a>.". Details: "[{'message': 'The request cannot be completed because you have exceeded your <a href="/youtube/v3/getting-started#quota">quota</a>.', 'domain': 'youtube.quota', 'reason': 'quotaExceeded'}]">
2026-05-13 10:46:34,654 - backend.services.youtube_service - INFO - Searching YouTube for: From Gold Novo Amor
2026-05-13 10:46:35,122 - backend.services.youtube_service - ERROR - YouTube Data API daily quota or project cap exceeded — waiting will not fix this until quota resets (usually midnight Pacific) or you raise the quota in Google Cloud Console. <HttpError 403 when requesting https://youtube.googleapis.com/youtube/v3/search?part=snippet&q=From+Gold+Novo+Amor&type=video&maxResults=1&alt=json returned "The request cannot be completed because you have exceeded your <a href="/youtube/v3/getting-started#quota">quota</a>.". Details: "[{'message': 'The request cannot be completed because you have exceeded your <a href="/youtube/v3/getting-started#quota">quota</a>.', 'domain': 'youtube.quota', 'reason': 'quotaExceeded'}]">
2026-05-13 10:46:35,123 - backend.services.youtube_service - ERROR - Failed to search video: <HttpError 403 when requesting https://youtube.googleapis.com/youtube/v3/search?part=snippet&q=From+Gold+Novo+Amor&type=video&maxResults=1&alt=json returned "The request cannot be completed because you have exceeded your <a href="/youtube/v3/getting-started#quota">quota</a>.". Details: "[{'message': 'The request cannot be completed because you have exceeded your <a href="/youtube/v3/getting-started#quota">quota</a>.', 'domain': 'youtube.quota', 'reason': 'quotaExceeded'}]">
2026-05-13 10:46:35,123 - backend.services.youtube_service - INFO - Searching YouTube for: Saturday Nights Khalid
2026-05-13 10:46:35,695 - backend.services.youtube_service - ERROR - YouTube Data API daily quota or project cap exceeded — waiting will not fix this until quota resets (usually midnight Pacific) or you raise the quota in Google Cloud Console. <HttpError 403 when requesting https://youtube.googleapis.com/youtube/v3/search?part=snippet&q=Saturday+Nights+Khalid&type=video&maxResults=1&alt=json returned "The request cannot be completed because you have exceeded your <a href="/youtube/v3/getting-started#quota">quota</a>.". Details: "[{'message': 'The request cannot be completed because you have exceeded your <a href="/youtube/v3/getting-started#quota">quota</a>.', 'domain': 'youtube.quota', 'reason': 'quotaExceeded'}]">
2026-05-13 10:46:35,695 - backend.services.youtube_service - ERROR - Failed to search video: <HttpError 403 when requesting https://youtube.googleapis.com/youtube/v3/search?part=snippet&q=Saturday+Nights+Khalid&type=video&maxResults=1&alt=json returned "The request cannot be completed because you have exceeded your <a href="/youtube/v3/getting-started#quota">quota</a>.". Details: "[{'message': 'The request cannot be completed because you have exceeded your <a href="/youtube/v3/getting-started#quota">quota</a>.', 'domain': 'youtube.quota', 'reason': 'quotaExceeded'}]">
2026-05-13 10:46:35,696 - backend.services.youtube_service - INFO - Searching YouTube for: on one tonight Gunna
2026-05-13 10:46:36,229 - backend.services.youtube_service - ERROR - YouTube Data API daily quota or project cap exceeded — waiting will not fix this until quota resets (usually midnight Pacific) or you raise the quota in Google Cloud Console. <HttpError 403 when requesting https://youtube.googleapis.com/youtube/v3/search?part=snippet&q=on+one+tonight+Gunna&type=video&maxResults=1&alt=json returned "The request cannot be completed because you have exceeded your <a href="/youtube/v3/getting-started#quota">quota</a>.". Details: "[{'message': 'The request cannot be completed because you have exceeded your <a href="/youtube/v3/getting-started#quota">quota</a>.', 'domain': 'youtube.quota', 'reason': 'quotaExceeded'}]">
2026-05-13 10:46:36,229 - backend.services.youtube_service - ERROR - Failed to search video: <HttpError 403 when requesting https://youtube.googleapis.com/youtube/v3/search?part=snippet&q=on+one+tonight+Gunna&type=video&maxResults=1&alt=json returned "The request cannot be completed because you have exceeded your <a href="/youtube/v3/getting-started#quota">quota</a>.". Details: "[{'message': 'The request cannot be completed because you have exceeded your <a href="/youtube/v3/getting-started#quota">quota</a>.', 'domain': 'youtube.quota', 'reason': 'quotaExceeded'}]">
2026-05-13 10:46:36,230 - backend.services.youtube_service - INFO - Searching YouTube for: Everyday (feat. Rod Stewart, Miguel & Mark Ronson) A$AP Rocky
2026-05-13 10:46:36,777 - backend.services.youtube_service - ERROR - YouTube Data API daily quota or project cap exceeded — waiting will not fix this until quota resets (usually midnight Pacific) or you raise the quota in Google Cloud Console. <HttpError 403 when requesting https://youtube.googleapis.com/youtube/v3/search?part=snippet&q=Everyday+%28feat.+Rod+Stewart%2C+Miguel+%26+Mark+Ronson%29+A%24AP+Rocky&type=video&maxResults=1&alt=json returned "The request cannot be completed because you have exceeded your <a href="/youtube/v3/getting-started#quota">quota</a>.". Details: "[{'message': 'The request cannot be completed because you have exceeded your <a href="/youtube/v3/getting-started#quota">quota</a>.', 'domain': 'youtube.quota', 'reason': 'quotaExceeded'}]">
2026-05-13 10:46:36,778 - backend.services.youtube_service - ERROR - Failed to search video: <HttpError 403 when requesting https://youtube.googleapis.com/youtube/v3/search?part=snippet&q=Everyday+%28feat.+Rod+Stewart%2C+Miguel+%26+Mark+Ronson%29+A%24AP+Rocky&type=video&maxResults=1&alt=json returned "The request cannot be completed because you have exceeded your <a href="/youtube/v3/getting-started#quota">quota</a>.". Details: "[{'message': 'The request cannot be completed because you have exceeded your <a href="/youtube/v3/getting-started#quota">quota</a>.', 'domain': 'youtube.quota', 'reason': 'quotaExceeded'}]">
2026-05-13 10:46:36,778 - backend.services.youtube_service - INFO - Searching YouTube for: 16 Baby Keem
2026-05-13 10:46:37,334 - backend.services.youtube_service - ERROR - YouTube Data API daily quota or project cap exceeded — waiting will not fix this until quota resets (usually midnight Pacific) or you raise the quota in Google Cloud Console. <HttpError 403 when requesting https://youtube.googleapis.com/youtube/v3/search?part=snippet&q=16+Baby+Keem&type=video&maxResults=1&alt=json returned "The request cannot be completed because you have exceeded your <a href="/youtube/v3/getting-started#quota">quota</a>.". Details: "[{'message': 'The request cannot be completed because you have exceeded your <a href="/youtube/v3/getting-started#quota">quota</a>.', 'domain': 'youtube.quota', 'reason': 'quotaExceeded'}]">
2026-05-13 10:46:37,334 - backend.services.youtube_service - ERROR - Failed to search video: <HttpError 403 when requesting https://youtube.googleapis.com/youtube/v3/search?part=snippet&q=16+Baby+Keem&type=video&maxResults=1&alt=json returned "The request cannot be completed because you have exceeded your <a href="/youtube/v3/getting-started#quota">quota</a>.". Details: "[{'message': 'The request cannot be completed because you have exceeded your <a href="/youtube/v3/getting-started#quota">quota</a>.', 'domain': 'youtube.quota', 'reason': 'quotaExceeded'}]">
2026-05-13 10:46:37,335 - backend.services.youtube_service - INFO - Searching YouTube for: Coming Home Leon Bridges
2026-05-13 10:46:37,896 - backend.services.youtube_service - ERROR - YouTube Data API daily quota or project cap exceeded — waiting will not fix this until quota resets (usually midnight Pacific) or you raise the quota in Google Cloud Console. <HttpError 403 when requesting https://youtube.googleapis.com/youtube/v3/search?part=snippet&q=Coming+Home+Leon+Bridges&type=video&maxResults=1&alt=json returned "The request cannot be completed because you have exceeded your <a href="/youtube/v3/getting-started#quota">quota</a>.". Details: "[{'message': 'The request cannot be completed because you have exceeded your <a href="/youtube/v3/getting-started#quota">quota</a>.', 'domain': 'youtube.quota', 'reason': 'quotaExceeded'}]">
2026-05-13 10:46:37,897 - backend.services.youtube_service - ERROR - Failed to search video: <HttpError 403 when requesting https://youtube.googleapis.com/youtube/v3/search?part=snippet&q=Coming+Home+Leon+Bridges&type=video&maxResults=1&alt=json returned "The request cannot be completed because you have exceeded your <a href="/youtube/v3/getting-started#quota">quota</a>.". Details: "[{'message': 'The request cannot be completed because you have exceeded your <a href="/youtube/v3/getting-started#quota">quota</a>.', 'domain': 'youtube.quota', 'reason': 'quotaExceeded'}]">
2026-05-13 10:46:37,897 - backend.services.youtube_service - INFO - Searching YouTube for: Paradise - Live in Buenos Aires Coldplay
2026-05-13 10:46:38,464 - backend.services.youtube_service - ERROR - YouTube Data API daily quota or project cap exceeded — waiting will not fix this until quota resets (usually midnight Pacific) or you raise the quota in Google Cloud Console. <HttpError 403 when requesting https://youtube.googleapis.com/youtube/v3/search?part=snippet&q=Paradise+-+Live+in+Buenos+Aires+Coldplay&type=video&maxResults=1&alt=json returned "The request cannot be completed because you have exceeded your <a href="/youtube/v3/getting-started#quota">quota</a>.". Details: "[{'message': 'The request cannot be completed because you have exceeded your <a href="/youtube/v3/getting-started#quota">quota</a>.', 'domain': 'youtube.quota', 'reason': 'quotaExceeded'}]">
2026-05-13 10:46:38,464 - backend.services.youtube_service - ERROR - Failed to search video: <HttpError 403 when requesting https://youtube.googleapis.com/youtube/v3/search?part=snippet&q=Paradise+-+Live+in+Buenos+Aires+Coldplay&type=video&maxResults=1&alt=json returned "The request cannot be completed because you have exceeded your <a href="/youtube/v3/getting-started#quota">quota</a>.". Details: "[{'message': 'The request cannot be completed because you have exceeded your <a href="/youtube/v3/getting-started#quota">quota</a>.', 'domain': 'youtube.quota', 'reason': 'quotaExceeded'}]">
2026-05-13 10:46:38,465 - backend.services.youtube_service - INFO - Searching YouTube for: Sunday Bloody Sunday - Remastered 2008 U2
2026-05-13 10:46:39,018 - backend.services.youtube_service - ERROR - YouTube Data API daily quota or project cap exceeded — waiting will not fix this until quota resets (usually midnight Pacific) or you raise the quota in Google Cloud Console. <HttpError 403 when requesting https://youtube.googleapis.com/youtube/v3/search?part=snippet&q=Sunday+Bloody+Sunday+-+Remastered+2008+U2&type=video&maxResults=1&alt=json returned "The request cannot be completed because you have exceeded your <a href="/youtube/v3/getting-started#quota">quota</a>.". Details: "[{'message': 'The request cannot be completed because you have exceeded your <a href="/youtube/v3/getting-started#quota">quota</a>.', 'domain': 'youtube.quota', 'reason': 'quotaExceeded'}]">
2026-05-13 10:46:39,018 - backend.services.youtube_service - ERROR - Failed to search video: <HttpError 403 when requesting https://youtube.googleapis.com/youtube/v3/search?part=snippet&q=Sunday+Bloody+Sunday+-+Remastered+2008+U2&type=video&maxResults=1&alt=json returned "The request cannot be completed because you have exceeded your <a href="/youtube/v3/getting-started#quota">quota</a>.". Details: "[{'message': 'The request cannot be completed because you have exceeded your <a href="/youtube/v3/getting-started#quota">quota</a>.', 'domain': 'youtube.quota', 'reason': 'quotaExceeded'}]">
2026-05-13 10:46:39,019 - backend.services.youtube_service - INFO - Searching YouTube for: Fake It Til You Make It DREAMERS
2026-05-13 10:46:39,564 - backend.services.youtube_service - ERROR - YouTube Data API daily quota or project cap exceeded — waiting will not fix this until quota resets (usually midnight Pacific) or you raise the quota in Google Cloud Console. <HttpError 403 when requesting https://youtube.googleapis.com/youtube/v3/search?part=snippet&q=Fake+It+Til+You+Make+It+DREAMERS&type=video&maxResults=1&alt=json returned "The request cannot be completed because you have exceeded your <a href="/youtube/v3/getting-started#quota">quota</a>.". Details: "[{'message': 'The request cannot be completed because you have exceeded your <a href="/youtube/v3/getting-started#quota">quota</a>.', 'domain': 'youtube.quota', 'reason': 'quotaExceeded'}]">
2026-05-13 10:46:39,564 - backend.services.youtube_service - ERROR - Failed to search video: <HttpError 403 when requesting https://youtube.googleapis.com/youtube/v3/search?part=snippet&q=Fake+It+Til+You+Make+It+DREAMERS&type=video&maxResults=1&alt=json returned "The request cannot be completed because you have exceeded your <a href="/youtube/v3/getting-started#quota">quota</a>.". Details: "[{'message': 'The request cannot be completed because you have exceeded your <a href="/youtube/v3/getting-started#quota">quota</a>.', 'domain': 'youtube.quota', 'reason': 'quotaExceeded'}]">
2026-05-13 10:46:39,565 - backend.services.youtube_service - INFO - Searching YouTube for: The Legend Begins Marc Streitenfeld
2026-05-13 10:46:40,148 - backend.services.youtube_service - ERROR - YouTube Data API daily quota or project cap exceeded — waiting will not fix this until quota resets (usually midnight Pacific) or you raise the quota in Google Cloud Console. <HttpError 403 when requesting https://youtube.googleapis.com/youtube/v3/search?part=snippet&q=The+Legend+Begins+Marc+Streitenfeld&type=video&maxResults=1&alt=json returned "The request cannot be completed because you have exceeded your <a href="/youtube/v3/getting-started#quota">quota</a>.". Details: "[{'message': 'The request cannot be completed because you have exceeded your <a href="/youtube/v3/getting-started#quota">quota</a>.', 'domain': 'youtube.quota', 'reason': 'quotaExceeded'}]">
2026-05-13 10:46:40,148 - backend.services.youtube_service - ERROR - Failed to search video: <HttpError 403 when requesting https://youtube.googleapis.com/youtube/v3/search?part=snippet&q=The+Legend+Begins+Marc+Streitenfeld&type=video&maxResults=1&alt=json returned "The request cannot be completed because you have exceeded your <a href="/youtube/v3/getting-started#quota">quota</a>.". Details: "[{'message': 'The request cannot be completed because you have exceeded your <a href="/youtube/v3/getting-started#quota">quota</a>.', 'domain': 'youtube.quota', 'reason': 'quotaExceeded'}]">
2026-05-13 10:46:40,148 - backend.services.youtube_service - INFO - Searching YouTube for: Rey's Theme John Williams
2026-05-13 10:46:40,842 - backend.services.youtube_service - ERROR - YouTube Data API daily quota or project cap exceeded — waiting will not fix this until quota resets (usually midnight Pacific) or you raise the quota in Google Cloud Console. <HttpError 403 when requesting https://youtube.googleapis.com/youtube/v3/search?part=snippet&q=Rey%27s+Theme+John+Williams&type=video&maxResults=1&alt=json returned "The request cannot be completed because you have exceeded your <a href="/youtube/v3/getting-started#quota">quota</a>.". Details: "[{'message': 'The request cannot be completed because you have exceeded your <a href="/youtube/v3/getting-started#quota">quota</a>.', 'domain': 'youtube.quota', 'reason': 'quotaExceeded'}]">
2026-05-13 10:46:40,843 - backend.services.youtube_service - ERROR - Failed to search video: <HttpError 403 when requesting https://youtube.googleapis.com/youtube/v3/search?part=snippet&q=Rey%27s+Theme+John+Williams&type=video&maxResults=1&alt=json returned "The request cannot be completed because you have exceeded your <a href="/youtube/v3/getting-started#quota">quota</a>.". Details: "[{'message': 'The request cannot be completed because you have exceeded your <a href="/youtube/v3/getting-started#quota">quota</a>.', 'domain': 'youtube.quota', 'reason': 'quotaExceeded'}]">
2026-05-13 10:46:40,843 - backend.services.youtube_service - INFO - Searching YouTube for: Across the Stars (Love Theme from "Star Wars: Attack of the Clones") John Williams
2026-05-13 10:46:41,284 - backend.services.youtube_service - ERROR - YouTube Data API daily quota or project cap exceeded — waiting will not fix this until quota resets (usually midnight Pacific) or you raise the quota in Google Cloud Console. <HttpError 403 when requesting https://youtube.googleapis.com/youtube/v3/search?part=snippet&q=Across+the+Stars+%28Love+Theme+from+%22Star+Wars%3A+Attack+of+the+Clones%22%29+John+Williams&type=video&maxResults=1&alt=json returned "The request cannot be completed because you have exceeded your <a href="/youtube/v3/getting-started#quota">quota</a>.". Details: "[{'message': 'The request cannot be completed because you have exceeded your <a href="/youtube/v3/getting-started#quota">quota</a>.', 'domain': 'youtube.quota', 'reason': 'quotaExceeded'}]">
2026-05-13 10:46:41,284 - backend.services.youtube_service - ERROR - Failed to search video: <HttpError 403 when requesting https://youtube.googleapis.com/youtube/v3/search?part=snippet&q=Across+the+Stars+%28Love+Theme+from+%22Star+Wars%3A+Attack+of+the+Clones%22%29+John+Williams&type=video&maxResults=1&alt=json returned "The request cannot be completed because you have exceeded your <a href="/youtube/v3/getting-started#quota">quota</a>.". Details: "[{'message': 'The request cannot be completed because you have exceeded your <a href="/youtube/v3/getting-started#quota">quota</a>.', 'domain': 'youtube.quota', 'reason': 'quotaExceeded'}]">
2026-05-13 10:46:41,284 - backend.services.youtube_service - INFO - Searching YouTube for: Cold Little Heart - Radio Edit Michael Kiwanuka
2026-05-13 10:46:41,835 - backend.services.youtube_service - ERROR - YouTube Data API daily quota or project cap exceeded — waiting will not fix this until quota resets (usually midnight Pacific) or you raise the quota in Google Cloud Console. <HttpError 403 when requesting https://youtube.googleapis.com/youtube/v3/search?part=snippet&q=Cold+Little+Heart+-+Radio+Edit+Michael+Kiwanuka&type=video&maxResults=1&alt=json returned "The request cannot be completed because you have exceeded your <a href="/youtube/v3/getting-started#quota">quota</a>.". Details: "[{'message': 'The request cannot be completed because you have exceeded your <a href="/youtube/v3/getting-started#quota">quota</a>.', 'domain': 'youtube.quota', 'reason': 'quotaExceeded'}]">
2026-05-13 10:46:41,836 - backend.services.youtube_service - ERROR - Failed to search video: <HttpError 403 when requesting https://youtube.googleapis.com/youtube/v3/search?part=snippet&q=Cold+Little+Heart+-+Radio+Edit+Michael+Kiwanuka&type=video&maxResults=1&alt=json returned "The request cannot be completed because you have exceeded your <a href="/youtube/v3/getting-started#quota">quota</a>.". Details: "[{'message': 'The request cannot be completed because you have exceeded your <a href="/youtube/v3/getting-started#quota">quota</a>.', 'domain': 'youtube.quota', 'reason': 'quotaExceeded'}]">
2026-05-13 10:46:41,836 - backend.services.youtube_service - INFO - Searching YouTube for: Black Moon Rising Black Pumas
2026-05-13 10:46:42,310 - backend.services.youtube_service - ERROR - YouTube Data API daily quota or project cap exceeded — waiting will not fix this until quota resets (usually midnight Pacific) or you raise the quota in Google Cloud Console. <HttpError 403 when requesting https://youtube.googleapis.com/youtube/v3/search?part=snippet&q=Black+Moon+Rising+Black+Pumas&type=video&maxResults=1&alt=json returned "The request cannot be completed because you have exceeded your <a href="/youtube/v3/getting-started#quota">quota</a>.". Details: "[{'message': 'The request cannot be completed because you have exceeded your <a href="/youtube/v3/getting-started#quota">quota</a>.', 'domain': 'youtube.quota', 'reason': 'quotaExceeded'}]">
2026-05-13 10:46:42,310 - backend.services.youtube_service - ERROR - Failed to search video: <HttpError 403 when requesting https://youtube.googleapis.com/youtube/v3/search?part=snippet&q=Black+Moon+Rising+Black+Pumas&type=video&maxResults=1&alt=json returned "The request cannot be completed because you have exceeded your <a href="/youtube/v3/getting-started#quota">quota</a>.". Details: "[{'message': 'The request cannot be completed because you have exceeded your <a href="/youtube/v3/getting-started#quota">quota</a>.', 'domain': 'youtube.quota', 'reason': 'quotaExceeded'}]">
2026-05-13 10:46:42,310 - backend.services.youtube_service - INFO - Searching YouTube for: De Selby (Part 2) Hozier
2026-05-13 10:46:42,921 - backend.services.youtube_service - ERROR - YouTube Data API daily quota or project cap exceeded — waiting will not fix this until quota resets (usually midnight Pacific) or you raise the quota in Google Cloud Console. <HttpError 403 when requesting https://youtube.googleapis.com/youtube/v3/search?part=snippet&q=De+Selby+%28Part+2%29+Hozier&type=video&maxResults=1&alt=json returned "The request cannot be completed because you have exceeded your <a href="/youtube/v3/getting-started#quota">quota</a>.". Details: "[{'message': 'The request cannot be completed because you have exceeded your <a href="/youtube/v3/getting-started#quota">quota</a>.', 'domain': 'youtube.quota', 'reason': 'quotaExceeded'}]">
2026-05-13 10:46:42,921 - backend.services.youtube_service - ERROR - Failed to search video: <HttpError 403 when requesting https://youtube.googleapis.com/youtube/v3/search?part=snippet&q=De+Selby+%28Part+2%29+Hozier&type=video&maxResults=1&alt=json returned "The request cannot be completed because you have exceeded your <a href="/youtube/v3/getting-started#quota">quota</a>.". Details: "[{'message': 'The request cannot be completed because you have exceeded your <a href="/youtube/v3/getting-started#quota">quota</a>.', 'domain': 'youtube.quota', 'reason': 'quotaExceeded'}]">
2026-05-13 10:46:42,922 - backend.services.youtube_service - INFO - Searching YouTube for: One More Night Michael Kiwanuka
2026-05-13 10:46:43,473 - backend.services.youtube_service - ERROR - YouTube Data API daily quota or project cap exceeded — waiting will not fix this until quota resets (usually midnight Pacific) or you raise the quota in Google Cloud Console. <HttpError 403 when requesting https://youtube.googleapis.com/youtube/v3/search?part=snippet&q=One+More+Night+Michael+Kiwanuka&type=video&maxResults=1&alt=json returned "The request cannot be completed because you have exceeded your <a href="/youtube/v3/getting-started#quota">quota</a>.". Details: "[{'message': 'The request cannot be completed because you have exceeded your <a href="/youtube/v3/getting-started#quota">quota</a>.', 'domain': 'youtube.quota', 'reason': 'quotaExceeded'}]">
2026-05-13 10:46:43,473 - backend.services.youtube_service - ERROR - Failed to search video: <HttpError 403 when requesting https://youtube.googleapis.com/youtube/v3/search?part=snippet&q=One+More+Night+Michael+Kiwanuka&type=video&maxResults=1&alt=json returned "The request cannot be completed because you have exceeded your <a href="/youtube/v3/getting-started#quota">quota</a>.". Details: "[{'message': 'The request cannot be completed because you have exceeded your <a href="/youtube/v3/getting-started#quota">quota</a>.', 'domain': 'youtube.quota', 'reason': 'quotaExceeded'}]">
2026-05-13 10:46:43,474 - backend.services.youtube_service - INFO - Searching YouTube for: Snowman Sia
2026-05-13 10:46:43,981 - backend.services.youtube_service - ERROR - YouTube Data API daily quota or project cap exceeded — waiting will not fix this until quota resets (usually midnight Pacific) or you raise the quota in Google Cloud Console. <HttpError 403 when requesting https://youtube.googleapis.com/youtube/v3/search?part=snippet&q=Snowman+Sia&type=video&maxResults=1&alt=json returned "The request cannot be completed because you have exceeded your <a href="/youtube/v3/getting-started#quota">quota</a>.". Details: "[{'message': 'The request cannot be completed because you have exceeded your <a href="/youtube/v3/getting-started#quota">quota</a>.', 'domain': 'youtube.quota', 'reason': 'quotaExceeded'}]">
2026-05-13 10:46:43,982 - backend.services.youtube_service - ERROR - Failed to search video: <HttpError 403 when requesting https://youtube.googleapis.com/youtube/v3/search?part=snippet&q=Snowman+Sia&type=video&maxResults=1&alt=json returned "The request cannot be completed because you have exceeded your <a href="/youtube/v3/getting-started#quota">quota</a>.". Details: "[{'message': 'The request cannot be completed because you have exceeded your <a href="/youtube/v3/getting-started#quota">quota</a>.', 'domain': 'youtube.quota', 'reason': 'quotaExceeded'}]">
2026-05-13 10:46:43,982 - backend.services.youtube_service - INFO - Searching YouTube for: High No More Hajaj
2026-05-13 10:46:44,534 - backend.services.youtube_service - ERROR - YouTube Data API daily quota or project cap exceeded — waiting will not fix this until quota resets (usually midnight Pacific) or you raise the quota in Google Cloud Console. <HttpError 403 when requesting https://youtube.googleapis.com/youtube/v3/search?part=snippet&q=High+No+More+Hajaj&type=video&maxResults=1&alt=json returned "The request cannot be completed because you have exceeded your <a href="/youtube/v3/getting-started#quota">quota</a>.". Details: "[{'message': 'The request cannot be completed because you have exceeded your <a href="/youtube/v3/getting-started#quota">quota</a>.', 'domain': 'youtube.quota', 'reason': 'quotaExceeded'}]">
2026-05-13 10:46:44,534 - backend.services.youtube_service - ERROR - Failed to search video: <HttpError 403 when requesting https://youtube.googleapis.com/youtube/v3/search?part=snippet&q=High+No+More+Hajaj&type=video&maxResults=1&alt=json returned "The request cannot be completed because you have exceeded your <a href="/youtube/v3/getting-started#quota">quota</a>.". Details: "[{'message': 'The request cannot be completed because you have exceeded your <a href="/youtube/v3/getting-started#quota">quota</a>.', 'domain': 'youtube.quota', 'reason': 'quotaExceeded'}]">
2026-05-13 10:46:44,535 - backend.services.youtube_service - INFO - Searching YouTube for: Colors Black Pumas
2026-05-13 10:46:45,093 - backend.services.youtube_service - ERROR - YouTube Data API daily quota or project cap exceeded — waiting will not fix this until quota resets (usually midnight Pacific) or you raise the quota in Google Cloud Console. <HttpError 403 when requesting https://youtube.googleapis.com/youtube/v3/search?part=snippet&q=Colors+Black+Pumas&type=video&maxResults=1&alt=json returned "The request cannot be completed because you have exceeded your <a href="/youtube/v3/getting-started#quota">quota</a>.". Details: "[{'message': 'The request cannot be completed because you have exceeded your <a href="/youtube/v3/getting-started#quota">quota</a>.', 'domain': 'youtube.quota', 'reason': 'quotaExceeded'}]">
2026-05-13 10:46:45,093 - backend.services.youtube_service - ERROR - Failed to search video: <HttpError 403 when requesting https://youtube.googleapis.com/youtube/v3/search?part=snippet&q=Colors+Black+Pumas&type=video&maxResults=1&alt=json returned "The request cannot be completed because you have exceeded your <a href="/youtube/v3/getting-started#quota">quota</a>.". Details: "[{'message': 'The request cannot be completed because you have exceeded your <a href="/youtube/v3/getting-started#quota">quota</a>.', 'domain': 'youtube.quota', 'reason': 'quotaExceeded'}]">
2026-05-13 10:46:45,094 - backend.services.youtube_service - INFO - Searching YouTube for: Happy People (with Teddy Swims & Jac Ross) X Ambassadors
2026-05-13 10:46:45,643 - backend.services.youtube_service - ERROR - YouTube Data API daily quota or project cap exceeded — waiting will not fix this until quota resets (usually midnight Pacific) or you raise the quota in Google Cloud Console. <HttpError 403 when requesting https://youtube.googleapis.com/youtube/v3/search?part=snippet&q=Happy+People+%28with+Teddy+Swims+%26+Jac+Ross%29+X+Ambassadors&type=video&maxResults=1&alt=json returned "The request cannot be completed because you have exceeded your <a href="/youtube/v3/getting-started#quota">quota</a>.". Details: "[{'message': 'The request cannot be completed because you have exceeded your <a href="/youtube/v3/getting-started#quota">quota</a>.', 'domain': 'youtube.quota', 'reason': 'quotaExceeded'}]">
2026-05-13 10:46:45,643 - backend.services.youtube_service - ERROR - Failed to search video: <HttpError 403 when requesting https://youtube.googleapis.com/youtube/v3/search?part=snippet&q=Happy+People+%28with+Teddy+Swims+%26+Jac+Ross%29+X+Ambassadors&type=video&maxResults=1&alt=json returned "The request cannot be completed because you have exceeded your <a href="/youtube/v3/getting-started#quota">quota</a>.". Details: "[{'message': 'The request cannot be completed because you have exceeded your <a href="/youtube/v3/getting-started#quota">quota</a>.', 'domain': 'youtube.quota', 'reason': 'quotaExceeded'}]">
2026-05-13 10:46:45,643 - backend.services.youtube_service - INFO - Searching YouTube for: What Would I Change It To (feat. Aluna) Avicii
2026-05-13 10:46:46,262 - backend.services.youtube_service - ERROR - YouTube Data API daily quota or project cap exceeded — waiting will not fix this until quota resets (usually midnight Pacific) or you raise the quota in Google Cloud Console. <HttpError 403 when requesting https://youtube.googleapis.com/youtube/v3/search?part=snippet&q=What+Would+I+Change+It+To+%28feat.+Aluna%29+Avicii&type=video&maxResults=1&alt=json returned "The request cannot be completed because you have exceeded your <a href="/youtube/v3/getting-started#quota">quota</a>.". Details: "[{'message': 'The request cannot be completed because you have exceeded your <a href="/youtube/v3/getting-started#quota">quota</a>.', 'domain': 'youtube.quota', 'reason': 'quotaExceeded'}]">
2026-05-13 10:46:46,262 - backend.services.youtube_service - ERROR - Failed to search video: <HttpError 403 when requesting https://youtube.googleapis.com/youtube/v3/search?part=snippet&q=What+Would+I+Change+It+To+%28feat.+Aluna%29+Avicii&type=video&maxResults=1&alt=json returned "The request cannot be completed because you have exceeded your <a href="/youtube/v3/getting-started#quota">quota</a>.". Details: "[{'message': 'The request cannot be completed because you have exceeded your <a href="/youtube/v3/getting-started#quota">quota</a>.', 'domain': 'youtube.quota', 'reason': 'quotaExceeded'}]">
2026-05-13 10:46:46,263 - backend.services.youtube_service - INFO - Searching YouTube for: Pink + White Frank Ocean
2026-05-13 10:46:46,748 - backend.services.youtube_service - ERROR - YouTube Data API daily quota or project cap exceeded — waiting will not fix this until quota resets (usually midnight Pacific) or you raise the quota in Google Cloud Console. <HttpError 403 when requesting https://youtube.googleapis.com/youtube/v3/search?part=snippet&q=Pink+%2B+White+Frank+Ocean&type=video&maxResults=1&alt=json returned "The request cannot be completed because you have exceeded your <a href="/youtube/v3/getting-started#quota">quota</a>.". Details: "[{'message': 'The request cannot be completed because you have exceeded your <a href="/youtube/v3/getting-started#quota">quota</a>.', 'domain': 'youtube.quota', 'reason': 'quotaExceeded'}]">
2026-05-13 10:46:46,748 - backend.services.youtube_service - ERROR - Failed to search video: <HttpError 403 when requesting https://youtube.googleapis.com/youtube/v3/search?part=snippet&q=Pink+%2B+White+Frank+Ocean&type=video&maxResults=1&alt=json returned "The request cannot be completed because you have exceeded your <a href="/youtube/v3/getting-started#quota">quota</a>.". Details: "[{'message': 'The request cannot be completed because you have exceeded your <a href="/youtube/v3/getting-started#quota">quota</a>.', 'domain': 'youtube.quota', 'reason': 'quotaExceeded'}]">
2026-05-13 10:46:46,748 - backend.services.youtube_service - INFO - Searching YouTube for: Water Flow Klyne
2026-05-13 10:46:47,305 - backend.services.youtube_service - ERROR - YouTube Data API daily quota or project cap exceeded — waiting will not fix this until quota resets (usually midnight Pacific) or you raise the quota in Google Cloud Console. <HttpError 403 when requesting https://youtube.googleapis.com/youtube/v3/search?part=snippet&q=Water+Flow+Klyne&type=video&maxResults=1&alt=json returned "The request cannot be completed because you have exceeded your <a href="/youtube/v3/getting-started#quota">quota</a>.". Details: "[{'message': 'The request cannot be completed because you have exceeded your <a href="/youtube/v3/getting-started#quota">quota</a>.', 'domain': 'youtube.quota', 'reason': 'quotaExceeded'}]">
2026-05-13 10:46:47,305 - backend.services.youtube_service - ERROR - Failed to search video: <HttpError 403 when requesting https://youtube.googleapis.com/youtube/v3/search?part=snippet&q=Water+Flow+Klyne&type=video&maxResults=1&alt=json returned "The request cannot be completed because you have exceeded your <a href="/youtube/v3/getting-started#quota">quota</a>.". Details: "[{'message': 'The request cannot be completed because you have exceeded your <a href="/youtube/v3/getting-started#quota">quota</a>.', 'domain': 'youtube.quota', 'reason': 'quotaExceeded'}]">
2026-05-13 10:46:47,305 - backend.services.youtube_service - INFO - Searching YouTube for: Backslide Twenty One Pilots
2026-05-13 10:46:47,864 - backend.services.youtube_service - ERROR - YouTube Data API daily quota or project cap exceeded — waiting will not fix this until quota resets (usually midnight Pacific) or you raise the quota in Google Cloud Console. <HttpError 403 when requesting https://youtube.googleapis.com/youtube/v3/search?part=snippet&q=Backslide+Twenty+One+Pilots&type=video&maxResults=1&alt=json returned "The request cannot be completed because you have exceeded your <a href="/youtube/v3/getting-started#quota">quota</a>.". Details: "[{'message': 'The request cannot be completed because you have exceeded your <a href="/youtube/v3/getting-started#quota">quota</a>.', 'domain': 'youtube.quota', 'reason': 'quotaExceeded'}]">
2026-05-13 10:46:47,864 - backend.services.youtube_service - ERROR - Failed to search video: <HttpError 403 when requesting https://youtube.googleapis.com/youtube/v3/search?part=snippet&q=Backslide+Twenty+One+Pilots&type=video&maxResults=1&alt=json returned "The request cannot be completed because you have exceeded your <a href="/youtube/v3/getting-started#quota">quota</a>.". Details: "[{'message': 'The request cannot be completed because you have exceeded your <a href="/youtube/v3/getting-started#quota">quota</a>.', 'domain': 'youtube.quota', 'reason': 'quotaExceeded'}]">
2026-05-13 10:46:47,865 - backend.services.youtube_service - INFO - Searching YouTube for: Cowboy Boots Macklemore & Ryan Lewis
2026-05-13 10:46:48,417 - backend.services.youtube_service - ERROR - YouTube Data API daily quota or project cap exceeded — waiting will not fix this until quota resets (usually midnight Pacific) or you raise the quota in Google Cloud Console. <HttpError 403 when requesting https://youtube.googleapis.com/youtube/v3/search?part=snippet&q=Cowboy+Boots+Macklemore+%26+Ryan+Lewis&type=video&maxResults=1&alt=json returned "The request cannot be completed because you have exceeded your <a href="/youtube/v3/getting-started#quota">quota</a>.". Details: "[{'message': 'The request cannot be completed because you have exceeded your <a href="/youtube/v3/getting-started#quota">quota</a>.', 'domain': 'youtube.quota', 'reason': 'quotaExceeded'}]">
2026-05-13 10:46:48,418 - backend.services.youtube_service - ERROR - Failed to search video: <HttpError 403 when requesting https://youtube.googleapis.com/youtube/v3/search?part=snippet&q=Cowboy+Boots+Macklemore+%26+Ryan+Lewis&type=video&maxResults=1&alt=json returned "The request cannot be completed because you have exceeded your <a href="/youtube/v3/getting-started#quota">quota</a>.". Details: "[{'message': 'The request cannot be completed because you have exceeded your <a href="/youtube/v3/getting-started#quota">quota</a>.', 'domain': 'youtube.quota', 'reason': 'quotaExceeded'}]">
2026-05-13 10:46:48,418 - backend.services.youtube_service - INFO - Searching YouTube for: Iris The Goo Goo Dolls
2026-05-13 10:46:48,970 - backend.services.youtube_service - ERROR - YouTube Data API daily quota or project cap exceeded — waiting will not fix this until quota resets (usually midnight Pacific) or you raise the quota in Google Cloud Console. <HttpError 403 when requesting https://youtube.googleapis.com/youtube/v3/search?part=snippet&q=Iris+The+Goo+Goo+Dolls&type=video&maxResults=1&alt=json returned "The request cannot be completed because you have exceeded your <a href="/youtube/v3/getting-started#quota">quota</a>.". Details: "[{'message': 'The request cannot be completed because you have exceeded your <a href="/youtube/v3/getting-started#quota">quota</a>.', 'domain': 'youtube.quota', 'reason': 'quotaExceeded'}]">
2026-05-13 10:46:48,970 - backend.services.youtube_service - ERROR - Failed to search video: <HttpError 403 when requesting https://youtube.googleapis.com/youtube/v3/search?part=snippet&q=Iris+The+Goo+Goo+Dolls&type=video&maxResults=1&alt=json returned "The request cannot be completed because you have exceeded your <a href="/youtube/v3/getting-started#quota">quota</a>.". Details: "[{'message': 'The request cannot be completed because you have exceeded your <a href="/youtube/v3/getting-started#quota">quota</a>.', 'domain': 'youtube.quota', 'reason': 'quotaExceeded'}]">
2026-05-13 10:46:48,971 - backend.services.youtube_service - INFO - Searching YouTube for: Homecoming Kanye West
2026-05-13 10:46:49,537 - backend.services.youtube_service - ERROR - YouTube Data API daily quota or project cap exceeded — waiting will not fix this until quota resets (usually midnight Pacific) or you raise the quota in Google Cloud Console. <HttpError 403 when requesting https://youtube.googleapis.com/youtube/v3/search?part=snippet&q=Homecoming+Kanye+West&type=video&maxResults=1&alt=json returned "The request cannot be completed because you have exceeded your <a href="/youtube/v3/getting-started#quota">quota</a>.". Details: "[{'message': 'The request cannot be completed because you have exceeded your <a href="/youtube/v3/getting-started#quota">quota</a>.', 'domain': 'youtube.quota', 'reason': 'quotaExceeded'}]">
2026-05-13 10:46:49,538 - backend.services.youtube_service - ERROR - Failed to search video: <HttpError 403 when requesting https://youtube.googleapis.com/youtube/v3/search?part=snippet&q=Homecoming+Kanye+West&type=video&maxResults=1&alt=json returned "The request cannot be completed because you have exceeded your <a href="/youtube/v3/getting-started#quota">quota</a>.". Details: "[{'message': 'The request cannot be completed because you have exceeded your <a href="/youtube/v3/getting-started#quota">quota</a>.', 'domain': 'youtube.quota', 'reason': 'quotaExceeded'}]">
2026-05-13 10:46:49,538 - backend.services.youtube_service - INFO - Searching YouTube for: Hate It Or Love It The Game
2026-05-13 10:46:50,080 - backend.services.youtube_service - ERROR - YouTube Data API daily quota or project cap exceeded — waiting will not fix this until quota resets (usually midnight Pacific) or you raise the quota in Google Cloud Console. <HttpError 403 when requesting https://youtube.googleapis.com/youtube/v3/search?part=snippet&q=Hate+It+Or+Love+It+The+Game&type=video&maxResults=1&alt=json returned "The request cannot be completed because you have exceeded your <a href="/youtube/v3/getting-started#quota">quota</a>.". Details: "[{'message': 'The request cannot be completed because you have exceeded your <a href="/youtube/v3/getting-started#quota">quota</a>.', 'domain': 'youtube.quota', 'reason': 'quotaExceeded'}]">
2026-05-13 10:46:50,081 - backend.services.youtube_service - ERROR - Failed to search video: <HttpError 403 when requesting https://youtube.googleapis.com/youtube/v3/search?part=snippet&q=Hate+It+Or+Love+It+The+Game&type=video&maxResults=1&alt=json returned "The request cannot be completed because you have exceeded your <a href="/youtube/v3/getting-started#quota">quota</a>.". Details: "[{'message': 'The request cannot be completed because you have exceeded your <a href="/youtube/v3/getting-started#quota">quota</a>.', 'domain': 'youtube.quota', 'reason': 'quotaExceeded'}]">
2026-05-13 10:46:50,081 - backend.services.youtube_service - INFO - Searching YouTube for: Waiting On the World to Change John Mayer
2026-05-13 10:46:50,722 - backend.services.youtube_service - ERROR - YouTube Data API daily quota or project cap exceeded — waiting will not fix this until quota resets (usually midnight Pacific) or you raise the quota in Google Cloud Console. <HttpError 403 when requesting https://youtube.googleapis.com/youtube/v3/search?part=snippet&q=Waiting+On+the+World+to+Change+John+Mayer&type=video&maxResults=1&alt=json returned "The request cannot be completed because you have exceeded your <a href="/youtube/v3/getting-started#quota">quota</a>.". Details: "[{'message': 'The request cannot be completed because you have exceeded your <a href="/youtube/v3/getting-started#quota">quota</a>.', 'domain': 'youtube.quota', 'reason': 'quotaExceeded'}]">
2026-05-13 10:46:50,723 - backend.services.youtube_service - ERROR - Failed to search video: <HttpError 403 when requesting https://youtube.googleapis.com/youtube/v3/search?part=snippet&q=Waiting+On+the+World+to+Change+John+Mayer&type=video&maxResults=1&alt=json returned "The request cannot be completed because you have exceeded your <a href="/youtube/v3/getting-started#quota">quota</a>.". Details: "[{'message': 'The request cannot be completed because you have exceeded your <a href="/youtube/v3/getting-started#quota">quota</a>.', 'domain': 'youtube.quota', 'reason': 'quotaExceeded'}]">
2026-05-13 10:46:50,723 - backend.services.youtube_service - INFO - Searching YouTube for: Orange Blossoms GoldFord
2026-05-13 10:46:51,203 - backend.services.youtube_service - ERROR - YouTube Data API daily quota or project cap exceeded — waiting will not fix this until quota resets (usually midnight Pacific) or you raise the quota in Google Cloud Console. <HttpError 403 when requesting https://youtube.googleapis.com/youtube/v3/search?part=snippet&q=Orange+Blossoms+GoldFord&type=video&maxResults=1&alt=json returned "The request cannot be completed because you have exceeded your <a href="/youtube/v3/getting-started#quota">quota</a>.". Details: "[{'message': 'The request cannot be completed because you have exceeded your <a href="/youtube/v3/getting-started#quota">quota</a>.', 'domain': 'youtube.quota', 'reason': 'quotaExceeded'}]">
2026-05-13 10:46:51,203 - backend.services.youtube_service - ERROR - Failed to search video: <HttpError 403 when requesting https://youtube.googleapis.com/youtube/v3/search?part=snippet&q=Orange+Blossoms+GoldFord&type=video&maxResults=1&alt=json returned "The request cannot be completed because you have exceeded your <a href="/youtube/v3/getting-started#quota">quota</a>.". Details: "[{'message': 'The request cannot be completed because you have exceeded your <a href="/youtube/v3/getting-started#quota">quota</a>.', 'domain': 'youtube.quota', 'reason': 'quotaExceeded'}]">
2026-05-13 10:46:51,203 - backend.services.youtube_service - INFO - Searching YouTube for: You Should Probably Leave Chris Stapleton
2026-05-13 10:46:51,826 - backend.services.youtube_service - ERROR - YouTube Data API daily quota or project cap exceeded — waiting will not fix this until quota resets (usually midnight Pacific) or you raise the quota in Google Cloud Console. <HttpError 403 when requesting https://youtube.googleapis.com/youtube/v3/search?part=snippet&q=You+Should+Probably+Leave+Chris+Stapleton&type=video&maxResults=1&alt=json returned "The request cannot be completed because you have exceeded your <a href="/youtube/v3/getting-started#quota">quota</a>.". Details: "[{'message': 'The request cannot be completed because you have exceeded your <a href="/youtube/v3/getting-started#quota">quota</a>.', 'domain': 'youtube.quota', 'reason': 'quotaExceeded'}]">
2026-05-13 10:46:51,826 - backend.services.youtube_service - ERROR - Failed to search video: <HttpError 403 when requesting https://youtube.googleapis.com/youtube/v3/search?part=snippet&q=You+Should+Probably+Leave+Chris+Stapleton&type=video&maxResults=1&alt=json returned "The request cannot be completed because you have exceeded your <a href="/youtube/v3/getting-started#quota">quota</a>.". Details: "[{'message': 'The request cannot be completed because you have exceeded your <a href="/youtube/v3/getting-started#quota">quota</a>.', 'domain': 'youtube.quota', 'reason': 'quotaExceeded'}]">
2026-05-13 10:46:51,826 - backend.services.youtube_service - INFO - Searching YouTube for: Drink Water (feat. Jon Bellion and Fireboy DML) Jon Batiste
2026-05-13 10:46:52,311 - backend.services.youtube_service - ERROR - YouTube Data API daily quota or project cap exceeded — waiting will not fix this until quota resets (usually midnight Pacific) or you raise the quota in Google Cloud Console. <HttpError 403 when requesting https://youtube.googleapis.com/youtube/v3/search?part=snippet&q=Drink+Water+%28feat.+Jon+Bellion+and+Fireboy+DML%29+Jon+Batiste&type=video&maxResults=1&alt=json returned "The request cannot be completed because you have exceeded your <a href="/youtube/v3/getting-started#quota">quota</a>.". Details: "[{'message': 'The request cannot be completed because you have exceeded your <a href="/youtube/v3/getting-started#quota">quota</a>.', 'domain': 'youtube.quota', 'reason': 'quotaExceeded'}]">
2026-05-13 10:46:52,311 - backend.services.youtube_service - ERROR - Failed to search video: <HttpError 403 when requesting https://youtube.googleapis.com/youtube/v3/search?part=snippet&q=Drink+Water+%28feat.+Jon+Bellion+and+Fireboy+DML%29+Jon+Batiste&type=video&maxResults=1&alt=json returned "The request cannot be completed because you have exceeded your <a href="/youtube/v3/getting-started#quota">quota</a>.". Details: "[{'message': 'The request cannot be completed because you have exceeded your <a href="/youtube/v3/getting-started#quota">quota</a>.', 'domain': 'youtube.quota', 'reason': 'quotaExceeded'}]">
2026-05-13 10:46:52,312 - backend.services.youtube_service - INFO - Searching YouTube for: The Message Nas
2026-05-13 10:46:52,922 - backend.services.youtube_service - ERROR - YouTube Data API daily quota or project cap exceeded — waiting will not fix this until quota resets (usually midnight Pacific) or you raise the quota in Google Cloud Console. <HttpError 403 when requesting https://youtube.googleapis.com/youtube/v3/search?part=snippet&q=The+Message+Nas&type=video&maxResults=1&alt=json returned "The request cannot be completed because you have exceeded your <a href="/youtube/v3/getting-started#quota">quota</a>.". Details: "[{'message': 'The request cannot be completed because you have exceeded your <a href="/youtube/v3/getting-started#quota">quota</a>.', 'domain': 'youtube.quota', 'reason': 'quotaExceeded'}]">
2026-05-13 10:46:52,922 - backend.services.youtube_service - ERROR - Failed to search video: <HttpError 403 when requesting https://youtube.googleapis.com/youtube/v3/search?part=snippet&q=The+Message+Nas&type=video&maxResults=1&alt=json returned "The request cannot be completed because you have exceeded your <a href="/youtube/v3/getting-started#quota">quota</a>.". Details: "[{'message': 'The request cannot be completed because you have exceeded your <a href="/youtube/v3/getting-started#quota">quota</a>.', 'domain': 'youtube.quota', 'reason': 'quotaExceeded'}]">
2026-05-13 10:46:52,922 - backend.services.youtube_service - INFO - Searching YouTube for: Red Leather Future
2026-05-13 10:46:53,409 - backend.services.youtube_service - ERROR - YouTube Data API daily quota or project cap exceeded — waiting will not fix this until quota resets (usually midnight Pacific) or you raise the quota in Google Cloud Console. <HttpError 403 when requesting https://youtube.googleapis.com/youtube/v3/search?part=snippet&q=Red+Leather+Future&type=video&maxResults=1&alt=json returned "The request cannot be completed because you have exceeded your <a href="/youtube/v3/getting-started#quota">quota</a>.". Details: "[{'message': 'The request cannot be completed because you have exceeded your <a href="/youtube/v3/getting-started#quota">quota</a>.', 'domain': 'youtube.quota', 'reason': 'quotaExceeded'}]">
2026-05-13 10:46:53,410 - backend.services.youtube_service - ERROR - Failed to search video: <HttpError 403 when requesting https://youtube.googleapis.com/youtube/v3/search?part=snippet&q=Red+Leather+Future&type=video&maxResults=1&alt=json returned "The request cannot be completed because you have exceeded your <a href="/youtube/v3/getting-started#quota">quota</a>.". Details: "[{'message': 'The request cannot be completed because you have exceeded your <a href="/youtube/v3/getting-started#quota">quota</a>.', 'domain': 'youtube.quota', 'reason': 'quotaExceeded'}]">
2026-05-13 10:46:53,410 - backend.services.youtube_service - INFO - Searching YouTube for: Huntin’ Wabbitz J. Cole
2026-05-13 10:46:53,969 - backend.services.youtube_service - ERROR - YouTube Data API daily quota or project cap exceeded — waiting will not fix this until quota resets (usually midnight Pacific) or you raise the quota in Google Cloud Console. <HttpError 403 when requesting https://youtube.googleapis.com/youtube/v3/search?part=snippet&q=Huntin%E2%80%99+Wabbitz+J.+Cole&type=video&maxResults=1&alt=json returned "The request cannot be completed because you have exceeded your <a href="/youtube/v3/getting-started#quota">quota</a>.". Details: "[{'message': 'The request cannot be completed because you have exceeded your <a href="/youtube/v3/getting-started#quota">quota</a>.', 'domain': 'youtube.quota', 'reason': 'quotaExceeded'}]">
2026-05-13 10:46:53,970 - backend.services.youtube_service - ERROR - Failed to search video: <HttpError 403 when requesting https://youtube.googleapis.com/youtube/v3/search?part=snippet&q=Huntin%E2%80%99+Wabbitz+J.+Cole&type=video&maxResults=1&alt=json returned "The request cannot be completed because you have exceeded your <a href="/youtube/v3/getting-started#quota">quota</a>.". Details: "[{'message': 'The request cannot be completed because you have exceeded your <a href="/youtube/v3/getting-started#quota">quota</a>.', 'domain': 'youtube.quota', 'reason': 'quotaExceeded'}]">
2026-05-13 10:46:53,970 - backend.services.youtube_service - INFO - Searching YouTube for: The One That You Call Mackenzy Mackay
2026-05-13 10:46:54,533 - backend.services.youtube_service - ERROR - YouTube Data API daily quota or project cap exceeded — waiting will not fix this until quota resets (usually midnight Pacific) or you raise the quota in Google Cloud Console. <HttpError 403 when requesting https://youtube.googleapis.com/youtube/v3/search?part=snippet&q=The+One+That+You+Call+Mackenzy+Mackay&type=video&maxResults=1&alt=json returned "The request cannot be completed because you have exceeded your <a href="/youtube/v3/getting-started#quota">quota</a>.". Details: "[{'message': 'The request cannot be completed because you have exceeded your <a href="/youtube/v3/getting-started#quota">quota</a>.', 'domain': 'youtube.quota', 'reason': 'quotaExceeded'}]">
2026-05-13 10:46:54,534 - backend.services.youtube_service - ERROR - Failed to search video: <HttpError 403 when requesting https://youtube.googleapis.com/youtube/v3/search?part=snippet&q=The+One+That+You+Call+Mackenzy+Mackay&type=video&maxResults=1&alt=json returned "The request cannot be completed because you have exceeded your <a href="/youtube/v3/getting-started#quota">quota</a>.". Details: "[{'message': 'The request cannot be completed because you have exceeded your <a href="/youtube/v3/getting-started#quota">quota</a>.', 'domain': 'youtube.quota', 'reason': 'quotaExceeded'}]">
2026-05-13 10:46:54,534 - backend.services.youtube_service - INFO - Searching YouTube for: Holiday KSI
2026-05-13 10:46:55,082 - backend.services.youtube_service - ERROR - YouTube Data API daily quota or project cap exceeded — waiting will not fix this until quota resets (usually midnight Pacific) or you raise the quota in Google Cloud Console. <HttpError 403 when requesting https://youtube.googleapis.com/youtube/v3/search?part=snippet&q=Holiday+KSI&type=video&maxResults=1&alt=json returned "The request cannot be completed because you have exceeded your <a href="/youtube/v3/getting-started#quota">quota</a>.". Details: "[{'message': 'The request cannot be completed because you have exceeded your <a href="/youtube/v3/getting-started#quota">quota</a>.', 'domain': 'youtube.quota', 'reason': 'quotaExceeded'}]">
2026-05-13 10:46:55,082 - backend.services.youtube_service - ERROR - Failed to search video: <HttpError 403 when requesting https://youtube.googleapis.com/youtube/v3/search?part=snippet&q=Holiday+KSI&type=video&maxResults=1&alt=json returned "The request cannot be completed because you have exceeded your <a href="/youtube/v3/getting-started#quota">quota</a>.". Details: "[{'message': 'The request cannot be completed because you have exceeded your <a href="/youtube/v3/getting-started#quota">quota</a>.', 'domain': 'youtube.quota', 'reason': 'quotaExceeded'}]">
2026-05-13 10:46:55,083 - backend.services.youtube_service - INFO - Searching YouTube for: Tequila Shots Kid Cudi
2026-05-13 10:46:55,638 - backend.services.youtube_service - ERROR - YouTube Data API daily quota or project cap exceeded — waiting will not fix this until quota resets (usually midnight Pacific) or you raise the quota in Google Cloud Console. <HttpError 403 when requesting https://youtube.googleapis.com/youtube/v3/search?part=snippet&q=Tequila+Shots+Kid+Cudi&type=video&maxResults=1&alt=json returned "The request cannot be completed because you have exceeded your <a href="/youtube/v3/getting-started#quota">quota</a>.". Details: "[{'message': 'The request cannot be completed because you have exceeded your <a href="/youtube/v3/getting-started#quota">quota</a>.', 'domain': 'youtube.quota', 'reason': 'quotaExceeded'}]">
2026-05-13 10:46:55,639 - backend.services.youtube_service - ERROR - Failed to search video: <HttpError 403 when requesting https://youtube.googleapis.com/youtube/v3/search?part=snippet&q=Tequila+Shots+Kid+Cudi&type=video&maxResults=1&alt=json returned "The request cannot be completed because you have exceeded your <a href="/youtube/v3/getting-started#quota">quota</a>.". Details: "[{'message': 'The request cannot be completed because you have exceeded your <a href="/youtube/v3/getting-started#quota">quota</a>.', 'domain': 'youtube.quota', 'reason': 'quotaExceeded'}]">
2026-05-13 10:46:55,639 - backend.services.youtube_service - INFO - Searching YouTube for: Falling Down - Bonus Track Lil Peep
2026-05-13 10:46:56,270 - backend.services.youtube_service - ERROR - YouTube Data API daily quota or project cap exceeded — waiting will not fix this until quota resets (usually midnight Pacific) or you raise the quota in Google Cloud Console. <HttpError 403 when requesting https://youtube.googleapis.com/youtube/v3/search?part=snippet&q=Falling+Down+-+Bonus+Track+Lil+Peep&type=video&maxResults=1&alt=json returned "The request cannot be completed because you have exceeded your <a href="/youtube/v3/getting-started#quota">quota</a>.". Details: "[{'message': 'The request cannot be completed because you have exceeded your <a href="/youtube/v3/getting-started#quota">quota</a>.', 'domain': 'youtube.quota', 'reason': 'quotaExceeded'}]">
2026-05-13 10:46:56,271 - backend.services.youtube_service - ERROR - Failed to search video: <HttpError 403 when requesting https://youtube.googleapis.com/youtube/v3/search?part=snippet&q=Falling+Down+-+Bonus+Track+Lil+Peep&type=video&maxResults=1&alt=json returned "The request cannot be completed because you have exceeded your <a href="/youtube/v3/getting-started#quota">quota</a>.". Details: "[{'message': 'The request cannot be completed because you have exceeded your <a href="/youtube/v3/getting-started#quota">quota</a>.', 'domain': 'youtube.quota', 'reason': 'quotaExceeded'}]">
2026-05-13 10:46:56,271 - backend.services.youtube_service - INFO - Searching YouTube for: Violet Isaac App
2026-05-13 10:46:56,748 - backend.services.youtube_service - ERROR - YouTube Data API daily quota or project cap exceeded — waiting will not fix this until quota resets (usually midnight Pacific) or you raise the quota in Google Cloud Console. <HttpError 403 when requesting https://youtube.googleapis.com/youtube/v3/search?part=snippet&q=Violet+Isaac+App&type=video&maxResults=1&alt=json returned "The request cannot be completed because you have exceeded your <a href="/youtube/v3/getting-started#quota">quota</a>.". Details: "[{'message': 'The request cannot be completed because you have exceeded your <a href="/youtube/v3/getting-started#quota">quota</a>.', 'domain': 'youtube.quota', 'reason': 'quotaExceeded'}]">
2026-05-13 10:46:56,748 - backend.services.youtube_service - ERROR - Failed to search video: <HttpError 403 when requesting https://youtube.googleapis.com/youtube/v3/search?part=snippet&q=Violet+Isaac+App&type=video&maxResults=1&alt=json returned "The request cannot be completed because you have exceeded your <a href="/youtube/v3/getting-started#quota">quota</a>.". Details: "[{'message': 'The request cannot be completed because you have exceeded your <a href="/youtube/v3/getting-started#quota">quota</a>.', 'domain': 'youtube.quota', 'reason': 'quotaExceeded'}]">
2026-05-13 10:46:56,748 - backend.services.youtube_service - INFO - Searching YouTube for: Shifty Cam Stillson
2026-05-13 10:46:57,296 - backend.services.youtube_service - ERROR - YouTube Data API daily quota or project cap exceeded — waiting will not fix this until quota resets (usually midnight Pacific) or you raise the quota in Google Cloud Console. <HttpError 403 when requesting https://youtube.googleapis.com/youtube/v3/search?part=snippet&q=Shifty+Cam+Stillson&type=video&maxResults=1&alt=json returned "The request cannot be completed because you have exceeded your <a href="/youtube/v3/getting-started#quota">quota</a>.". Details: "[{'message': 'The request cannot be completed because you have exceeded your <a href="/youtube/v3/getting-started#quota">quota</a>.', 'domain': 'youtube.quota', 'reason': 'quotaExceeded'}]">
2026-05-13 10:46:57,296 - backend.services.youtube_service - ERROR - Failed to search video: <HttpError 403 when requesting https://youtube.googleapis.com/youtube/v3/search?part=snippet&q=Shifty+Cam+Stillson&type=video&maxResults=1&alt=json returned "The request cannot be completed because you have exceeded your <a href="/youtube/v3/getting-started#quota">quota</a>.". Details: "[{'message': 'The request cannot be completed because you have exceeded your <a href="/youtube/v3/getting-started#quota">quota</a>.', 'domain': 'youtube.quota', 'reason': 'quotaExceeded'}]">
2026-05-13 10:46:57,297 - backend.services.youtube_service - INFO - Searching YouTube for: Martin & Gina Polo G
2026-05-13 10:46:57,846 - backend.services.youtube_service - ERROR - YouTube Data API daily quota or project cap exceeded — waiting will not fix this until quota resets (usually midnight Pacific) or you raise the quota in Google Cloud Console. <HttpError 403 when requesting https://youtube.googleapis.com/youtube/v3/search?part=snippet&q=Martin+%26+Gina+Polo+G&type=video&maxResults=1&alt=json returned "The request cannot be completed because you have exceeded your <a href="/youtube/v3/getting-started#quota">quota</a>.". Details: "[{'message': 'The request cannot be completed because you have exceeded your <a href="/youtube/v3/getting-started#quota">quota</a>.', 'domain': 'youtube.quota', 'reason': 'quotaExceeded'}]">
2026-05-13 10:46:57,847 - backend.services.youtube_service - ERROR - Failed to search video: <HttpError 403 when requesting https://youtube.googleapis.com/youtube/v3/search?part=snippet&q=Martin+%26+Gina+Polo+G&type=video&maxResults=1&alt=json returned "The request cannot be completed because you have exceeded your <a href="/youtube/v3/getting-started#quota">quota</a>.". Details: "[{'message': 'The request cannot be completed because you have exceeded your <a href="/youtube/v3/getting-started#quota">quota</a>.', 'domain': 'youtube.quota', 'reason': 'quotaExceeded'}]">
2026-05-13 10:46:57,847 - backend.services.youtube_service - INFO - Searching YouTube for: 2055 Sleepy Hallow
2026-05-13 10:46:58,409 - backend.services.youtube_service - ERROR - YouTube Data API daily quota or project cap exceeded — waiting will not fix this until quota resets (usually midnight Pacific) or you raise the quota in Google Cloud Console. <HttpError 403 when requesting https://youtube.googleapis.com/youtube/v3/search?part=snippet&q=2055+Sleepy+Hallow&type=video&maxResults=1&alt=json returned "The request cannot be completed because you have exceeded your <a href="/youtube/v3/getting-started#quota">quota</a>.". Details: "[{'message': 'The request cannot be completed because you have exceeded your <a href="/youtube/v3/getting-started#quota">quota</a>.', 'domain': 'youtube.quota', 'reason': 'quotaExceeded'}]">
2026-05-13 10:46:58,409 - backend.services.youtube_service - ERROR - Failed to search video: <HttpError 403 when requesting https://youtube.googleapis.com/youtube/v3/search?part=snippet&q=2055+Sleepy+Hallow&type=video&maxResults=1&alt=json returned "The request cannot be completed because you have exceeded your <a href="/youtube/v3/getting-started#quota">quota</a>.". Details: "[{'message': 'The request cannot be completed because you have exceeded your <a href="/youtube/v3/getting-started#quota">quota</a>.', 'domain': 'youtube.quota', 'reason': 'quotaExceeded'}]">
2026-05-13 10:46:58,409 - backend.services.youtube_service - INFO - Searching YouTube for: Don't Look Back in Anger Oasis
2026-05-13 10:46:58,965 - backend.services.youtube_service - ERROR - YouTube Data API daily quota or project cap exceeded — waiting will not fix this until quota resets (usually midnight Pacific) or you raise the quota in Google Cloud Console. <HttpError 403 when requesting https://youtube.googleapis.com/youtube/v3/search?part=snippet&q=Don%27t+Look+Back+in+Anger+Oasis&type=video&maxResults=1&alt=json returned "The request cannot be completed because you have exceeded your <a href="/youtube/v3/getting-started#quota">quota</a>.". Details: "[{'message': 'The request cannot be completed because you have exceeded your <a href="/youtube/v3/getting-started#quota">quota</a>.', 'domain': 'youtube.quota', 'reason': 'quotaExceeded'}]">
2026-05-13 10:46:58,966 - backend.services.youtube_service - ERROR - Failed to search video: <HttpError 403 when requesting https://youtube.googleapis.com/youtube/v3/search?part=snippet&q=Don%27t+Look+Back+in+Anger+Oasis&type=video&maxResults=1&alt=json returned "The request cannot be completed because you have exceeded your <a href="/youtube/v3/getting-started#quota">quota</a>.". Details: "[{'message': 'The request cannot be completed because you have exceeded your <a href="/youtube/v3/getting-started#quota">quota</a>.', 'domain': 'youtube.quota', 'reason': 'quotaExceeded'}]">
2026-05-13 10:46:58,966 - backend.services.youtube_service - INFO - Searching YouTube for: LET EM GO Matt Hansen
2026-05-13 10:46:59,591 - backend.services.youtube_service - ERROR - YouTube Data API daily quota or project cap exceeded — waiting will not fix this until quota resets (usually midnight Pacific) or you raise the quota in Google Cloud Console. <HttpError 403 when requesting https://youtube.googleapis.com/youtube/v3/search?part=snippet&q=LET+EM+GO+Matt+Hansen&type=video&maxResults=1&alt=json returned "The request cannot be completed because you have exceeded your <a href="/youtube/v3/getting-started#quota">quota</a>.". Details: "[{'message': 'The request cannot be completed because you have exceeded your <a href="/youtube/v3/getting-started#quota">quota</a>.', 'domain': 'youtube.quota', 'reason': 'quotaExceeded'}]">
2026-05-13 10:46:59,591 - backend.services.youtube_service - ERROR - Failed to search video: <HttpError 403 when requesting https://youtube.googleapis.com/youtube/v3/search?part=snippet&q=LET+EM+GO+Matt+Hansen&type=video&maxResults=1&alt=json returned "The request cannot be completed because you have exceeded your <a href="/youtube/v3/getting-started#quota">quota</a>.". Details: "[{'message': 'The request cannot be completed because you have exceeded your <a href="/youtube/v3/getting-started#quota">quota</a>.', 'domain': 'youtube.quota', 'reason': 'quotaExceeded'}]">
2026-05-13 10:46:59,592 - backend.services.youtube_service - INFO - Searching YouTube for: Mess Is Mine Vance Joy
2026-05-13 10:47:00,151 - backend.services.youtube_service - ERROR - YouTube Data API daily quota or project cap exceeded — waiting will not fix this until quota resets (usually midnight Pacific) or you raise the quota in Google Cloud Console. <HttpError 403 when requesting https://youtube.googleapis.com/youtube/v3/search?part=snippet&q=Mess+Is+Mine+Vance+Joy&type=video&maxResults=1&alt=json returned "The request cannot be completed because you have exceeded your <a href="/youtube/v3/getting-started#quota">quota</a>.". Details: "[{'message': 'The request cannot be completed because you have exceeded your <a href="/youtube/v3/getting-started#quota">quota</a>.', 'domain': 'youtube.quota', 'reason': 'quotaExceeded'}]">
2026-05-13 10:47:00,151 - backend.services.youtube_service - ERROR - Failed to search video: <HttpError 403 when requesting https://youtube.googleapis.com/youtube/v3/search?part=snippet&q=Mess+Is+Mine+Vance+Joy&type=video&maxResults=1&alt=json returned "The request cannot be completed because you have exceeded your <a href="/youtube/v3/getting-started#quota">quota</a>.". Details: "[{'message': 'The request cannot be completed because you have exceeded your <a href="/youtube/v3/getting-started#quota">quota</a>.', 'domain': 'youtube.quota', 'reason': 'quotaExceeded'}]">
2026-05-13 10:47:00,151 - backend.services.youtube_service - INFO - Searching YouTube for: I Ain't Worried OneRepublic
2026-05-13 10:47:00,681 - backend.services.youtube_service - ERROR - YouTube Data API daily quota or project cap exceeded — waiting will not fix this until quota resets (usually midnight Pacific) or you raise the quota in Google Cloud Console. <HttpError 403 when requesting https://youtube.googleapis.com/youtube/v3/search?part=snippet&q=I+Ain%27t+Worried+OneRepublic&type=video&maxResults=1&alt=json returned "The request cannot be completed because you have exceeded your <a href="/youtube/v3/getting-started#quota">quota</a>.". Details: "[{'message': 'The request cannot be completed because you have exceeded your <a href="/youtube/v3/getting-started#quota">quota</a>.', 'domain': 'youtube.quota', 'reason': 'quotaExceeded'}]">
2026-05-13 10:47:00,682 - backend.services.youtube_service - ERROR - Failed to search video: <HttpError 403 when requesting https://youtube.googleapis.com/youtube/v3/search?part=snippet&q=I+Ain%27t+Worried+OneRepublic&type=video&maxResults=1&alt=json returned "The request cannot be completed because you have exceeded your <a href="/youtube/v3/getting-started#quota">quota</a>.". Details: "[{'message': 'The request cannot be completed because you have exceeded your <a href="/youtube/v3/getting-started#quota">quota</a>.', 'domain': 'youtube.quota', 'reason': 'quotaExceeded'}]">
2026-05-13 10:47:00,682 - backend.services.youtube_service - INFO - Searching YouTube for: Smells Like Teen Spirit Nirvana
2026-05-13 10:47:01,179 - backend.services.youtube_service - ERROR - YouTube Data API daily quota or project cap exceeded — waiting will not fix this until quota resets (usually midnight Pacific) or you raise the quota in Google Cloud Console. <HttpError 403 when requesting https://youtube.googleapis.com/youtube/v3/search?part=snippet&q=Smells+Like+Teen+Spirit+Nirvana&type=video&maxResults=1&alt=json returned "The request cannot be completed because you have exceeded your <a href="/youtube/v3/getting-started#quota">quota</a>.". Details: "[{'message': 'The request cannot be completed because you have exceeded your <a href="/youtube/v3/getting-started#quota">quota</a>.', 'domain': 'youtube.quota', 'reason': 'quotaExceeded'}]">
2026-05-13 10:47:01,179 - backend.services.youtube_service - ERROR - Failed to search video: <HttpError 403 when requesting https://youtube.googleapis.com/youtube/v3/search?part=snippet&q=Smells+Like+Teen+Spirit+Nirvana&type=video&maxResults=1&alt=json returned "The request cannot be completed because you have exceeded your <a href="/youtube/v3/getting-started#quota">quota</a>.". Details: "[{'message': 'The request cannot be completed because you have exceeded your <a href="/youtube/v3/getting-started#quota">quota</a>.', 'domain': 'youtube.quota', 'reason': 'quotaExceeded'}]">
2026-05-13 10:47:01,179 - backend.services.youtube_service - INFO - Searching YouTube for: Wonderwall - Remastered Oasis
2026-05-13 10:47:01,723 - backend.services.youtube_service - ERROR - YouTube Data API daily quota or project cap exceeded — waiting will not fix this until quota resets (usually midnight Pacific) or you raise the quota in Google Cloud Console. <HttpError 403 when requesting https://youtube.googleapis.com/youtube/v3/search?part=snippet&q=Wonderwall+-+Remastered+Oasis&type=video&maxResults=1&alt=json returned "The request cannot be completed because you have exceeded your <a href="/youtube/v3/getting-started#quota">quota</a>.". Details: "[{'message': 'The request cannot be completed because you have exceeded your <a href="/youtube/v3/getting-started#quota">quota</a>.', 'domain': 'youtube.quota', 'reason': 'quotaExceeded'}]">
2026-05-13 10:47:01,724 - backend.services.youtube_service - ERROR - Failed to search video: <HttpError 403 when requesting https://youtube.googleapis.com/youtube/v3/search?part=snippet&q=Wonderwall+-+Remastered+Oasis&type=video&maxResults=1&alt=json returned "The request cannot be completed because you have exceeded your <a href="/youtube/v3/getting-started#quota">quota</a>.". Details: "[{'message': 'The request cannot be completed because you have exceeded your <a href="/youtube/v3/getting-started#quota">quota</a>.', 'domain': 'youtube.quota', 'reason': 'quotaExceeded'}]">
2026-05-13 10:47:01,724 - backend.services.youtube_service - INFO - Searching YouTube for: Genghis Khan Miike Snow
2026-05-13 10:47:02,280 - backend.services.youtube_service - ERROR - YouTube Data API daily quota or project cap exceeded — waiting will not fix this until quota resets (usually midnight Pacific) or you raise the quota in Google Cloud Console. <HttpError 403 when requesting https://youtube.googleapis.com/youtube/v3/search?part=snippet&q=Genghis+Khan+Miike+Snow&type=video&maxResults=1&alt=json returned "The request cannot be completed because you have exceeded your <a href="/youtube/v3/getting-started#quota">quota</a>.". Details: "[{'message': 'The request cannot be completed because you have exceeded your <a href="/youtube/v3/getting-started#quota">quota</a>.', 'domain': 'youtube.quota', 'reason': 'quotaExceeded'}]">
2026-05-13 10:47:02,281 - backend.services.youtube_service - ERROR - Failed to search video: <HttpError 403 when requesting https://youtube.googleapis.com/youtube/v3/search?part=snippet&q=Genghis+Khan+Miike+Snow&type=video&maxResults=1&alt=json returned "The request cannot be completed because you have exceeded your <a href="/youtube/v3/getting-started#quota">quota</a>.". Details: "[{'message': 'The request cannot be completed because you have exceeded your <a href="/youtube/v3/getting-started#quota">quota</a>.', 'domain': 'youtube.quota', 'reason': 'quotaExceeded'}]">
2026-05-13 10:47:02,281 - backend.services.youtube_service - INFO - Searching YouTube for: Stargazing Myles Smith
2026-05-13 10:47:02,829 - backend.services.youtube_service - ERROR - YouTube Data API daily quota or project cap exceeded — waiting will not fix this until quota resets (usually midnight Pacific) or you raise the quota in Google Cloud Console. <HttpError 403 when requesting https://youtube.googleapis.com/youtube/v3/search?part=snippet&q=Stargazing+Myles+Smith&type=video&maxResults=1&alt=json returned "The request cannot be completed because you have exceeded your <a href="/youtube/v3/getting-started#quota">quota</a>.". Details: "[{'message': 'The request cannot be completed because you have exceeded your <a href="/youtube/v3/getting-started#quota">quota</a>.', 'domain': 'youtube.quota', 'reason': 'quotaExceeded'}]">
2026-05-13 10:47:02,830 - backend.services.youtube_service - ERROR - Failed to search video: <HttpError 403 when requesting https://youtube.googleapis.com/youtube/v3/search?part=snippet&q=Stargazing+Myles+Smith&type=video&maxResults=1&alt=json returned "The request cannot be completed because you have exceeded your <a href="/youtube/v3/getting-started#quota">quota</a>.". Details: "[{'message': 'The request cannot be completed because you have exceeded your <a href="/youtube/v3/getting-started#quota">quota</a>.', 'domain': 'youtube.quota', 'reason': 'quotaExceeded'}]">
2026-05-13 10:47:02,830 - backend.services.youtube_service - INFO - Searching YouTube for: Slow It Down Benson Boone
2026-05-13 10:47:03,444 - backend.services.youtube_service - ERROR - YouTube Data API daily quota or project cap exceeded — waiting will not fix this until quota resets (usually midnight Pacific) or you raise the quota in Google Cloud Console. <HttpError 403 when requesting https://youtube.googleapis.com/youtube/v3/search?part=snippet&q=Slow+It+Down+Benson+Boone&type=video&maxResults=1&alt=json returned "The request cannot be completed because you have exceeded your <a href="/youtube/v3/getting-started#quota">quota</a>.". Details: "[{'message': 'The request cannot be completed because you have exceeded your <a href="/youtube/v3/getting-started#quota">quota</a>.', 'domain': 'youtube.quota', 'reason': 'quotaExceeded'}]">
2026-05-13 10:47:03,444 - backend.services.youtube_service - ERROR - Failed to search video: <HttpError 403 when requesting https://youtube.googleapis.com/youtube/v3/search?part=snippet&q=Slow+It+Down+Benson+Boone&type=video&maxResults=1&alt=json returned "The request cannot be completed because you have exceeded your <a href="/youtube/v3/getting-started#quota">quota</a>.". Details: "[{'message': 'The request cannot be completed because you have exceeded your <a href="/youtube/v3/getting-started#quota">quota</a>.', 'domain': 'youtube.quota', 'reason': 'quotaExceeded'}]">
2026-05-13 10:47:03,445 - backend.services.youtube_service - INFO - Searching YouTube for: Lake Michigan Rogue Wave
2026-05-13 10:47:03,951 - backend.services.youtube_service - ERROR - YouTube Data API daily quota or project cap exceeded — waiting will not fix this until quota resets (usually midnight Pacific) or you raise the quota in Google Cloud Console. <HttpError 403 when requesting https://youtube.googleapis.com/youtube/v3/search?part=snippet&q=Lake+Michigan+Rogue+Wave&type=video&maxResults=1&alt=json returned "The request cannot be completed because you have exceeded your <a href="/youtube/v3/getting-started#quota">quota</a>.". Details: "[{'message': 'The request cannot be completed because you have exceeded your <a href="/youtube/v3/getting-started#quota">quota</a>.', 'domain': 'youtube.quota', 'reason': 'quotaExceeded'}]">
2026-05-13 10:47:03,952 - backend.services.youtube_service - ERROR - Failed to search video: <HttpError 403 when requesting https://youtube.googleapis.com/youtube/v3/search?part=snippet&q=Lake+Michigan+Rogue+Wave&type=video&maxResults=1&alt=json returned "The request cannot be completed because you have exceeded your <a href="/youtube/v3/getting-started#quota">quota</a>.". Details: "[{'message': 'The request cannot be completed because you have exceeded your <a href="/youtube/v3/getting-started#quota">quota</a>.', 'domain': 'youtube.quota', 'reason': 'quotaExceeded'}]">
2026-05-13 10:47:03,952 - backend.services.youtube_service - INFO - Searching YouTube for: Fast Car Jonas Blue
2026-05-13 10:47:04,552 - backend.services.youtube_service - ERROR - YouTube Data API daily quota or project cap exceeded — waiting will not fix this until quota resets (usually midnight Pacific) or you raise the quota in Google Cloud Console. <HttpError 403 when requesting https://youtube.googleapis.com/youtube/v3/search?part=snippet&q=Fast+Car+Jonas+Blue&type=video&maxResults=1&alt=json returned "The request cannot be completed because you have exceeded your <a href="/youtube/v3/getting-started#quota">quota</a>.". Details: "[{'message': 'The request cannot be completed because you have exceeded your <a href="/youtube/v3/getting-started#quota">quota</a>.', 'domain': 'youtube.quota', 'reason': 'quotaExceeded'}]">
2026-05-13 10:47:04,552 - backend.services.youtube_service - ERROR - Failed to search video: <HttpError 403 when requesting https://youtube.googleapis.com/youtube/v3/search?part=snippet&q=Fast+Car+Jonas+Blue&type=video&maxResults=1&alt=json returned "The request cannot be completed because you have exceeded your <a href="/youtube/v3/getting-started#quota">quota</a>.". Details: "[{'message': 'The request cannot be completed because you have exceeded your <a href="/youtube/v3/getting-started#quota">quota</a>.', 'domain': 'youtube.quota', 'reason': 'quotaExceeded'}]">
2026-05-13 10:47:04,552 - backend.services.youtube_service - INFO - Searching YouTube for: Burn Tom Walker
2026-05-13 10:47:05,055 - backend.services.youtube_service - ERROR - YouTube Data API daily quota or project cap exceeded — waiting will not fix this until quota resets (usually midnight Pacific) or you raise the quota in Google Cloud Console. <HttpError 403 when requesting https://youtube.googleapis.com/youtube/v3/search?part=snippet&q=Burn+Tom+Walker&type=video&maxResults=1&alt=json returned "The request cannot be completed because you have exceeded your <a href="/youtube/v3/getting-started#quota">quota</a>.". Details: "[{'message': 'The request cannot be completed because you have exceeded your <a href="/youtube/v3/getting-started#quota">quota</a>.', 'domain': 'youtube.quota', 'reason': 'quotaExceeded'}]">
2026-05-13 10:47:05,055 - backend.services.youtube_service - ERROR - Failed to search video: <HttpError 403 when requesting https://youtube.googleapis.com/youtube/v3/search?part=snippet&q=Burn+Tom+Walker&type=video&maxResults=1&alt=json returned "The request cannot be completed because you have exceeded your <a href="/youtube/v3/getting-started#quota">quota</a>.". Details: "[{'message': 'The request cannot be completed because you have exceeded your <a href="/youtube/v3/getting-started#quota">quota</a>.', 'domain': 'youtube.quota', 'reason': 'quotaExceeded'}]">
2026-05-13 10:47:05,056 - backend.services.youtube_service - INFO - Searching YouTube for: Head Underwater Tom Walker
2026-05-13 10:47:05,603 - backend.services.youtube_service - ERROR - YouTube Data API daily quota or project cap exceeded — waiting will not fix this until quota resets (usually midnight Pacific) or you raise the quota in Google Cloud Console. <HttpError 403 when requesting https://youtube.googleapis.com/youtube/v3/search?part=snippet&q=Head+Underwater+Tom+Walker&type=video&maxResults=1&alt=json returned "The request cannot be completed because you have exceeded your <a href="/youtube/v3/getting-started#quota">quota</a>.". Details: "[{'message': 'The request cannot be completed because you have exceeded your <a href="/youtube/v3/getting-started#quota">quota</a>.', 'domain': 'youtube.quota', 'reason': 'quotaExceeded'}]">
2026-05-13 10:47:05,603 - backend.services.youtube_service - ERROR - Failed to search video: <HttpError 403 when requesting https://youtube.googleapis.com/youtube/v3/search?part=snippet&q=Head+Underwater+Tom+Walker&type=video&maxResults=1&alt=json returned "The request cannot be completed because you have exceeded your <a href="/youtube/v3/getting-started#quota">quota</a>.". Details: "[{'message': 'The request cannot be completed because you have exceeded your <a href="/youtube/v3/getting-started#quota">quota</a>.', 'domain': 'youtube.quota', 'reason': 'quotaExceeded'}]">
2026-05-13 10:47:05,604 - backend.services.youtube_service - INFO - Searching YouTube for: How Do I Say Goodbye Dean Lewis
2026-05-13 10:47:06,157 - backend.services.youtube_service - ERROR - YouTube Data API daily quota or project cap exceeded — waiting will not fix this until quota resets (usually midnight Pacific) or you raise the quota in Google Cloud Console. <HttpError 403 when requesting https://youtube.googleapis.com/youtube/v3/search?part=snippet&q=How+Do+I+Say+Goodbye+Dean+Lewis&type=video&maxResults=1&alt=json returned "The request cannot be completed because you have exceeded your <a href="/youtube/v3/getting-started#quota">quota</a>.". Details: "[{'message': 'The request cannot be completed because you have exceeded your <a href="/youtube/v3/getting-started#quota">quota</a>.', 'domain': 'youtube.quota', 'reason': 'quotaExceeded'}]">
2026-05-13 10:47:06,157 - backend.services.youtube_service - ERROR - Failed to search video: <HttpError 403 when requesting https://youtube.googleapis.com/youtube/v3/search?part=snippet&q=How+Do+I+Say+Goodbye+Dean+Lewis&type=video&maxResults=1&alt=json returned "The request cannot be completed because you have exceeded your <a href="/youtube/v3/getting-started#quota">quota</a>.". Details: "[{'message': 'The request cannot be completed because you have exceeded your <a href="/youtube/v3/getting-started#quota">quota</a>.', 'domain': 'youtube.quota', 'reason': 'quotaExceeded'}]">
2026-05-13 10:47:06,157 - backend.services.youtube_service - INFO - Searching YouTube for: I Try Macy Gray
2026-05-13 10:47:06,732 - backend.services.youtube_service - ERROR - YouTube Data API daily quota or project cap exceeded — waiting will not fix this until quota resets (usually midnight Pacific) or you raise the quota in Google Cloud Console. <HttpError 403 when requesting https://youtube.googleapis.com/youtube/v3/search?part=snippet&q=I+Try+Macy+Gray&type=video&maxResults=1&alt=json returned "The request cannot be completed because you have exceeded your <a href="/youtube/v3/getting-started#quota">quota</a>.". Details: "[{'message': 'The request cannot be completed because you have exceeded your <a href="/youtube/v3/getting-started#quota">quota</a>.', 'domain': 'youtube.quota', 'reason': 'quotaExceeded'}]">
2026-05-13 10:47:06,732 - backend.services.youtube_service - ERROR - Failed to search video: <HttpError 403 when requesting https://youtube.googleapis.com/youtube/v3/search?part=snippet&q=I+Try+Macy+Gray&type=video&maxResults=1&alt=json returned "The request cannot be completed because you have exceeded your <a href="/youtube/v3/getting-started#quota">quota</a>.". Details: "[{'message': 'The request cannot be completed because you have exceeded your <a href="/youtube/v3/getting-started#quota">quota</a>.', 'domain': 'youtube.quota', 'reason': 'quotaExceeded'}]">
2026-05-13 10:47:06,732 - backend.services.youtube_service - INFO - Searching YouTube for: labour Paris Paloma
2026-05-13 10:47:07,347 - backend.services.youtube_service - ERROR - YouTube Data API daily quota or project cap exceeded — waiting will not fix this until quota resets (usually midnight Pacific) or you raise the quota in Google Cloud Console. <HttpError 403 when requesting https://youtube.googleapis.com/youtube/v3/search?part=snippet&q=labour+Paris+Paloma&type=video&maxResults=1&alt=json returned "The request cannot be completed because you have exceeded your <a href="/youtube/v3/getting-started#quota">quota</a>.". Details: "[{'message': 'The request cannot be completed because you have exceeded your <a href="/youtube/v3/getting-started#quota">quota</a>.', 'domain': 'youtube.quota', 'reason': 'quotaExceeded'}]">
2026-05-13 10:47:07,347 - backend.services.youtube_service - ERROR - Failed to search video: <HttpError 403 when requesting https://youtube.googleapis.com/youtube/v3/search?part=snippet&q=labour+Paris+Paloma&type=video&maxResults=1&alt=json returned "The request cannot be completed because you have exceeded your <a href="/youtube/v3/getting-started#quota">quota</a>.". Details: "[{'message': 'The request cannot be completed because you have exceeded your <a href="/youtube/v3/getting-started#quota">quota</a>.', 'domain': 'youtube.quota', 'reason': 'quotaExceeded'}]">
2026-05-13 10:47:07,347 - backend.services.youtube_service - INFO - Searching YouTube for: Never Forget You Noisettes
2026-05-13 10:47:07,815 - backend.services.youtube_service - ERROR - YouTube Data API daily quota or project cap exceeded — waiting will not fix this until quota resets (usually midnight Pacific) or you raise the quota in Google Cloud Console. <HttpError 403 when requesting https://youtube.googleapis.com/youtube/v3/search?part=snippet&q=Never+Forget+You+Noisettes&type=video&maxResults=1&alt=json returned "The request cannot be completed because you have exceeded your <a href="/youtube/v3/getting-started#quota">quota</a>.". Details: "[{'message': 'The request cannot be completed because you have exceeded your <a href="/youtube/v3/getting-started#quota">quota</a>.', 'domain': 'youtube.quota', 'reason': 'quotaExceeded'}]">
2026-05-13 10:47:07,815 - backend.services.youtube_service - ERROR - Failed to search video: <HttpError 403 when requesting https://youtube.googleapis.com/youtube/v3/search?part=snippet&q=Never+Forget+You+Noisettes&type=video&maxResults=1&alt=json returned "The request cannot be completed because you have exceeded your <a href="/youtube/v3/getting-started#quota">quota</a>.". Details: "[{'message': 'The request cannot be completed because you have exceeded your <a href="/youtube/v3/getting-started#quota">quota</a>.', 'domain': 'youtube.quota', 'reason': 'quotaExceeded'}]">
2026-05-13 10:47:07,815 - backend.services.youtube_service - INFO - Searching YouTube for: Just A Cloud Away Pharrell Williams
2026-05-13 10:47:08,367 - backend.services.youtube_service - ERROR - YouTube Data API daily quota or project cap exceeded — waiting will not fix this until quota resets (usually midnight Pacific) or you raise the quota in Google Cloud Console. <HttpError 403 when requesting https://youtube.googleapis.com/youtube/v3/search?part=snippet&q=Just+A+Cloud+Away+Pharrell+Williams&type=video&maxResults=1&alt=json returned "The request cannot be completed because you have exceeded your <a href="/youtube/v3/getting-started#quota">quota</a>.". Details: "[{'message': 'The request cannot be completed because you have exceeded your <a href="/youtube/v3/getting-started#quota">quota</a>.', 'domain': 'youtube.quota', 'reason': 'quotaExceeded'}]">
2026-05-13 10:47:08,367 - backend.services.youtube_service - ERROR - Failed to search video: <HttpError 403 when requesting https://youtube.googleapis.com/youtube/v3/search?part=snippet&q=Just+A+Cloud+Away+Pharrell+Williams&type=video&maxResults=1&alt=json returned "The request cannot be completed because you have exceeded your <a href="/youtube/v3/getting-started#quota">quota</a>.". Details: "[{'message': 'The request cannot be completed because you have exceeded your <a href="/youtube/v3/getting-started#quota">quota</a>.', 'domain': 'youtube.quota', 'reason': 'quotaExceeded'}]">
2026-05-13 10:47:08,368 - backend.services.youtube_service - INFO - Searching YouTube for: Booster Seat Spacey Jane
2026-05-13 10:47:08,924 - backend.services.youtube_service - ERROR - YouTube Data API daily quota or project cap exceeded — waiting will not fix this until quota resets (usually midnight Pacific) or you raise the quota in Google Cloud Console. <HttpError 403 when requesting https://youtube.googleapis.com/youtube/v3/search?part=snippet&q=Booster+Seat+Spacey+Jane&type=video&maxResults=1&alt=json returned "The request cannot be completed because you have exceeded your <a href="/youtube/v3/getting-started#quota">quota</a>.". Details: "[{'message': 'The request cannot be completed because you have exceeded your <a href="/youtube/v3/getting-started#quota">quota</a>.', 'domain': 'youtube.quota', 'reason': 'quotaExceeded'}]">
2026-05-13 10:47:08,924 - backend.services.youtube_service - ERROR - Failed to search video: <HttpError 403 when requesting https://youtube.googleapis.com/youtube/v3/search?part=snippet&q=Booster+Seat+Spacey+Jane&type=video&maxResults=1&alt=json returned "The request cannot be completed because you have exceeded your <a href="/youtube/v3/getting-started#quota">quota</a>.". Details: "[{'message': 'The request cannot be completed because you have exceeded your <a href="/youtube/v3/getting-started#quota">quota</a>.', 'domain': 'youtube.quota', 'reason': 'quotaExceeded'}]">
2026-05-13 10:47:08,924 - backend.services.youtube_service - INFO - Searching YouTube for: Shotgun George Ezra
2026-05-13 10:47:09,550 - backend.services.youtube_service - ERROR - YouTube Data API daily quota or project cap exceeded — waiting will not fix this until quota resets (usually midnight Pacific) or you raise the quota in Google Cloud Console. <HttpError 403 when requesting https://youtube.googleapis.com/youtube/v3/search?part=snippet&q=Shotgun+George+Ezra&type=video&maxResults=1&alt=json returned "The request cannot be completed because you have exceeded your <a href="/youtube/v3/getting-started#quota">quota</a>.". Details: "[{'message': 'The request cannot be completed because you have exceeded your <a href="/youtube/v3/getting-started#quota">quota</a>.', 'domain': 'youtube.quota', 'reason': 'quotaExceeded'}]">
2026-05-13 10:47:09,550 - backend.services.youtube_service - ERROR - Failed to search video: <HttpError 403 when requesting https://youtube.googleapis.com/youtube/v3/search?part=snippet&q=Shotgun+George+Ezra&type=video&maxResults=1&alt=json returned "The request cannot be completed because you have exceeded your <a href="/youtube/v3/getting-started#quota">quota</a>.". Details: "[{'message': 'The request cannot be completed because you have exceeded your <a href="/youtube/v3/getting-started#quota">quota</a>.', 'domain': 'youtube.quota', 'reason': 'quotaExceeded'}]">
2026-05-13 10:47:09,551 - backend.services.youtube_service - INFO - Searching YouTube for: So Good B.o.B
2026-05-13 10:47:10,035 - backend.services.youtube_service - ERROR - YouTube Data API daily quota or project cap exceeded — waiting will not fix this until quota resets (usually midnight Pacific) or you raise the quota in Google Cloud Console. <HttpError 403 when requesting https://youtube.googleapis.com/youtube/v3/search?part=snippet&q=So+Good+B.o.B&type=video&maxResults=1&alt=json returned "The request cannot be completed because you have exceeded your <a href="/youtube/v3/getting-started#quota">quota</a>.". Details: "[{'message': 'The request cannot be completed because you have exceeded your <a href="/youtube/v3/getting-started#quota">quota</a>.', 'domain': 'youtube.quota', 'reason': 'quotaExceeded'}]">
2026-05-13 10:47:10,035 - backend.services.youtube_service - ERROR - Failed to search video: <HttpError 403 when requesting https://youtube.googleapis.com/youtube/v3/search?part=snippet&q=So+Good+B.o.B&type=video&maxResults=1&alt=json returned "The request cannot be completed because you have exceeded your <a href="/youtube/v3/getting-started#quota">quota</a>.". Details: "[{'message': 'The request cannot be completed because you have exceeded your <a href="/youtube/v3/getting-started#quota">quota</a>.', 'domain': 'youtube.quota', 'reason': 'quotaExceeded'}]">
2026-05-13 10:47:10,036 - backend.services.youtube_service - INFO - Searching YouTube for: Pumped Up Kicks Foster The People
2026-05-13 10:47:10,593 - backend.services.youtube_service - ERROR - YouTube Data API daily quota or project cap exceeded — waiting will not fix this until quota resets (usually midnight Pacific) or you raise the quota in Google Cloud Console. <HttpError 403 when requesting https://youtube.googleapis.com/youtube/v3/search?part=snippet&q=Pumped+Up+Kicks+Foster+The+People&type=video&maxResults=1&alt=json returned "The request cannot be completed because you have exceeded your <a href="/youtube/v3/getting-started#quota">quota</a>.". Details: "[{'message': 'The request cannot be completed because you have exceeded your <a href="/youtube/v3/getting-started#quota">quota</a>.', 'domain': 'youtube.quota', 'reason': 'quotaExceeded'}]">
2026-05-13 10:47:10,593 - backend.services.youtube_service - ERROR - Failed to search video: <HttpError 403 when requesting https://youtube.googleapis.com/youtube/v3/search?part=snippet&q=Pumped+Up+Kicks+Foster+The+People&type=video&maxResults=1&alt=json returned "The request cannot be completed because you have exceeded your <a href="/youtube/v3/getting-started#quota">quota</a>.". Details: "[{'message': 'The request cannot be completed because you have exceeded your <a href="/youtube/v3/getting-started#quota">quota</a>.', 'domain': 'youtube.quota', 'reason': 'quotaExceeded'}]">
2026-05-13 10:47:10,593 - backend.services.youtube_service - INFO - Searching YouTube for: Found What I've Been Looking For Tom Grennan
2026-05-13 10:47:11,138 - backend.services.youtube_service - ERROR - YouTube Data API daily quota or project cap exceeded — waiting will not fix this until quota resets (usually midnight Pacific) or you raise the quota in Google Cloud Console. <HttpError 403 when requesting https://youtube.googleapis.com/youtube/v3/search?part=snippet&q=Found+What+I%27ve+Been+Looking+For+Tom+Grennan&type=video&maxResults=1&alt=json returned "The request cannot be completed because you have exceeded your <a href="/youtube/v3/getting-started#quota">quota</a>.". Details: "[{'message': 'The request cannot be completed because you have exceeded your <a href="/youtube/v3/getting-started#quota">quota</a>.', 'domain': 'youtube.quota', 'reason': 'quotaExceeded'}]">
2026-05-13 10:47:11,138 - backend.services.youtube_service - ERROR - Failed to search video: <HttpError 403 when requesting https://youtube.googleapis.com/youtube/v3/search?part=snippet&q=Found+What+I%27ve+Been+Looking+For+Tom+Grennan&type=video&maxResults=1&alt=json returned "The request cannot be completed because you have exceeded your <a href="/youtube/v3/getting-started#quota">quota</a>.". Details: "[{'message': 'The request cannot be completed because you have exceeded your <a href="/youtube/v3/getting-started#quota">quota</a>.', 'domain': 'youtube.quota', 'reason': 'quotaExceeded'}]">
2026-05-13 10:47:11,138 - backend.services.youtube_service - INFO - Searching YouTube for: Trouble Cage The Elephant
2026-05-13 10:47:11,698 - backend.services.youtube_service - ERROR - YouTube Data API daily quota or project cap exceeded — waiting will not fix this until quota resets (usually midnight Pacific) or you raise the quota in Google Cloud Console. <HttpError 403 when requesting https://youtube.googleapis.com/youtube/v3/search?part=snippet&q=Trouble+Cage+The+Elephant&type=video&maxResults=1&alt=json returned "The request cannot be completed because you have exceeded your <a href="/youtube/v3/getting-started#quota">quota</a>.". Details: "[{'message': 'The request cannot be completed because you have exceeded your <a href="/youtube/v3/getting-started#quota">quota</a>.', 'domain': 'youtube.quota', 'reason': 'quotaExceeded'}]">
2026-05-13 10:47:11,698 - backend.services.youtube_service - ERROR - Failed to search video: <HttpError 403 when requesting https://youtube.googleapis.com/youtube/v3/search?part=snippet&q=Trouble+Cage+The+Elephant&type=video&maxResults=1&alt=json returned "The request cannot be completed because you have exceeded your <a href="/youtube/v3/getting-started#quota">quota</a>.". Details: "[{'message': 'The request cannot be completed because you have exceeded your <a href="/youtube/v3/getting-started#quota">quota</a>.', 'domain': 'youtube.quota', 'reason': 'quotaExceeded'}]">
2026-05-13 10:47:11,698 - backend.services.youtube_service - INFO - Searching YouTube for: Put Your Records On Ritt Momney
2026-05-13 10:47:12,249 - backend.services.youtube_service - ERROR - YouTube Data API daily quota or project cap exceeded — waiting will not fix this until quota resets (usually midnight Pacific) or you raise the quota in Google Cloud Console. <HttpError 403 when requesting https://youtube.googleapis.com/youtube/v3/search?part=snippet&q=Put+Your+Records+On+Ritt+Momney&type=video&maxResults=1&alt=json returned "The request cannot be completed because you have exceeded your <a href="/youtube/v3/getting-started#quota">quota</a>.". Details: "[{'message': 'The request cannot be completed because you have exceeded your <a href="/youtube/v3/getting-started#quota">quota</a>.', 'domain': 'youtube.quota', 'reason': 'quotaExceeded'}]">
2026-05-13 10:47:12,249 - backend.services.youtube_service - ERROR - Failed to search video: <HttpError 403 when requesting https://youtube.googleapis.com/youtube/v3/search?part=snippet&q=Put+Your+Records+On+Ritt+Momney&type=video&maxResults=1&alt=json returned "The request cannot be completed because you have exceeded your <a href="/youtube/v3/getting-started#quota">quota</a>.". Details: "[{'message': 'The request cannot be completed because you have exceeded your <a href="/youtube/v3/getting-started#quota">quota</a>.', 'domain': 'youtube.quota', 'reason': 'quotaExceeded'}]">
2026-05-13 10:47:12,250 - backend.services.youtube_service - INFO - Searching YouTube for: My Number Foals
2026-05-13 10:47:12,802 - backend.services.youtube_service - ERROR - YouTube Data API daily quota or project cap exceeded — waiting will not fix this until quota resets (usually midnight Pacific) or you raise the quota in Google Cloud Console. <HttpError 403 when requesting https://youtube.googleapis.com/youtube/v3/search?part=snippet&q=My+Number+Foals&type=video&maxResults=1&alt=json returned "The request cannot be completed because you have exceeded your <a href="/youtube/v3/getting-started#quota">quota</a>.". Details: "[{'message': 'The request cannot be completed because you have exceeded your <a href="/youtube/v3/getting-started#quota">quota</a>.', 'domain': 'youtube.quota', 'reason': 'quotaExceeded'}]">
2026-05-13 10:47:12,803 - backend.services.youtube_service - ERROR - Failed to search video: <HttpError 403 when requesting https://youtube.googleapis.com/youtube/v3/search?part=snippet&q=My+Number+Foals&type=video&maxResults=1&alt=json returned "The request cannot be completed because you have exceeded your <a href="/youtube/v3/getting-started#quota">quota</a>.". Details: "[{'message': 'The request cannot be completed because you have exceeded your <a href="/youtube/v3/getting-started#quota">quota</a>.', 'domain': 'youtube.quota', 'reason': 'quotaExceeded'}]">
2026-05-13 10:47:12,803 - backend.services.youtube_service - INFO - Searching YouTube for: Run Away to Mars TALK
2026-05-13 10:47:13,413 - backend.services.youtube_service - ERROR - YouTube Data API daily quota or project cap exceeded — waiting will not fix this until quota resets (usually midnight Pacific) or you raise the quota in Google Cloud Console. <HttpError 403 when requesting https://youtube.googleapis.com/youtube/v3/search?part=snippet&q=Run+Away+to+Mars+TALK&type=video&maxResults=1&alt=json returned "The request cannot be completed because you have exceeded your <a href="/youtube/v3/getting-started#quota">quota</a>.". Details: "[{'message': 'The request cannot be completed because you have exceeded your <a href="/youtube/v3/getting-started#quota">quota</a>.', 'domain': 'youtube.quota', 'reason': 'quotaExceeded'}]">
2026-05-13 10:47:13,413 - backend.services.youtube_service - ERROR - Failed to search video: <HttpError 403 when requesting https://youtube.googleapis.com/youtube/v3/search?part=snippet&q=Run+Away+to+Mars+TALK&type=video&maxResults=1&alt=json returned "The request cannot be completed because you have exceeded your <a href="/youtube/v3/getting-started#quota">quota</a>.". Details: "[{'message': 'The request cannot be completed because you have exceeded your <a href="/youtube/v3/getting-started#quota">quota</a>.', 'domain': 'youtube.quota', 'reason': 'quotaExceeded'}]">
2026-05-13 10:47:13,413 - backend.services.youtube_service - INFO - Searching YouTube for: Tripping Over Air Aidan Bissett
2026-05-13 10:47:13,915 - backend.services.youtube_service - ERROR - YouTube Data API daily quota or project cap exceeded — waiting will not fix this until quota resets (usually midnight Pacific) or you raise the quota in Google Cloud Console. <HttpError 403 when requesting https://youtube.googleapis.com/youtube/v3/search?part=snippet&q=Tripping+Over+Air+Aidan+Bissett&type=video&maxResults=1&alt=json returned "The request cannot be completed because you have exceeded your <a href="/youtube/v3/getting-started#quota">quota</a>.". Details: "[{'message': 'The request cannot be completed because you have exceeded your <a href="/youtube/v3/getting-started#quota">quota</a>.', 'domain': 'youtube.quota', 'reason': 'quotaExceeded'}]">
2026-05-13 10:47:13,915 - backend.services.youtube_service - ERROR - Failed to search video: <HttpError 403 when requesting https://youtube.googleapis.com/youtube/v3/search?part=snippet&q=Tripping+Over+Air+Aidan+Bissett&type=video&maxResults=1&alt=json returned "The request cannot be completed because you have exceeded your <a href="/youtube/v3/getting-started#quota">quota</a>.". Details: "[{'message': 'The request cannot be completed because you have exceeded your <a href="/youtube/v3/getting-started#quota">quota</a>.', 'domain': 'youtube.quota', 'reason': 'quotaExceeded'}]">
2026-05-13 10:47:13,915 - backend.services.youtube_service - INFO - Searching YouTube for: Lil Boo Thang Paul Russell
2026-05-13 10:47:14,476 - backend.services.youtube_service - ERROR - YouTube Data API daily quota or project cap exceeded — waiting will not fix this until quota resets (usually midnight Pacific) or you raise the quota in Google Cloud Console. <HttpError 403 when requesting https://youtube.googleapis.com/youtube/v3/search?part=snippet&q=Lil+Boo+Thang+Paul+Russell&type=video&maxResults=1&alt=json returned "The request cannot be completed because you have exceeded your <a href="/youtube/v3/getting-started#quota">quota</a>.". Details: "[{'message': 'The request cannot be completed because you have exceeded your <a href="/youtube/v3/getting-started#quota">quota</a>.', 'domain': 'youtube.quota', 'reason': 'quotaExceeded'}]">
2026-05-13 10:47:14,476 - backend.services.youtube_service - ERROR - Failed to search video: <HttpError 403 when requesting https://youtube.googleapis.com/youtube/v3/search?part=snippet&q=Lil+Boo+Thang+Paul+Russell&type=video&maxResults=1&alt=json returned "The request cannot be completed because you have exceeded your <a href="/youtube/v3/getting-started#quota">quota</a>.". Details: "[{'message': 'The request cannot be completed because you have exceeded your <a href="/youtube/v3/getting-started#quota">quota</a>.', 'domain': 'youtube.quota', 'reason': 'quotaExceeded'}]">
2026-05-13 10:47:14,476 - backend.services.youtube_service - INFO - Searching YouTube for: Dial Drunk (with Post Malone) Noah Kahan
2026-05-13 10:47:15,069 - backend.services.youtube_service - ERROR - YouTube Data API daily quota or project cap exceeded — waiting will not fix this until quota resets (usually midnight Pacific) or you raise the quota in Google Cloud Console. <HttpError 403 when requesting https://youtube.googleapis.com/youtube/v3/search?part=snippet&q=Dial+Drunk+%28with+Post+Malone%29+Noah+Kahan&type=video&maxResults=1&alt=json returned "The request cannot be completed because you have exceeded your <a href="/youtube/v3/getting-started#quota">quota</a>.". Details: "[{'message': 'The request cannot be completed because you have exceeded your <a href="/youtube/v3/getting-started#quota">quota</a>.', 'domain': 'youtube.quota', 'reason': 'quotaExceeded'}]">
2026-05-13 10:47:15,069 - backend.services.youtube_service - ERROR - Failed to search video: <HttpError 403 when requesting https://youtube.googleapis.com/youtube/v3/search?part=snippet&q=Dial+Drunk+%28with+Post+Malone%29+Noah+Kahan&type=video&maxResults=1&alt=json returned "The request cannot be completed because you have exceeded your <a href="/youtube/v3/getting-started#quota">quota</a>.". Details: "[{'message': 'The request cannot be completed because you have exceeded your <a href="/youtube/v3/getting-started#quota">quota</a>.', 'domain': 'youtube.quota', 'reason': 'quotaExceeded'}]">
2026-05-13 10:47:15,070 - backend.services.youtube_service - INFO - Searching YouTube for: Right Now Confetti
2026-05-13 10:47:15,575 - backend.services.youtube_service - ERROR - YouTube Data API daily quota or project cap exceeded — waiting will not fix this until quota resets (usually midnight Pacific) or you raise the quota in Google Cloud Console. <HttpError 403 when requesting https://youtube.googleapis.com/youtube/v3/search?part=snippet&q=Right+Now+Confetti&type=video&maxResults=1&alt=json returned "The request cannot be completed because you have exceeded your <a href="/youtube/v3/getting-started#quota">quota</a>.". Details: "[{'message': 'The request cannot be completed because you have exceeded your <a href="/youtube/v3/getting-started#quota">quota</a>.', 'domain': 'youtube.quota', 'reason': 'quotaExceeded'}]">
2026-05-13 10:47:15,576 - backend.services.youtube_service - ERROR - Failed to search video: <HttpError 403 when requesting https://youtube.googleapis.com/youtube/v3/search?part=snippet&q=Right+Now+Confetti&type=video&maxResults=1&alt=json returned "The request cannot be completed because you have exceeded your <a href="/youtube/v3/getting-started#quota">quota</a>.". Details: "[{'message': 'The request cannot be completed because you have exceeded your <a href="/youtube/v3/getting-started#quota">quota</a>.', 'domain': 'youtube.quota', 'reason': 'quotaExceeded'}]">
2026-05-13 10:47:15,576 - backend.services.youtube_service - INFO - Searching YouTube for: Spectrum (Say My Name) - Calvin Harris Remix Florence + The Machine
2026-05-13 10:47:16,179 - backend.services.youtube_service - ERROR - YouTube Data API daily quota or project cap exceeded — waiting will not fix this until quota resets (usually midnight Pacific) or you raise the quota in Google Cloud Console. <HttpError 403 when requesting https://youtube.googleapis.com/youtube/v3/search?part=snippet&q=Spectrum+%28Say+My+Name%29+-+Calvin+Harris+Remix+Florence+%2B+The+Machine&type=video&maxResults=1&alt=json returned "The request cannot be completed because you have exceeded your <a href="/youtube/v3/getting-started#quota">quota</a>.". Details: "[{'message': 'The request cannot be completed because you have exceeded your <a href="/youtube/v3/getting-started#quota">quota</a>.', 'domain': 'youtube.quota', 'reason': 'quotaExceeded'}]">
2026-05-13 10:47:16,179 - backend.services.youtube_service - ERROR - Failed to search video: <HttpError 403 when requesting https://youtube.googleapis.com/youtube/v3/search?part=snippet&q=Spectrum+%28Say+My+Name%29+-+Calvin+Harris+Remix+Florence+%2B+The+Machine&type=video&maxResults=1&alt=json returned "The request cannot be completed because you have exceeded your <a href="/youtube/v3/getting-started#quota">quota</a>.". Details: "[{'message': 'The request cannot be completed because you have exceeded your <a href="/youtube/v3/getting-started#quota">quota</a>.', 'domain': 'youtube.quota', 'reason': 'quotaExceeded'}]">
2026-05-13 10:47:16,180 - backend.services.youtube_service - INFO - Searching YouTube for: Know Your Worth Khalid
2026-05-13 10:47:16,689 - backend.services.youtube_service - ERROR - YouTube Data API daily quota or project cap exceeded — waiting will not fix this until quota resets (usually midnight Pacific) or you raise the quota in Google Cloud Console. <HttpError 403 when requesting https://youtube.googleapis.com/youtube/v3/search?part=snippet&q=Know+Your+Worth+Khalid&type=video&maxResults=1&alt=json returned "The request cannot be completed because you have exceeded your <a href="/youtube/v3/getting-started#quota">quota</a>.". Details: "[{'message': 'The request cannot be completed because you have exceeded your <a href="/youtube/v3/getting-started#quota">quota</a>.', 'domain': 'youtube.quota', 'reason': 'quotaExceeded'}]">
2026-05-13 10:47:16,689 - backend.services.youtube_service - ERROR - Failed to search video: <HttpError 403 when requesting https://youtube.googleapis.com/youtube/v3/search?part=snippet&q=Know+Your+Worth+Khalid&type=video&maxResults=1&alt=json returned "The request cannot be completed because you have exceeded your <a href="/youtube/v3/getting-started#quota">quota</a>.". Details: "[{'message': 'The request cannot be completed because you have exceeded your <a href="/youtube/v3/getting-started#quota">quota</a>.', 'domain': 'youtube.quota', 'reason': 'quotaExceeded'}]">
2026-05-13 10:47:16,690 - backend.services.youtube_service - INFO - Searching YouTube for: Left Hand Free alt-J
2026-05-13 10:47:17,240 - backend.services.youtube_service - ERROR - YouTube Data API daily quota or project cap exceeded — waiting will not fix this until quota resets (usually midnight Pacific) or you raise the quota in Google Cloud Console. <HttpError 403 when requesting https://youtube.googleapis.com/youtube/v3/search?part=snippet&q=Left+Hand+Free+alt-J&type=video&maxResults=1&alt=json returned "The request cannot be completed because you have exceeded your <a href="/youtube/v3/getting-started#quota">quota</a>.". Details: "[{'message': 'The request cannot be completed because you have exceeded your <a href="/youtube/v3/getting-started#quota">quota</a>.', 'domain': 'youtube.quota', 'reason': 'quotaExceeded'}]">
2026-05-13 10:47:17,241 - backend.services.youtube_service - ERROR - Failed to search video: <HttpError 403 when requesting https://youtube.googleapis.com/youtube/v3/search?part=snippet&q=Left+Hand+Free+alt-J&type=video&maxResults=1&alt=json returned "The request cannot be completed because you have exceeded your <a href="/youtube/v3/getting-started#quota">quota</a>.". Details: "[{'message': 'The request cannot be completed because you have exceeded your <a href="/youtube/v3/getting-started#quota">quota</a>.', 'domain': 'youtube.quota', 'reason': 'quotaExceeded'}]">
2026-05-13 10:47:17,241 - backend.services.youtube_service - INFO - Searching YouTube for: A Moment Apart ODESZA
2026-05-13 10:47:17,812 - backend.services.youtube_service - ERROR - YouTube Data API daily quota or project cap exceeded — waiting will not fix this until quota resets (usually midnight Pacific) or you raise the quota in Google Cloud Console. <HttpError 403 when requesting https://youtube.googleapis.com/youtube/v3/search?part=snippet&q=A+Moment+Apart+ODESZA&type=video&maxResults=1&alt=json returned "The request cannot be completed because you have exceeded your <a href="/youtube/v3/getting-started#quota">quota</a>.". Details: "[{'message': 'The request cannot be completed because you have exceeded your <a href="/youtube/v3/getting-started#quota">quota</a>.', 'domain': 'youtube.quota', 'reason': 'quotaExceeded'}]">
2026-05-13 10:47:17,812 - backend.services.youtube_service - ERROR - Failed to search video: <HttpError 403 when requesting https://youtube.googleapis.com/youtube/v3/search?part=snippet&q=A+Moment+Apart+ODESZA&type=video&maxResults=1&alt=json returned "The request cannot be completed because you have exceeded your <a href="/youtube/v3/getting-started#quota">quota</a>.". Details: "[{'message': 'The request cannot be completed because you have exceeded your <a href="/youtube/v3/getting-started#quota">quota</a>.', 'domain': 'youtube.quota', 'reason': 'quotaExceeded'}]">
2026-05-13 10:47:17,813 - backend.services.youtube_service - INFO - Searching YouTube for: Cocoon Milky Chance
2026-05-13 10:47:18,345 - backend.services.youtube_service - ERROR - YouTube Data API daily quota or project cap exceeded — waiting will not fix this until quota resets (usually midnight Pacific) or you raise the quota in Google Cloud Console. <HttpError 403 when requesting https://youtube.googleapis.com/youtube/v3/search?part=snippet&q=Cocoon+Milky+Chance&type=video&maxResults=1&alt=json returned "The request cannot be completed because you have exceeded your <a href="/youtube/v3/getting-started#quota">quota</a>.". Details: "[{'message': 'The request cannot be completed because you have exceeded your <a href="/youtube/v3/getting-started#quota">quota</a>.', 'domain': 'youtube.quota', 'reason': 'quotaExceeded'}]">
2026-05-13 10:47:18,346 - backend.services.youtube_service - ERROR - Failed to search video: <HttpError 403 when requesting https://youtube.googleapis.com/youtube/v3/search?part=snippet&q=Cocoon+Milky+Chance&type=video&maxResults=1&alt=json returned "The request cannot be completed because you have exceeded your <a href="/youtube/v3/getting-started#quota">quota</a>.". Details: "[{'message': 'The request cannot be completed because you have exceeded your <a href="/youtube/v3/getting-started#quota">quota</a>.', 'domain': 'youtube.quota', 'reason': 'quotaExceeded'}]">
2026-05-13 10:47:18,346 - backend.services.youtube_service - INFO - Searching YouTube for: Living In A Haze Milky Chance
2026-05-13 10:47:18,903 - backend.services.youtube_service - ERROR - YouTube Data API daily quota or project cap exceeded — waiting will not fix this until quota resets (usually midnight Pacific) or you raise the quota in Google Cloud Console. <HttpError 403 when requesting https://youtube.googleapis.com/youtube/v3/search?part=snippet&q=Living+In+A+Haze+Milky+Chance&type=video&maxResults=1&alt=json returned "The request cannot be completed because you have exceeded your <a href="/youtube/v3/getting-started#quota">quota</a>.". Details: "[{'message': 'The request cannot be completed because you have exceeded your <a href="/youtube/v3/getting-started#quota">quota</a>.', 'domain': 'youtube.quota', 'reason': 'quotaExceeded'}]">
2026-05-13 10:47:18,904 - backend.services.youtube_service - ERROR - Failed to search video: <HttpError 403 when requesting https://youtube.googleapis.com/youtube/v3/search?part=snippet&q=Living+In+A+Haze+Milky+Chance&type=video&maxResults=1&alt=json returned "The request cannot be completed because you have exceeded your <a href="/youtube/v3/getting-started#quota">quota</a>.". Details: "[{'message': 'The request cannot be completed because you have exceeded your <a href="/youtube/v3/getting-started#quota">quota</a>.', 'domain': 'youtube.quota', 'reason': 'quotaExceeded'}]">
2026-05-13 10:47:18,904 - backend.services.youtube_service - INFO - Searching YouTube for: Comfortable Victor Ray
2026-05-13 10:47:19,458 - backend.services.youtube_service - ERROR - YouTube Data API daily quota or project cap exceeded — waiting will not fix this until quota resets (usually midnight Pacific) or you raise the quota in Google Cloud Console. <HttpError 403 when requesting https://youtube.googleapis.com/youtube/v3/search?part=snippet&q=Comfortable+Victor+Ray&type=video&maxResults=1&alt=json returned "The request cannot be completed because you have exceeded your <a href="/youtube/v3/getting-started#quota">quota</a>.". Details: "[{'message': 'The request cannot be completed because you have exceeded your <a href="/youtube/v3/getting-started#quota">quota</a>.', 'domain': 'youtube.quota', 'reason': 'quotaExceeded'}]">
2026-05-13 10:47:19,459 - backend.services.youtube_service - ERROR - Failed to search video: <HttpError 403 when requesting https://youtube.googleapis.com/youtube/v3/search?part=snippet&q=Comfortable+Victor+Ray&type=video&maxResults=1&alt=json returned "The request cannot be completed because you have exceeded your <a href="/youtube/v3/getting-started#quota">quota</a>.". Details: "[{'message': 'The request cannot be completed because you have exceeded your <a href="/youtube/v3/getting-started#quota">quota</a>.', 'domain': 'youtube.quota', 'reason': 'quotaExceeded'}]">
2026-05-13 10:47:19,459 - backend.services.youtube_service - INFO - Searching YouTube for: Sweater Weather The Neighbourhood
2026-05-13 10:47:20,005 - backend.services.youtube_service - ERROR - YouTube Data API daily quota or project cap exceeded — waiting will not fix this until quota resets (usually midnight Pacific) or you raise the quota in Google Cloud Console. <HttpError 403 when requesting https://youtube.googleapis.com/youtube/v3/search?part=snippet&q=Sweater+Weather+The+Neighbourhood&type=video&maxResults=1&alt=json returned "The request cannot be completed because you have exceeded your <a href="/youtube/v3/getting-started#quota">quota</a>.". Details: "[{'message': 'The request cannot be completed because you have exceeded your <a href="/youtube/v3/getting-started#quota">quota</a>.', 'domain': 'youtube.quota', 'reason': 'quotaExceeded'}]">
2026-05-13 10:47:20,006 - backend.services.youtube_service - ERROR - Failed to search video: <HttpError 403 when requesting https://youtube.googleapis.com/youtube/v3/search?part=snippet&q=Sweater+Weather+The+Neighbourhood&type=video&maxResults=1&alt=json returned "The request cannot be completed because you have exceeded your <a href="/youtube/v3/getting-started#quota">quota</a>.". Details: "[{'message': 'The request cannot be completed because you have exceeded your <a href="/youtube/v3/getting-started#quota">quota</a>.', 'domain': 'youtube.quota', 'reason': 'quotaExceeded'}]">
2026-05-13 10:47:20,006 - backend.services.youtube_service - INFO - Searching YouTube for: Dummy Portugal. The Man
2026-05-13 10:47:20,565 - backend.services.youtube_service - ERROR - YouTube Data API daily quota or project cap exceeded — waiting will not fix this until quota resets (usually midnight Pacific) or you raise the quota in Google Cloud Console. <HttpError 403 when requesting https://youtube.googleapis.com/youtube/v3/search?part=snippet&q=Dummy+Portugal.+The+Man&type=video&maxResults=1&alt=json returned "The request cannot be completed because you have exceeded your <a href="/youtube/v3/getting-started#quota">quota</a>.". Details: "[{'message': 'The request cannot be completed because you have exceeded your <a href="/youtube/v3/getting-started#quota">quota</a>.', 'domain': 'youtube.quota', 'reason': 'quotaExceeded'}]">
2026-05-13 10:47:20,565 - backend.services.youtube_service - ERROR - Failed to search video: <HttpError 403 when requesting https://youtube.googleapis.com/youtube/v3/search?part=snippet&q=Dummy+Portugal.+The+Man&type=video&maxResults=1&alt=json returned "The request cannot be completed because you have exceeded your <a href="/youtube/v3/getting-started#quota">quota</a>.". Details: "[{'message': 'The request cannot be completed because you have exceeded your <a href="/youtube/v3/getting-started#quota">quota</a>.', 'domain': 'youtube.quota', 'reason': 'quotaExceeded'}]">
2026-05-13 10:47:20,566 - backend.services.youtube_service - INFO - Searching YouTube for: 3 Nights Dominic Fike
2026-05-13 10:47:21,114 - backend.services.youtube_service - ERROR - YouTube Data API daily quota or project cap exceeded — waiting will not fix this until quota resets (usually midnight Pacific) or you raise the quota in Google Cloud Console. <HttpError 403 when requesting https://youtube.googleapis.com/youtube/v3/search?part=snippet&q=3+Nights+Dominic+Fike&type=video&maxResults=1&alt=json returned "The request cannot be completed because you have exceeded your <a href="/youtube/v3/getting-started#quota">quota</a>.". Details: "[{'message': 'The request cannot be completed because you have exceeded your <a href="/youtube/v3/getting-started#quota">quota</a>.', 'domain': 'youtube.quota', 'reason': 'quotaExceeded'}]">
2026-05-13 10:47:21,115 - backend.services.youtube_service - ERROR - Failed to search video: <HttpError 403 when requesting https://youtube.googleapis.com/youtube/v3/search?part=snippet&q=3+Nights+Dominic+Fike&type=video&maxResults=1&alt=json returned "The request cannot be completed because you have exceeded your <a href="/youtube/v3/getting-started#quota">quota</a>.". Details: "[{'message': 'The request cannot be completed because you have exceeded your <a href="/youtube/v3/getting-started#quota">quota</a>.', 'domain': 'youtube.quota', 'reason': 'quotaExceeded'}]">
2026-05-13 10:47:21,115 - backend.services.youtube_service - INFO - Searching YouTube for: Can You Hear The Music Ludwig Göransson
2026-05-13 10:47:21,677 - backend.services.youtube_service - ERROR - YouTube Data API daily quota or project cap exceeded — waiting will not fix this until quota resets (usually midnight Pacific) or you raise the quota in Google Cloud Console. <HttpError 403 when requesting https://youtube.googleapis.com/youtube/v3/search?part=snippet&q=Can+You+Hear+The+Music+Ludwig+G%C3%B6ransson&type=video&maxResults=1&alt=json returned "The request cannot be completed because you have exceeded your <a href="/youtube/v3/getting-started#quota">quota</a>.". Details: "[{'message': 'The request cannot be completed because you have exceeded your <a href="/youtube/v3/getting-started#quota">quota</a>.', 'domain': 'youtube.quota', 'reason': 'quotaExceeded'}]">
2026-05-13 10:47:21,678 - backend.services.youtube_service - ERROR - Failed to search video: <HttpError 403 when requesting https://youtube.googleapis.com/youtube/v3/search?part=snippet&q=Can+You+Hear+The+Music+Ludwig+G%C3%B6ransson&type=video&maxResults=1&alt=json returned "The request cannot be completed because you have exceeded your <a href="/youtube/v3/getting-started#quota">quota</a>.". Details: "[{'message': 'The request cannot be completed because you have exceeded your <a href="/youtube/v3/getting-started#quota">quota</a>.', 'domain': 'youtube.quota', 'reason': 'quotaExceeded'}]">
2026-05-13 10:47:21,678 - backend.services.youtube_service - INFO - Searching YouTube for: Realest (with Eminem) Ez Mil
2026-05-13 10:47:22,225 - backend.services.youtube_service - ERROR - YouTube Data API daily quota or project cap exceeded — waiting will not fix this until quota resets (usually midnight Pacific) or you raise the quota in Google Cloud Console. <HttpError 403 when requesting https://youtube.googleapis.com/youtube/v3/search?part=snippet&q=Realest+%28with+Eminem%29+Ez+Mil&type=video&maxResults=1&alt=json returned "The request cannot be completed because you have exceeded your <a href="/youtube/v3/getting-started#quota">quota</a>.". Details: "[{'message': 'The request cannot be completed because you have exceeded your <a href="/youtube/v3/getting-started#quota">quota</a>.', 'domain': 'youtube.quota', 'reason': 'quotaExceeded'}]">
2026-05-13 10:47:22,226 - backend.services.youtube_service - ERROR - Failed to search video: <HttpError 403 when requesting https://youtube.googleapis.com/youtube/v3/search?part=snippet&q=Realest+%28with+Eminem%29+Ez+Mil&type=video&maxResults=1&alt=json returned "The request cannot be completed because you have exceeded your <a href="/youtube/v3/getting-started#quota">quota</a>.". Details: "[{'message': 'The request cannot be completed because you have exceeded your <a href="/youtube/v3/getting-started#quota">quota</a>.', 'domain': 'youtube.quota', 'reason': 'quotaExceeded'}]">
2026-05-13 10:47:22,226 - backend.services.youtube_service - INFO - Searching YouTube for: Infinite Eminem
2026-05-13 10:47:22,784 - backend.services.youtube_service - ERROR - YouTube Data API daily quota or project cap exceeded — waiting will not fix this until quota resets (usually midnight Pacific) or you raise the quota in Google Cloud Console. <HttpError 403 when requesting https://youtube.googleapis.com/youtube/v3/search?part=snippet&q=Infinite+Eminem&type=video&maxResults=1&alt=json returned "The request cannot be completed because you have exceeded your <a href="/youtube/v3/getting-started#quota">quota</a>.". Details: "[{'message': 'The request cannot be completed because you have exceeded your <a href="/youtube/v3/getting-started#quota">quota</a>.', 'domain': 'youtube.quota', 'reason': 'quotaExceeded'}]">
2026-05-13 10:47:22,784 - backend.services.youtube_service - ERROR - Failed to search video: <HttpError 403 when requesting https://youtube.googleapis.com/youtube/v3/search?part=snippet&q=Infinite+Eminem&type=video&maxResults=1&alt=json returned "The request cannot be completed because you have exceeded your <a href="/youtube/v3/getting-started#quota">quota</a>.". Details: "[{'message': 'The request cannot be completed because you have exceeded your <a href="/youtube/v3/getting-started#quota">quota</a>.', 'domain': 'youtube.quota', 'reason': 'quotaExceeded'}]">
2026-05-13 10:47:22,784 - backend.services.youtube_service - INFO - Searching YouTube for: Get Lucky (feat. Pharrell Williams and Nile Rodgers) Daft Punk
2026-05-13 10:47:23,335 - backend.services.youtube_service - ERROR - YouTube Data API daily quota or project cap exceeded — waiting will not fix this until quota resets (usually midnight Pacific) or you raise the quota in Google Cloud Console. <HttpError 403 when requesting https://youtube.googleapis.com/youtube/v3/search?part=snippet&q=Get+Lucky+%28feat.+Pharrell+Williams+and+Nile+Rodgers%29+Daft+Punk&type=video&maxResults=1&alt=json returned "The request cannot be completed because you have exceeded your <a href="/youtube/v3/getting-started#quota">quota</a>.". Details: "[{'message': 'The request cannot be completed because you have exceeded your <a href="/youtube/v3/getting-started#quota">quota</a>.', 'domain': 'youtube.quota', 'reason': 'quotaExceeded'}]">
2026-05-13 10:47:23,335 - backend.services.youtube_service - ERROR - Failed to search video: <HttpError 403 when requesting https://youtube.googleapis.com/youtube/v3/search?part=snippet&q=Get+Lucky+%28feat.+Pharrell+Williams+and+Nile+Rodgers%29+Daft+Punk&type=video&maxResults=1&alt=json returned "The request cannot be completed because you have exceeded your <a href="/youtube/v3/getting-started#quota">quota</a>.". Details: "[{'message': 'The request cannot be completed because you have exceeded your <a href="/youtube/v3/getting-started#quota">quota</a>.', 'domain': 'youtube.quota', 'reason': 'quotaExceeded'}]">
2026-05-22 00:19:14,949 - backend.services.spotify_service - INFO - Fetching user playlists from Spotify...
2026-05-22 00:19:15,223 - backend.services.spotify_service - DEBUG - Received 5 playlists
2026-05-22 00:19:15,552 - backend.services.youtube_service - INFO - Listing user's YouTube playlists...
2026-05-22 00:19:16,742 - backend.services.youtube_service - DEBUG - Listed 15 playlists (incl. system lists)
